[2026-01-02 19:04:32] === Iniciando verificación automática ===
[2026-01-02 19:04:32] Cambios detectados, creando commit...
[main b3c6a13] Auto-commit: 5 nuevo(s), 10 eliminado(s)
 Committer: Ana Manzanares <anamanzanares@MacBook-Pro-de-Ana.local>
Your name and email address were configured automatically based
on your username and hostname. Please check that they are accurate.
You can suppress this message by setting them explicitly:

    git config --global user.name "Your Name"
    git config --global user.email you@example.com

After doing this, you may fix the identity used for this commit with:

    git commit --amend --reset-author

 23 files changed, 95 insertions(+), 123 deletions(-)
 create mode 100644 .auto-commit-stderr.log
 create mode 100644 .auto-commit-stdout.log
 create mode 100644 .auto-commit.log
 create mode 100644 PORTFOLIO/BOM/BOM PROJECT (arrastrado).pdf
 create mode 100644 PORTFOLIO/BOM/bocetos.pdf
 create mode 100644 PORTFOLIO/BOM/logo.pdf
 create mode 100644 PORTFOLIO/BOM/plano-planta.pdf
 create mode 100644 "PORTFOLIO/BOM/plano-t\303\251cnico-mostrador.pdf"
 create mode 100644 PORTFOLIO/BOM/render-1.png
 create mode 100644 PORTFOLIO/BOM/render-2.png
 create mode 100644 PORTFOLIO/BOM/seccion-2.pdf
 create mode 100644 PORTFOLIO/BOM/secciones.pdf
 delete mode 100644 PORTFOLIO/MAS CREATION RED.pdf
 delete mode 100644 PORTFOLIO/MAS-CREATION/alzado-color-a.pdf
 delete mode 100644 PORTFOLIO/MAS-CREATION/alzado-color-b.pdf
 delete mode 100644 PORTFOLIO/MAS-CREATION/alzados-transv-color.pdf
 delete mode 100644 PORTFOLIO/MAS-CREATION/bocetos.pdf
 delete mode 100755 PORTFOLIO/MAS-CREATION/convert_pdfs_to_images.sh
 delete mode 100644 PORTFOLIO/MAS-CREATION/info-mas-creation
 delete mode 100644 PORTFOLIO/MAS-CREATION/moodboard.pdf
 delete mode 100644 PORTFOLIO/MAS-CREATION/plano-acabados-color.pdf
 delete mode 100644 PORTFOLIO/MAS-CREATION/plano-cubierta-color.pdf
 create mode 100755 auto-commit-daemon.sh
[2026-01-02 19:04:34] ✅ Commit creado exitosamente
[1;33m🔍 Verificando cambios pendientes...[0m
[1;33m📝 Cambios detectados. Creando commit automático...[0m
[main 140d635] Auto-commit: Actualización automática del portfolio
 Committer: Ana Manzanares <anamanzanares@MacBook-Pro-de-Ana.local>
Your name and email address were configured automatically based
on your username and hostname. Please check that they are accurate.
You can suppress this message by setting them explicitly:

    git config --global user.name "Your Name"
    git config --global user.email you@example.com

After doing this, you may fix the identity used for this commit with:

    git commit --amend --reset-author

 1 file changed, 40 insertions(+)
[0;32m✅ Commit automático creado exitosamente[0m
To https://github.com/anamanz7/my-life.git
   f491209..b3c6a13  main -> main
[2026-01-02 19:04:37] ✅ Push realizado exitosamente a GitHub
[2026-01-02 19:04:37] === Verificación completada ===
[2026-01-02 19:11:50] === Iniciando verificación automática ===
[2026-01-02 19:11:50] Cambios detectados, creando commit...
[main bae34c7] Auto-commit: 1 modificado(s), 4 nuevo(s), 9 eliminado(s)
 Committer: Ana Manzanares <anamanzanares@MacBook-Pro-de-Ana.local>
Your name and email address were configured automatically based
on your username and hostname. Please check that they are accurate.
You can suppress this message by setting them explicitly:

    git config --global user.name "Your Name"
    git config --global user.email you@example.com

After doing this, you may fix the identity used for this commit with:

    git commit --amend --reset-author

 16 files changed, 223 insertions(+)
 delete mode 100644 PORTFOLIO/BOM/BOM PROJECT (arrastrado).pdf
 create mode 100644 PORTFOLIO/BOM/imagenes/BOM PROJECT (arrastrado)_page-0001.jpg
 rename PORTFOLIO/BOM/{ => imagenes}/render-1.png (100%)
 rename PORTFOLIO/BOM/{ => imagenes}/render-2.png (100%)
 create mode 100644 PORTFOLIO/BOM/imagenes/render-escaparate-1-ok.png
 create mode 100644 PORTFOLIO/BOM/imagenes/render-escaparate-1.jpg
 create mode 100644 PORTFOLIO/BOM/imagenes/render-escaparate-2.png
 rename PORTFOLIO/BOM/{ => planos}/bocetos.pdf (100%)
 rename PORTFOLIO/BOM/{ => planos}/logo.pdf (100%)
 rename PORTFOLIO/BOM/{ => planos}/plano-planta.pdf (100%)
 rename "PORTFOLIO/BOM/plano-t\303\251cnico-mostrador.pdf" => "PORTFOLIO/BOM/planos/plano-t\303\251cnico-mostrador.pdf" (100%)
 rename PORTFOLIO/BOM/{ => planos}/seccion-2.pdf (100%)
 rename PORTFOLIO/BOM/{ => planos}/secciones.pdf (100%)
 create mode 100755 manage-autocommit.sh
 create mode 100644 test-autocommit.txt
[2026-01-02 19:11:51] ✅ Commit creado exitosamente
[1;33m🔍 Verificando cambios pendientes...[0m
[1;33m📝 Cambios detectados. Creando commit automático...[0m
[main dae84de] Auto-commit: Actualización automática del portfolio
 Committer: Ana Manzanares <anamanzanares@MacBook-Pro-de-Ana.local>
Your name and email address were configured automatically based
on your username and hostname. Please check that they are accurate.
You can suppress this message by setting them explicitly:

    git config --global user.name "Your Name"
    git config --global user.email you@example.com

After doing this, you may fix the identity used for this commit with:

    git commit --amend --reset-author

 1 file changed, 32 insertions(+)
[0;32m✅ Commit automático creado exitosamente[0m
To https://github.com/anamanz7/my-life.git
   140d635..bae34c7  main -> main
[2026-01-02 19:11:53] ✅ Push realizado exitosamente a GitHub
[2026-01-02 19:11:53] === Verificación completada ===
[2026-01-02 19:14:37] === Iniciando verificación automática ===
[2026-01-02 19:14:37] Cambios detectados, creando commit...
[main 441546d] Auto-commit: 3 modificado(s), 2 nuevo(s)
 Committer: Ana Manzanares <anamanzanares@MacBook-Pro-de-Ana.local>
Your name and email address were configured automatically based
on your username and hostname. Please check that they are accurate.
You can suppress this message by setting them explicitly:

    git config --global user.name "Your Name"
    git config --global user.email you@example.com

After doing this, you may fix the identity used for this commit with:

    git commit --amend --reset-author

 6 files changed, 400 insertions(+), 66 deletions(-)
 create mode 100644 INICIO-RAPIDO.md
 create mode 100755 PORTFOLIO/BOM/compile_bom_project.py
[2026-01-02 19:14:38] ✅ Commit creado exitosamente
[1;33m🔍 Verificando cambios pendientes...[0m
[1;33m📝 Cambios detectados. Creando commit automático...[0m
[main c1564d8] Auto-commit: Actualización automática del portfolio
 Committer: Ana Manzanares <anamanzanares@MacBook-Pro-de-Ana.local>
Your name and email address were configured automatically based
on your username and hostname. Please check that they are accurate.
You can suppress this message by setting them explicitly:

    git config --global user.name "Your Name"
    git config --global user.email you@example.com

After doing this, you may fix the identity used for this commit with:

    git commit --amend --reset-author

 1 file changed, 19 insertions(+)
[0;32m✅ Commit automático creado exitosamente[0m
To https://github.com/anamanz7/my-life.git
   dae84de..441546d  main -> main
[2026-01-02 19:14:39] ✅ Push realizado exitosamente a GitHub
[2026-01-02 19:14:39] === Verificación completada ===
[2026-01-02 19:24:39] === Iniciando verificación automática ===
[2026-01-02 19:24:40] Cambios detectados, creando commit...
[main f08173d] Auto-commit: 1 modificado(s)
 Committer: Ana Manzanares <anamanzanares@MacBook-Pro-de-Ana.local>
Your name and email address were configured automatically based
on your username and hostname. Please check that they are accurate.
You can suppress this message by setting them explicitly:

    git config --global user.name "Your Name"
    git config --global user.email you@example.com

After doing this, you may fix the identity used for this commit with:

    git commit --amend --reset-author

 2 files changed, 6 insertions(+)
[2026-01-02 19:24:40] ✅ Commit creado exitosamente
[1;33m🔍 Verificando cambios pendientes...[0m
[1;33m📝 Cambios detectados. Creando commit automático...[0m
[main c1acb00] Auto-commit: Actualización automática del portfolio
 Committer: Ana Manzanares <anamanzanares@MacBook-Pro-de-Ana.local>
Your name and email address were configured automatically based
on your username and hostname. Please check that they are accurate.
You can suppress this message by setting them explicitly:

    git config --global user.name "Your Name"
    git config --global user.email you@example.com

After doing this, you may fix the identity used for this commit with:

    git commit --amend --reset-author

 1 file changed, 17 insertions(+)
[0;32m✅ Commit automático creado exitosamente[0m
To https://github.com/anamanz7/my-life.git
   f781c48..f08173d  main -> main
[2026-01-02 19:24:43] ✅ Push realizado exitosamente a GitHub
[2026-01-02 19:24:43] === Verificación completada ===
[2026-01-02 19:34:43] === Iniciando verificación automática ===
[2026-01-02 19:34:43] Cambios detectados, creando commit...
[main b2b4982] Auto-commit: 2 modificado(s)
 Committer: Ana Manzanares <anamanzanares@MacBook-Pro-de-Ana.local>
Your name and email address were configured automatically based
on your username and hostname. Please check that they are accurate.
You can suppress this message by setting them explicitly:

    git config --global user.name "Your Name"
    git config --global user.email you@example.com

After doing this, you may fix the identity used for this commit with:

    git commit --amend --reset-author

 3 files changed, 11 insertions(+), 1 deletion(-)
[2026-01-02 19:34:44] ✅ Commit creado exitosamente
[1;33m🔍 Verificando cambios pendientes...[0m
[1;33m📝 Cambios detectados. Creando commit automático...[0m
[main edd907d] Auto-commit: Actualización automática del portfolio
 Committer: Ana Manzanares <anamanzanares@MacBook-Pro-de-Ana.local>
Your name and email address were configured automatically based
on your username and hostname. Please check that they are accurate.
You can suppress this message by setting them explicitly:

    git config --global user.name "Your Name"
    git config --global user.email you@example.com

After doing this, you may fix the identity used for this commit with:

    git commit --amend --reset-author

 1 file changed, 17 insertions(+)
[0;32m✅ Commit automático creado exitosamente[0m
To https://github.com/anamanz7/my-life.git
   16245a1..b2b4982  main -> main
[2026-01-02 19:34:45] ✅ Push realizado exitosamente a GitHub
[2026-01-02 19:34:45] === Verificación completada ===
[2026-01-02 19:44:45] === Iniciando verificación automática ===
[2026-01-02 19:44:45] Cambios detectados, creando commit...
[main 82a905c] Auto-commit: 3 modificado(s)
 Committer: Ana Manzanares <anamanzanares@MacBook-Pro-de-Ana.local>
Your name and email address were configured automatically based
on your username and hostname. Please check that they are accurate.
You can suppress this message by setting them explicitly:

    git config --global user.name "Your Name"
    git config --global user.email you@example.com

After doing this, you may fix the identity used for this commit with:

    git commit --amend --reset-author

 4 files changed, 29 insertions(+), 19 deletions(-)
[2026-01-02 19:44:46] ✅ Commit creado exitosamente
[1;33m🔍 Verificando cambios pendientes...[0m
[1;33m📝 Cambios detectados. Creando commit automático...[0m
[main 08c9272] Auto-commit: Actualización automática del portfolio
 Committer: Ana Manzanares <anamanzanares@MacBook-Pro-de-Ana.local>
Your name and email address were configured automatically based
on your username and hostname. Please check that they are accurate.
You can suppress this message by setting them explicitly:

    git config --global user.name "Your Name"
    git config --global user.email you@example.com

After doing this, you may fix the identity used for this commit with:

    git commit --amend --reset-author

 1 file changed, 17 insertions(+)
[0;32m✅ Commit automático creado exitosamente[0m
To https://github.com/anamanz7/my-life.git
   edd907d..82a905c  main -> main
[2026-01-02 19:44:47] ✅ Push realizado exitosamente a GitHub
[2026-01-02 19:44:47] === Verificación completada ===
[2026-01-02 20:18:02] === Iniciando verificación automática ===
[2026-01-02 20:18:02] Cambios detectados, creando commit...
[main d3431e4] Auto-commit: 2 modificado(s)
 Committer: Ana Manzanares <anamanzanares@MacBook-Pro-de-Ana.local>
Your name and email address were configured automatically based
on your username and hostname. Please check that they are accurate.
You can suppress this message by setting them explicitly:

    git config --global user.name "Your Name"
    git config --global user.email you@example.com

After doing this, you may fix the identity used for this commit with:

    git commit --amend --reset-author

 3 files changed, 60 insertions(+), 9 deletions(-)
[2026-01-02 20:18:02] ✅ Commit creado exitosamente
[1;33m🔍 Verificando cambios pendientes...[0m
[1;33m📝 Cambios detectados. Creando commit automático...[0m
[main 1eac463] Auto-commit: Actualización automática del portfolio
 Committer: Ana Manzanares <anamanzanares@MacBook-Pro-de-Ana.local>
Your name and email address were configured automatically based
on your username and hostname. Please check that they are accurate.
You can suppress this message by setting them explicitly:

    git config --global user.name "Your Name"
    git config --global user.email you@example.com

After doing this, you may fix the identity used for this commit with:

    git commit --amend --reset-author

 1 file changed, 17 insertions(+)
[0;32m✅ Commit automático creado exitosamente[0m
To https://github.com/anamanz7/my-life.git
   08c9272..d3431e4  main -> main
[2026-01-02 20:18:03] ✅ Push realizado exitosamente a GitHub
[2026-01-02 20:18:03] === Verificación completada ===
[2026-01-02 20:25:36] === Iniciando verificación automática ===
[2026-01-02 20:25:36] Cambios detectados, creando commit...
[main c4e5272] Auto-commit: 3 modificado(s)
 Committer: Ana Manzanares <anamanzanares@MacBook-Pro-de-Ana.local>
Your name and email address were configured automatically based
on your username and hostname. Please check that they are accurate.
You can suppress this message by setting them explicitly:

    git config --global user.name "Your Name"
    git config --global user.email you@example.com

After doing this, you may fix the identity used for this commit with:

    git commit --amend --reset-author

 3 files changed, 37 insertions(+), 6 deletions(-)
[2026-01-02 20:25:36] ✅ Commit creado exitosamente
[1;33m🔍 Verificando cambios pendientes...[0m
[1;33m📝 Cambios detectados. Creando commit automático...[0m
[main e41f151] Auto-commit: Actualización automática del portfolio
 Committer: Ana Manzanares <anamanzanares@MacBook-Pro-de-Ana.local>
Your name and email address were configured automatically based
on your username and hostname. Please check that they are accurate.
You can suppress this message by setting them explicitly:

    git config --global user.name "Your Name"
    git config --global user.email you@example.com

After doing this, you may fix the identity used for this commit with:

    git commit --amend --reset-author

 1 file changed, 17 insertions(+)
[0;32m✅ Commit automático creado exitosamente[0m
To https://github.com/anamanz7/my-life.git
   1eac463..c4e5272  main -> main
[2026-01-02 20:25:38] ✅ Push realizado exitosamente a GitHub
[2026-01-02 20:25:38] === Verificación completada ===
[2026-01-02 20:28:04] === Iniciando verificación automática ===
[2026-01-02 20:28:04] Cambios detectados, creando commit...
[main 29427c2] Auto-commit: 1 modificado(s)
 Committer: Ana Manzanares <anamanzanares@MacBook-Pro-de-Ana.local>
Your name and email address were configured automatically based
on your username and hostname. Please check that they are accurate.
You can suppress this message by setting them explicitly:

    git config --global user.name "Your Name"
    git config --global user.email you@example.com

After doing this, you may fix the identity used for this commit with:

    git commit --amend --reset-author

 2 files changed, 6 insertions(+)
[2026-01-02 20:28:04] ✅ Commit creado exitosamente
[1;33m🔍 Verificando cambios pendientes...[0m
[1;33m📝 Cambios detectados. Creando commit automático...[0m
[main 3f586aa] Auto-commit: Actualización automática del portfolio
 Committer: Ana Manzanares <anamanzanares@MacBook-Pro-de-Ana.local>
Your name and email address were configured automatically based
on your username and hostname. Please check that they are accurate.
You can suppress this message by setting them explicitly:

    git config --global user.name "Your Name"
    git config --global user.email you@example.com

After doing this, you may fix the identity used for this commit with:

    git commit --amend --reset-author

 1 file changed, 17 insertions(+)
[0;32m✅ Commit automático creado exitosamente[0m
To https://github.com/anamanz7/my-life.git
   e41f151..29427c2  main -> main
[2026-01-02 20:28:06] ✅ Push realizado exitosamente a GitHub
[2026-01-02 20:28:06] === Verificación completada ===
[2026-01-02 20:38:06] === Iniciando verificación automática ===
[2026-01-02 20:38:06] Cambios detectados, creando commit...
[main 6ae8116] Auto-commit: 1 modificado(s), 2 nuevo(s), 1 eliminado(s)
 Committer: Ana Manzanares <anamanzanares@MacBook-Pro-de-Ana.local>
Your name and email address were configured automatically based
on your username and hostname. Please check that they are accurate.
You can suppress this message by setting them explicitly:

    git config --global user.name "Your Name"
    git config --global user.email you@example.com

After doing this, you may fix the identity used for this commit with:

    git commit --amend --reset-author

 25 files changed, 426 insertions(+), 77 deletions(-)
 create mode 100644 PORTFOLIO/bom_planos/01_portada.jpg
 create mode 100644 PORTFOLIO/bom_planos/07_alzado_proyectado.jpg
 create mode 100644 PORTFOLIO/bom_planos/08_planta_proyectada.jpg
 create mode 100644 PORTFOLIO/bom_planos/09_secciones_longitudinales.jpg
 create mode 100644 PORTFOLIO/bom_planos/10_seccion_transversal.jpg
 create mode 100644 PORTFOLIO/bom_planos/11_planta_mobiliario.jpg
 create mode 100644 PORTFOLIO/bom_planos/12_secciones_mobiliario_A_C.jpg
 create mode 100644 PORTFOLIO/bom_planos/13_seccion_mobiliario_B.jpg
 create mode 100644 PORTFOLIO/bom_planos/18_detalle_taller.jpg
 create mode 100644 PORTFOLIO/bom_planos/19_detalle_constructivo.jpg
 create mode 100644 PORTFOLIO/bom_planos/20_planta_mobiliario_color.jpg
 create mode 100644 PORTFOLIO/bom_planos/23_pavimentos.jpg
 create mode 100644 PORTFOLIO/bom_planos/27_planta_mobiliario_equipamiento.jpg
 create mode 100644 PORTFOLIO/bom_planos/28_planta_iluminaria.jpg
 create mode 100644 PORTFOLIO/bom_planos/README.md
 create mode 100644 PORTFOLIO/bom_planos/galeria.html
 create mode 100644 PORTFOLIO/bom_planos/render_01.jpg
 create mode 100644 PORTFOLIO/bom_planos/render_02.jpg
 create mode 100644 PORTFOLIO/bom_planos/render_03.jpg
 create mode 100644 PORTFOLIO/bom_planos/render_04.jpg
 create mode 100644 PORTFOLIO/bom_planos/render_05.jpg
 create mode 100644 PORTFOLIO/bom_planos/render_06.jpg
 create mode 100755 PORTFOLIO/convert_bom_pdf.py
 delete mode 100755 PORTFOLIO/convert_pdf_to_images.sh
[2026-01-02 20:38:06] ✅ Commit creado exitosamente
[1;33m🔍 Verificando cambios pendientes...[0m
[1;33m📝 Cambios detectados. Creando commit automático...[0m
[main 737cfa6] Auto-commit: Actualización automática del portfolio
 Committer: Ana Manzanares <anamanzanares@MacBook-Pro-de-Ana.local>
Your name and email address were configured automatically based
on your username and hostname. Please check that they are accurate.
You can suppress this message by setting them explicitly:

    git config --global user.name "Your Name"
    git config --global user.email you@example.com

After doing this, you may fix the identity used for this commit with:

    git commit --amend --reset-author

 1 file changed, 41 insertions(+)
[0;32m✅ Commit automático creado exitosamente[0m
To https://github.com/anamanz7/my-life.git
   3f586aa..6ae8116  main -> main
[2026-01-02 20:38:09] ✅ Push realizado exitosamente a GitHub
[2026-01-02 20:38:09] === Verificación completada ===
[2026-01-02 20:48:09] === Iniciando verificación automática ===
[2026-01-02 20:48:09] Cambios detectados, creando commit...
[main 128333e] Auto-commit: 1 modificado(s)
 Committer: Ana Manzanares <anamanzanares@MacBook-Pro-de-Ana.local>
Your name and email address were configured automatically based
on your username and hostname. Please check that they are accurate.
You can suppress this message by setting them explicitly:

    git config --global user.name "Your Name"
    git config --global user.email you@example.com

After doing this, you may fix the identity used for this commit with:

    git commit --amend --reset-author

 2 files changed, 25 insertions(+)
[2026-01-02 20:48:09] ✅ Commit creado exitosamente
[1;33m🔍 Verificando cambios pendientes...[0m
[1;33m📝 Cambios detectados. Creando commit automático...[0m
[main 660caa6] Auto-commit: Actualización automática del portfolio
 Committer: Ana Manzanares <anamanzanares@MacBook-Pro-de-Ana.local>
Your name and email address were configured automatically based
on your username and hostname. Please check that they are accurate.
You can suppress this message by setting them explicitly:

    git config --global user.name "Your Name"
    git config --global user.email you@example.com

After doing this, you may fix the identity used for this commit with:

    git commit --amend --reset-author

 1 file changed, 17 insertions(+)
[0;32m✅ Commit automático creado exitosamente[0m
To https://github.com/anamanz7/my-life.git
   737cfa6..128333e  main -> main
[2026-01-02 20:48:11] ✅ Push realizado exitosamente a GitHub
[2026-01-02 20:48:11] === Verificación completada ===
[2026-01-03 01:44:40] === Iniciando verificación automática ===
[2026-01-03 01:44:40] Cambios detectados, creando commit...
[main 6010010] Auto-commit: 2 modificado(s), 1 nuevo(s)
 Committer: Ana Manzanares <anamanzanares@MacBook-Pro-de-Ana.local>
Your name and email address were configured automatically based
on your username and hostname. Please check that they are accurate.
You can suppress this message by setting them explicitly:

    git config --global user.name "Your Name"
    git config --global user.email you@example.com

After doing this, you may fix the identity used for this commit with:

    git commit --amend --reset-author

 4 files changed, 166 insertions(+), 10 deletions(-)
 create mode 100644 PORTFOLIO/bom_planos/CHANGELOG.md
[2026-01-03 01:44:40] ✅ Commit creado exitosamente
[1;33m🔍 Verificando cambios pendientes...[0m
[1;33m📝 Cambios detectados. Creando commit automático...[0m
[main a056ab9] Auto-commit: Actualización automática del portfolio
 Committer: Ana Manzanares <anamanzanares@MacBook-Pro-de-Ana.local>
Your name and email address were configured automatically based
on your username and hostname. Please check that they are accurate.
You can suppress this message by setting them explicitly:

    git config --global user.name "Your Name"
    git config --global user.email you@example.com

After doing this, you may fix the identity used for this commit with:

    git commit --amend --reset-author

 1 file changed, 18 insertions(+)
[0;32m✅ Commit automático creado exitosamente[0m
To https://github.com/anamanz7/my-life.git
   660caa6..6010010  main -> main
[2026-01-03 01:44:42] ✅ Push realizado exitosamente a GitHub
[2026-01-03 01:44:42] === Verificación completada ===
[2026-01-03 01:54:42] === Iniciando verificación automática ===
[2026-01-03 01:54:42] Cambios detectados, creando commit...
[main 3e44a6f] Auto-commit: 2 modificado(s), 2 eliminado(s)
 Committer: Ana Manzanares <anamanzanares@MacBook-Pro-de-Ana.local>
Your name and email address were configured automatically based
on your username and hostname. Please check that they are accurate.
You can suppress this message by setting them explicitly:

    git config --global user.name "Your Name"
    git config --global user.email you@example.com

After doing this, you may fix the identity used for this commit with:

    git commit --amend --reset-author

 5 files changed, 27 insertions(+), 28 deletions(-)
 delete mode 100644 PORTFOLIO/BOM/imagenes/BOM PROJECT (arrastrado)_page-0001.jpg
 delete mode 100644 PORTFOLIO/BOM/imagenes/render-escaparate-1.jpg
[2026-01-03 01:54:43] ✅ Commit creado exitosamente
[1;33m🔍 Verificando cambios pendientes...[0m
[1;33m📝 Cambios detectados. Creando commit automático...[0m
[main 7ecfbaf] Auto-commit: Actualización automática del portfolio
 Committer: Ana Manzanares <anamanzanares@MacBook-Pro-de-Ana.local>
Your name and email address were configured automatically based
on your username and hostname. Please check that they are accurate.
You can suppress this message by setting them explicitly:

    git config --global user.name "Your Name"
    git config --global user.email you@example.com

After doing this, you may fix the identity used for this commit with:

    git commit --amend --reset-author

 1 file changed, 19 insertions(+)
[0;32m✅ Commit automático creado exitosamente[0m
To https://github.com/anamanz7/my-life.git
   a056ab9..3e44a6f  main -> main
[2026-01-03 01:54:44] ✅ Push realizado exitosamente a GitHub
[2026-01-03 01:54:44] === Verificación completada ===
[2026-01-03 16:13:22] === Iniciando verificación automática ===
[2026-01-03 16:13:24] Cambios detectados, creando commit...
[main ce1f61b] Auto-commit: 1 modificado(s)
 Committer: Ana Manzanares <anamanzanares@MacBook-Pro-de-Ana.local>
Your name and email address were configured automatically based
on your username and hostname. Please check that they are accurate.
You can suppress this message by setting them explicitly:

    git config --global user.name "Your Name"
    git config --global user.email you@example.com

After doing this, you may fix the identity used for this commit with:

    git commit --amend --reset-author

 2 files changed, 25 insertions(+)
[2026-01-03 16:13:24] ✅ Commit creado exitosamente
[1;33m🔍 Verificando cambios pendientes...[0m
[1;33m📝 Cambios detectados. Creando commit automático...[0m
[main 4206da1] Auto-commit: Actualización automática del portfolio
 Committer: Ana Manzanares <anamanzanares@MacBook-Pro-de-Ana.local>
Your name and email address were configured automatically based
on your username and hostname. Please check that they are accurate.
You can suppress this message by setting them explicitly:

    git config --global user.name "Your Name"
    git config --global user.email you@example.com

After doing this, you may fix the identity used for this commit with:

    git commit --amend --reset-author

 1 file changed, 17 insertions(+)
[0;32m✅ Commit automático creado exitosamente[0m
To https://github.com/anamanz7/my-life.git
   7ecfbaf..ce1f61b  main -> main
[2026-01-03 16:13:28] ✅ Push realizado exitosamente a GitHub
[2026-01-03 16:13:28] === Verificación completada ===
[2026-01-03 16:23:28] === Iniciando verificación automática ===
[2026-01-03 16:23:29] Cambios detectados, creando commit...
[main fca233b] Auto-commit: 1 modificado(s)
 Committer: Ana Manzanares <anamanzanares@MacBook-Pro-de-Ana.local>
Your name and email address were configured automatically based
on your username and hostname. Please check that they are accurate.
You can suppress this message by setting them explicitly:

    git config --global user.name "Your Name"
    git config --global user.email you@example.com

After doing this, you may fix the identity used for this commit with:

    git commit --amend --reset-author

 2 files changed, 25 insertions(+)
[2026-01-03 16:23:29] ✅ Commit creado exitosamente
[1;33m🔍 Verificando cambios pendientes...[0m
[1;33m📝 Cambios detectados. Creando commit automático...[0m
[main 85c063f] Auto-commit: Actualización automática del portfolio
 Committer: Ana Manzanares <anamanzanares@MacBook-Pro-de-Ana.local>
Your name and email address were configured automatically based
on your username and hostname. Please check that they are accurate.
You can suppress this message by setting them explicitly:

    git config --global user.name "Your Name"
    git config --global user.email you@example.com

After doing this, you may fix the identity used for this commit with:

    git commit --amend --reset-author

 1 file changed, 17 insertions(+)
[0;32m✅ Commit automático creado exitosamente[0m
To https://github.com/anamanz7/my-life.git
   4206da1..fca233b  main -> main
[2026-01-03 16:23:32] ✅ Push realizado exitosamente a GitHub
[2026-01-03 16:23:32] === Verificación completada ===
[2026-01-03 16:33:35] === Iniciando verificación automática ===
[2026-01-03 16:33:35] Cambios detectados, creando commit...
[main 331f148] Auto-commit: 1 modificado(s)
 Committer: Ana Manzanares <anamanzanares@MacBook-Pro-de-Ana.local>
Your name and email address were configured automatically based
on your username and hostname. Please check that they are accurate.
You can suppress this message by setting them explicitly:

    git config --global user.name "Your Name"
    git config --global user.email you@example.com

After doing this, you may fix the identity used for this commit with:

    git commit --amend --reset-author

 2 files changed, 25 insertions(+)
[2026-01-03 16:33:35] ✅ Commit creado exitosamente
[1;33m🔍 Verificando cambios pendientes...[0m
[1;33m📝 Cambios detectados. Creando commit automático...[0m
[main c403e55] Auto-commit: Actualización automática del portfolio
 Committer: Ana Manzanares <anamanzanares@MacBook-Pro-de-Ana.local>
Your name and email address were configured automatically based
on your username and hostname. Please check that they are accurate.
You can suppress this message by setting them explicitly:

    git config --global user.name "Your Name"
    git config --global user.email you@example.com

After doing this, you may fix the identity used for this commit with:

    git commit --amend --reset-author

 1 file changed, 17 insertions(+)
[0;32m✅ Commit automático creado exitosamente[0m
To https://github.com/anamanz7/my-life.git
   85c063f..331f148  main -> main
[2026-01-03 16:33:37] ✅ Push realizado exitosamente a GitHub
[2026-01-03 16:33:37] === Verificación completada ===
[2026-01-03 16:43:37] === Iniciando verificación automática ===
[2026-01-03 16:43:37] Cambios detectados, creando commit...
[main 920e0d7] Auto-commit: 1 modificado(s), 6 nuevo(s), 6 eliminado(s)
 Committer: Ana Manzanares <anamanzanares@MacBook-Pro-de-Ana.local>
Your name and email address were configured automatically based
on your username and hostname. Please check that they are accurate.
You can suppress this message by setting them explicitly:

    git config --global user.name "Your Name"
    git config --global user.email you@example.com

After doing this, you may fix the identity used for this commit with:

    git commit --amend --reset-author

 13 files changed, 21 insertions(+)
 create mode 100644 PORTFOLIO/BOM/planos/bocetos.jpg
 delete mode 100644 PORTFOLIO/BOM/planos/bocetos.pdf
 create mode 100644 PORTFOLIO/BOM/planos/logo.jpg
 delete mode 100644 PORTFOLIO/BOM/planos/logo.pdf
 create mode 100644 PORTFOLIO/BOM/planos/plano-planta.jpg
 delete mode 100644 PORTFOLIO/BOM/planos/plano-planta.pdf
 create mode 100644 "PORTFOLIO/BOM/planos/plano-t\303\251cnico-mostrador.jpg"
 delete mode 100644 "PORTFOLIO/BOM/planos/plano-t\303\251cnico-mostrador.pdf"
 create mode 100644 PORTFOLIO/BOM/planos/seccion-2.jpg
 delete mode 100644 PORTFOLIO/BOM/planos/seccion-2.pdf
 create mode 100644 PORTFOLIO/BOM/planos/secciones.jpg
 delete mode 100644 PORTFOLIO/BOM/planos/secciones.pdf
[2026-01-03 16:43:37] ✅ Commit creado exitosamente
[1;33m🔍 Verificando cambios pendientes...[0m
[1;33m📝 Cambios detectados. Creando commit automático...[0m
[main a5372af] Auto-commit: Actualización automática del portfolio
 Committer: Ana Manzanares <anamanzanares@MacBook-Pro-de-Ana.local>
Your name and email address were configured automatically based
on your username and hostname. Please check that they are accurate.
You can suppress this message by setting them explicitly:

    git config --global user.name "Your Name"
    git config --global user.email you@example.com

After doing this, you may fix the identity used for this commit with:

    git commit --amend --reset-author

 1 file changed, 29 insertions(+)
[0;32m✅ Commit automático creado exitosamente[0m
To https://github.com/anamanz7/my-life.git
   c403e55..920e0d7  main -> main
[2026-01-03 16:43:40] ✅ Push realizado exitosamente a GitHub
[2026-01-03 16:43:40] === Verificación completada ===
[2026-01-03 16:53:40] === Iniciando verificación automática ===
[2026-01-03 16:53:40] Cambios detectados, creando commit...
[main 07738f3] Auto-commit: 2 modificado(s)
 Committer: Ana Manzanares <anamanzanares@MacBook-Pro-de-Ana.local>
Your name and email address were configured automatically based
on your username and hostname. Please check that they are accurate.
You can suppress this message by setting them explicitly:

    git config --global user.name "Your Name"
    git config --global user.email you@example.com

After doing this, you may fix the identity used for this commit with:

    git commit --amend --reset-author

 3 files changed, 53 insertions(+), 73 deletions(-)
[2026-01-03 16:53:41] ✅ Commit creado exitosamente
[1;33m🔍 Verificando cambios pendientes...[0m
[1;33m📝 Cambios detectados. Creando commit automático...[0m
[main 61cdf4b] Auto-commit: Actualización automática del portfolio
 Committer: Ana Manzanares <anamanzanares@MacBook-Pro-de-Ana.local>
Your name and email address were configured automatically based
on your username and hostname. Please check that they are accurate.
You can suppress this message by setting them explicitly:

    git config --global user.name "Your Name"
    git config --global user.email you@example.com

After doing this, you may fix the identity used for this commit with:

    git commit --amend --reset-author

 1 file changed, 17 insertions(+)
[0;32m✅ Commit automático creado exitosamente[0m
To https://github.com/anamanz7/my-life.git
   a5372af..07738f3  main -> main
[2026-01-03 16:53:43] ✅ Push realizado exitosamente a GitHub
[2026-01-03 16:53:43] === Verificación completada ===
[2026-01-03 17:03:43] === Iniciando verificación automática ===
[2026-01-03 17:03:43] Cambios detectados, creando commit...
[main d67e7cd] Auto-commit: 1 modificado(s)
 Committer: Ana Manzanares <anamanzanares@MacBook-Pro-de-Ana.local>
Your name and email address were configured automatically based
on your username and hostname. Please check that they are accurate.
You can suppress this message by setting them explicitly:

    git config --global user.name "Your Name"
    git config --global user.email you@example.com

After doing this, you may fix the identity used for this commit with:

    git commit --amend --reset-author

 2 files changed, 25 insertions(+)
[2026-01-03 17:03:43] ✅ Commit creado exitosamente
[1;33m🔍 Verificando cambios pendientes...[0m
[1;33m📝 Cambios detectados. Creando commit automático...[0m
[main def6e20] Auto-commit: Actualización automática del portfolio
 Committer: Ana Manzanares <anamanzanares@MacBook-Pro-de-Ana.local>
Your name and email address were configured automatically based
on your username and hostname. Please check that they are accurate.
You can suppress this message by setting them explicitly:

    git config --global user.name "Your Name"
    git config --global user.email you@example.com

After doing this, you may fix the identity used for this commit with:

    git commit --amend --reset-author

 1 file changed, 17 insertions(+)
[0;32m✅ Commit automático creado exitosamente[0m
To https://github.com/anamanz7/my-life.git
   61cdf4b..d67e7cd  main -> main
[2026-01-03 17:03:45] ✅ Push realizado exitosamente a GitHub
[2026-01-03 17:03:45] === Verificación completada ===
[2026-01-03 17:13:45] === Iniciando verificación automática ===
[2026-01-03 17:13:45] Cambios detectados, creando commit...
[main bd6b117] Auto-commit: 1 modificado(s)
 Committer: Ana Manzanares <anamanzanares@MacBook-Pro-de-Ana.local>
Your name and email address were configured automatically based
on your username and hostname. Please check that they are accurate.
You can suppress this message by setting them explicitly:

    git config --global user.name "Your Name"
    git config --global user.email you@example.com

After doing this, you may fix the identity used for this commit with:

    git commit --amend --reset-author

 2 files changed, 25 insertions(+)
[2026-01-03 17:13:45] ✅ Commit creado exitosamente
[1;33m🔍 Verificando cambios pendientes...[0m
[1;33m📝 Cambios detectados. Creando commit automático...[0m
[main 3ae1a67] Auto-commit: Actualización automática del portfolio
 Committer: Ana Manzanares <anamanzanares@MacBook-Pro-de-Ana.local>
Your name and email address were configured automatically based
on your username and hostname. Please check that they are accurate.
You can suppress this message by setting them explicitly:

    git config --global user.name "Your Name"
    git config --global user.email you@example.com

After doing this, you may fix the identity used for this commit with:

    git commit --amend --reset-author

 1 file changed, 17 insertions(+)
[0;32m✅ Commit automático creado exitosamente[0m
To https://github.com/anamanz7/my-life.git
   def6e20..bd6b117  main -> main
[2026-01-03 17:13:48] ✅ Push realizado exitosamente a GitHub
[2026-01-03 17:13:48] === Verificación completada ===
[2026-01-03 17:23:47] === Iniciando verificación automática ===
[2026-01-03 17:23:48] Cambios detectados, creando commit...
[main f739e16] Auto-commit: 1 modificado(s)
 Committer: Ana Manzanares <anamanzanares@MacBook-Pro-de-Ana.local>
Your name and email address were configured automatically based
on your username and hostname. Please check that they are accurate.
You can suppress this message by setting them explicitly:

    git config --global user.name "Your Name"
    git config --global user.email you@example.com

After doing this, you may fix the identity used for this commit with:

    git commit --amend --reset-author

 2 files changed, 25 insertions(+)
[2026-01-03 17:23:48] ✅ Commit creado exitosamente
[1;33m🔍 Verificando cambios pendientes...[0m
[1;33m📝 Cambios detectados. Creando commit automático...[0m
[main 07f52f6] Auto-commit: Actualización automática del portfolio
 Committer: Ana Manzanares <anamanzanares@MacBook-Pro-de-Ana.local>
Your name and email address were configured automatically based
on your username and hostname. Please check that they are accurate.
You can suppress this message by setting them explicitly:

    git config --global user.name "Your Name"
    git config --global user.email you@example.com

After doing this, you may fix the identity used for this commit with:

    git commit --amend --reset-author

 1 file changed, 17 insertions(+)
[0;32m✅ Commit automático creado exitosamente[0m
To https://github.com/anamanz7/my-life.git
   3ae1a67..f739e16  main -> main
[2026-01-03 17:23:49] ✅ Push realizado exitosamente a GitHub
[2026-01-03 17:23:49] === Verificación completada ===
[2026-01-03 17:33:50] === Iniciando verificación automática ===
[2026-01-03 17:33:50] Cambios detectados, creando commit...
[main d2776f1] Auto-commit: 1 modificado(s)
 Committer: Ana Manzanares <anamanzanares@MacBook-Pro-de-Ana.local>
Your name and email address were configured automatically based
on your username and hostname. Please check that they are accurate.
You can suppress this message by setting them explicitly:

    git config --global user.name "Your Name"
    git config --global user.email you@example.com

After doing this, you may fix the identity used for this commit with:

    git commit --amend --reset-author

 2 files changed, 25 insertions(+)
[2026-01-03 17:33:50] ✅ Commit creado exitosamente
[1;33m🔍 Verificando cambios pendientes...[0m
[1;33m📝 Cambios detectados. Creando commit automático...[0m
[main fb323a8] Auto-commit: Actualización automática del portfolio
 Committer: Ana Manzanares <anamanzanares@MacBook-Pro-de-Ana.local>
Your name and email address were configured automatically based
on your username and hostname. Please check that they are accurate.
You can suppress this message by setting them explicitly:

    git config --global user.name "Your Name"
    git config --global user.email you@example.com

After doing this, you may fix the identity used for this commit with:

    git commit --amend --reset-author

 1 file changed, 17 insertions(+)
[0;32m✅ Commit automático creado exitosamente[0m
To https://github.com/anamanz7/my-life.git
   07f52f6..d2776f1  main -> main
[2026-01-03 17:33:52] ✅ Push realizado exitosamente a GitHub
[2026-01-03 17:33:52] === Verificación completada ===
[2026-01-03 17:43:52] === Iniciando verificación automática ===
[2026-01-03 17:43:52] Cambios detectados, creando commit...
[main 75965ae] Auto-commit: 1 modificado(s)
 Committer: Ana Manzanares <anamanzanares@MacBook-Pro-de-Ana.local>
Your name and email address were configured automatically based
on your username and hostname. Please check that they are accurate.
You can suppress this message by setting them explicitly:

    git config --global user.name "Your Name"
    git config --global user.email you@example.com

After doing this, you may fix the identity used for this commit with:

    git commit --amend --reset-author

 2 files changed, 25 insertions(+)
[2026-01-03 17:43:52] ✅ Commit creado exitosamente
[1;33m🔍 Verificando cambios pendientes...[0m
[1;33m📝 Cambios detectados. Creando commit automático...[0m
[main 91296db] Auto-commit: Actualización automática del portfolio
 Committer: Ana Manzanares <anamanzanares@MacBook-Pro-de-Ana.local>
Your name and email address were configured automatically based
on your username and hostname. Please check that they are accurate.
You can suppress this message by setting them explicitly:

    git config --global user.name "Your Name"
    git config --global user.email you@example.com

After doing this, you may fix the identity used for this commit with:

    git commit --amend --reset-author

 1 file changed, 17 insertions(+)
[0;32m✅ Commit automático creado exitosamente[0m
To https://github.com/anamanz7/my-life.git
   fb323a8..75965ae  main -> main
[2026-01-03 17:43:54] ✅ Push realizado exitosamente a GitHub
[2026-01-03 17:43:54] === Verificación completada ===
[2026-01-03 17:53:54] === Iniciando verificación automática ===
[2026-01-03 17:53:54] Cambios detectados, creando commit...
[main 2b46f58] Auto-commit: 1 modificado(s)
 Committer: Ana Manzanares <anamanzanares@MacBook-Pro-de-Ana.local>
Your name and email address were configured automatically based
on your username and hostname. Please check that they are accurate.
You can suppress this message by setting them explicitly:

    git config --global user.name "Your Name"
    git config --global user.email you@example.com

After doing this, you may fix the identity used for this commit with:

    git commit --amend --reset-author

 2 files changed, 25 insertions(+)
[2026-01-03 17:53:54] ✅ Commit creado exitosamente
[1;33m🔍 Verificando cambios pendientes...[0m
[1;33m📝 Cambios detectados. Creando commit automático...[0m
[main 74f0301] Auto-commit: Actualización automática del portfolio
 Committer: Ana Manzanares <anamanzanares@MacBook-Pro-de-Ana.local>
Your name and email address were configured automatically based
on your username and hostname. Please check that they are accurate.
You can suppress this message by setting them explicitly:

    git config --global user.name "Your Name"
    git config --global user.email you@example.com

After doing this, you may fix the identity used for this commit with:

    git commit --amend --reset-author

 1 file changed, 17 insertions(+)
[0;32m✅ Commit automático creado exitosamente[0m
To https://github.com/anamanz7/my-life.git
   91296db..2b46f58  main -> main
[2026-01-03 17:53:56] ✅ Push realizado exitosamente a GitHub
[2026-01-03 17:53:56] === Verificación completada ===
[2026-01-03 18:03:56] === Iniciando verificación automática ===
[2026-01-03 18:03:56] Cambios detectados, creando commit...
[main a453cd3] Auto-commit: 1 modificado(s)
 Committer: Ana Manzanares <anamanzanares@MacBook-Pro-de-Ana.local>
Your name and email address were configured automatically based
on your username and hostname. Please check that they are accurate.
You can suppress this message by setting them explicitly:

    git config --global user.name "Your Name"
    git config --global user.email you@example.com

After doing this, you may fix the identity used for this commit with:

    git commit --amend --reset-author

 2 files changed, 25 insertions(+)
[2026-01-03 18:03:56] ✅ Commit creado exitosamente
[1;33m🔍 Verificando cambios pendientes...[0m
[1;33m📝 Cambios detectados. Creando commit automático...[0m
[main e708ff0] Auto-commit: Actualización automática del portfolio
 Committer: Ana Manzanares <anamanzanares@MacBook-Pro-de-Ana.local>
Your name and email address were configured automatically based
on your username and hostname. Please check that they are accurate.
You can suppress this message by setting them explicitly:

    git config --global user.name "Your Name"
    git config --global user.email you@example.com

After doing this, you may fix the identity used for this commit with:

    git commit --amend --reset-author

 1 file changed, 17 insertions(+)
[0;32m✅ Commit automático creado exitosamente[0m
To https://github.com/anamanz7/my-life.git
   74f0301..a453cd3  main -> main
[2026-01-03 18:03:58] ✅ Push realizado exitosamente a GitHub
[2026-01-03 18:03:58] === Verificación completada ===
[2026-01-03 18:13:58] === Iniciando verificación automática ===
[2026-01-03 18:13:58] Cambios detectados, creando commit...
[main 6507a49] Auto-commit: 1 modificado(s)
 Committer: Ana Manzanares <anamanzanares@MacBook-Pro-de-Ana.local>
Your name and email address were configured automatically based
on your username and hostname. Please check that they are accurate.
You can suppress this message by setting them explicitly:

    git config --global user.name "Your Name"
    git config --global user.email you@example.com

After doing this, you may fix the identity used for this commit with:

    git commit --amend --reset-author

 2 files changed, 25 insertions(+)
[2026-01-03 18:13:58] ✅ Commit creado exitosamente
[1;33m🔍 Verificando cambios pendientes...[0m
[1;33m📝 Cambios detectados. Creando commit automático...[0m
[main 12a39ee] Auto-commit: Actualización automática del portfolio
 Committer: Ana Manzanares <anamanzanares@MacBook-Pro-de-Ana.local>
Your name and email address were configured automatically based
on your username and hostname. Please check that they are accurate.
You can suppress this message by setting them explicitly:

    git config --global user.name "Your Name"
    git config --global user.email you@example.com

After doing this, you may fix the identity used for this commit with:

    git commit --amend --reset-author

 1 file changed, 17 insertions(+)
[0;32m✅ Commit automático creado exitosamente[0m
To https://github.com/anamanz7/my-life.git
   e708ff0..6507a49  main -> main
[2026-01-03 18:14:00] ✅ Push realizado exitosamente a GitHub
[2026-01-03 18:14:00] === Verificación completada ===
[2026-01-03 18:24:00] === Iniciando verificación automática ===
[2026-01-03 18:24:00] Cambios detectados, creando commit...
[main 87695ac] Auto-commit: 1 modificado(s)
 Committer: Ana Manzanares <anamanzanares@MacBook-Pro-de-Ana.local>
Your name and email address were configured automatically based
on your username and hostname. Please check that they are accurate.
You can suppress this message by setting them explicitly:

    git config --global user.name "Your Name"
    git config --global user.email you@example.com

After doing this, you may fix the identity used for this commit with:

    git commit --amend --reset-author

 2 files changed, 25 insertions(+)
[2026-01-03 18:24:00] ✅ Commit creado exitosamente
[1;33m🔍 Verificando cambios pendientes...[0m
[1;33m📝 Cambios detectados. Creando commit automático...[0m
[main 005834a] Auto-commit: Actualización automática del portfolio
 Committer: Ana Manzanares <anamanzanares@MacBook-Pro-de-Ana.local>
Your name and email address were configured automatically based
on your username and hostname. Please check that they are accurate.
You can suppress this message by setting them explicitly:

    git config --global user.name "Your Name"
    git config --global user.email you@example.com

After doing this, you may fix the identity used for this commit with:

    git commit --amend --reset-author

 1 file changed, 17 insertions(+)
[0;32m✅ Commit automático creado exitosamente[0m
To https://github.com/anamanz7/my-life.git
   12a39ee..87695ac  main -> main
[2026-01-03 18:24:02] ✅ Push realizado exitosamente a GitHub
[2026-01-03 18:24:02] === Verificación completada ===
[2026-01-03 18:34:02] === Iniciando verificación automática ===
[2026-01-03 18:34:02] Cambios detectados, creando commit...
[main 1ad5a00] Auto-commit: 2 modificado(s)
 Committer: Ana Manzanares <anamanzanares@MacBook-Pro-de-Ana.local>
Your name and email address were configured automatically based
on your username and hostname. Please check that they are accurate.
You can suppress this message by setting them explicitly:

    git config --global user.name "Your Name"
    git config --global user.email you@example.com

After doing this, you may fix the identity used for this commit with:

    git commit --amend --reset-author

 3 files changed, 128 insertions(+), 23 deletions(-)
[2026-01-03 18:34:02] ✅ Commit creado exitosamente
[1;33m🔍 Verificando cambios pendientes...[0m
[1;33m📝 Cambios detectados. Creando commit automático...[0m
[main f42f9cc] Auto-commit: Actualización automática del portfolio
 Committer: Ana Manzanares <anamanzanares@MacBook-Pro-de-Ana.local>
Your name and email address were configured automatically based
on your username and hostname. Please check that they are accurate.
You can suppress this message by setting them explicitly:

    git config --global user.name "Your Name"
    git config --global user.email you@example.com

After doing this, you may fix the identity used for this commit with:

    git commit --amend --reset-author

 1 file changed, 17 insertions(+)
[0;32m✅ Commit automático creado exitosamente[0m
To https://github.com/anamanz7/my-life.git
   005834a..1ad5a00  main -> main
[2026-01-03 18:34:04] ✅ Push realizado exitosamente a GitHub
[2026-01-03 18:34:04] === Verificación completada ===
[2026-01-03 18:44:53] === Iniciando verificación automática ===
[2026-01-03 18:44:53] Cambios detectados, creando commit...
[main 1edabf6] Auto-commit: 1 modificado(s)
 Committer: Ana Manzanares <anamanzanares@MacBook-Pro-de-Ana.local>
Your name and email address were configured automatically based
on your username and hostname. Please check that they are accurate.
You can suppress this message by setting them explicitly:

    git config --global user.name "Your Name"
    git config --global user.email you@example.com

After doing this, you may fix the identity used for this commit with:

    git commit --amend --reset-author

 1 file changed, 21 insertions(+)
[2026-01-03 18:44:53] ✅ Commit creado exitosamente
[1;33m🔍 Verificando cambios pendientes...[0m
[1;33m📝 Cambios detectados. Creando commit automático...[0m
[main d2187a2] Auto-commit: Actualización automática del portfolio
 Committer: Ana Manzanares <anamanzanares@MacBook-Pro-de-Ana.local>
Your name and email address were configured automatically based
on your username and hostname. Please check that they are accurate.
You can suppress this message by setting them explicitly:

    git config --global user.name "Your Name"
    git config --global user.email you@example.com

After doing this, you may fix the identity used for this commit with:

    git commit --amend --reset-author

 1 file changed, 17 insertions(+)
[0;32m✅ Commit automático creado exitosamente[0m
To https://github.com/anamanz7/my-life.git
   f42f9cc..1edabf6  main -> main
[2026-01-03 18:44:55] ✅ Push realizado exitosamente a GitHub
[2026-01-03 18:44:55] === Verificación completada ===
[2026-01-03 18:53:27] === Iniciando verificación automática ===
[2026-01-03 18:53:27] Cambios detectados, creando commit...
[main b5f04a1] Auto-commit: 1 modificado(s)
 Committer: Ana Manzanares <anamanzanares@MacBook-Pro-de-Ana.local>
Your name and email address were configured automatically based
on your username and hostname. Please check that they are accurate.
You can suppress this message by setting them explicitly:

    git config --global user.name "Your Name"
    git config --global user.email you@example.com

After doing this, you may fix the identity used for this commit with:

    git commit --amend --reset-author

 2 files changed, 6 insertions(+)
[2026-01-03 18:53:27] ✅ Commit creado exitosamente
[1;33m🔍 Verificando cambios pendientes...[0m
[1;33m📝 Cambios detectados. Creando commit automático...[0m
[main a0a4a06] Auto-commit: Actualización automática del portfolio
 Committer: Ana Manzanares <anamanzanares@MacBook-Pro-de-Ana.local>
Your name and email address were configured automatically based
on your username and hostname. Please check that they are accurate.
You can suppress this message by setting them explicitly:

    git config --global user.name "Your Name"
    git config --global user.email you@example.com

After doing this, you may fix the identity used for this commit with:

    git commit --amend --reset-author

 1 file changed, 17 insertions(+)
[0;32m✅ Commit automático creado exitosamente[0m
To https://github.com/anamanz7/my-life.git
   d2187a2..b5f04a1  main -> main
[2026-01-03 18:53:28] ✅ Push realizado exitosamente a GitHub
[2026-01-03 18:53:28] === Verificación completada ===
[2026-01-03 19:03:28] === Iniciando verificación automática ===
[2026-01-03 19:03:29] Cambios detectados, creando commit...
[main 5cc7a90] Auto-commit: 1 modificado(s), 1 nuevo(s)
 Committer: Ana Manzanares <anamanzanares@MacBook-Pro-de-Ana.local>
Your name and email address were configured automatically based
on your username and hostname. Please check that they are accurate.
You can suppress this message by setting them explicitly:

    git config --global user.name "Your Name"
    git config --global user.email you@example.com

After doing this, you may fix the identity used for this commit with:

    git commit --amend --reset-author

 8 files changed, 23 insertions(+)
 create mode 100644 PORTFOLIO/ECI/mijas/ChatGPT Image 3 ene 2026, 18_56_20.png
 create mode 100644 PORTFOLIO/ECI/mijas/comedor.png
 create mode 100644 PORTFOLIO/ECI/mijas/entrada.png
 create mode 100644 "PORTFOLIO/ECI/mijas/habitaci\303\263n-2.png"
 create mode 100644 "PORTFOLIO/ECI/mijas/habitaci\303\263n-ppal.png"
 create mode 100644 PORTFOLIO/ECI/mijas/salon.png
[2026-01-03 19:03:29] ✅ Commit creado exitosamente
[1;33m🔍 Verificando cambios pendientes...[0m
[1;33m📝 Cambios detectados. Creando commit automático...[0m
[main 0b84743] Auto-commit: Actualización automática del portfolio
 Committer: Ana Manzanares <anamanzanares@MacBook-Pro-de-Ana.local>
Your name and email address were configured automatically based
on your username and hostname. Please check that they are accurate.
You can suppress this message by setting them explicitly:

    git config --global user.name "Your Name"
    git config --global user.email you@example.com

After doing this, you may fix the identity used for this commit with:

    git commit --amend --reset-author

 1 file changed, 23 insertions(+)
[0;32m✅ Commit automático creado exitosamente[0m
To https://github.com/anamanz7/my-life.git
   a0a4a06..5cc7a90  main -> main
[2026-01-03 19:03:37] ✅ Push realizado exitosamente a GitHub
[2026-01-03 19:03:37] === Verificación completada ===
[2026-01-03 19:13:37] === Iniciando verificación automática ===
[2026-01-03 19:13:37] Cambios detectados, creando commit...
[main cd4ef51] Auto-commit: 3 modificado(s), 4 nuevo(s), 2 eliminado(s)
 Committer: Ana Manzanares <anamanzanares@MacBook-Pro-de-Ana.local>
Your name and email address were configured automatically based
on your username and hostname. Please check that they are accurate.
You can suppress this message by setting them explicitly:

    git config --global user.name "Your Name"
    git config --global user.email you@example.com

After doing this, you may fix the identity used for this commit with:

    git commit --amend --reset-author

 7 files changed, 57 insertions(+)
 create mode 100644 PORTFOLIO/ECI/mijas/dormitorio-2-.PNG
 rename "PORTFOLIO/ECI/mijas/habitaci\303\263n-2.png" => PORTFOLIO/ECI/mijas/dormitorio-2.png (100%)
 create mode 100644 PORTFOLIO/ECI/mijas/dormitorio-3.jpeg
 rename "PORTFOLIO/ECI/mijas/habitaci\303\263n-ppal.png" => PORTFOLIO/ECI/mijas/dormitorio-ppal.png (100%)
[2026-01-03 19:13:38] ✅ Commit creado exitosamente
[1;33m🔍 Verificando cambios pendientes...[0m
[1;33m📝 Cambios detectados. Creando commit automático...[0m
[main 773c255] Auto-commit: Actualización automática del portfolio
 Committer: Ana Manzanares <anamanzanares@MacBook-Pro-de-Ana.local>
Your name and email address were configured automatically based
on your username and hostname. Please check that they are accurate.
You can suppress this message by setting them explicitly:

    git config --global user.name "Your Name"
    git config --global user.email you@example.com

After doing this, you may fix the identity used for this commit with:

    git commit --amend --reset-author

 1 file changed, 21 insertions(+)
[0;32m✅ Commit automático creado exitosamente[0m
To https://github.com/anamanz7/my-life.git
   0b84743..cd4ef51  main -> main
[2026-01-03 19:13:42] ✅ Push realizado exitosamente a GitHub
[2026-01-03 19:13:42] === Verificación completada ===
[2026-01-03 19:23:42] === Iniciando verificación automática ===
[2026-01-03 19:23:42] Cambios detectados, creando commit...
[main f06c9b0] Auto-commit: 4 modificado(s), 1 nuevo(s)
 Committer: Ana Manzanares <anamanzanares@MacBook-Pro-de-Ana.local>
Your name and email address were configured automatically based
on your username and hostname. Please check that they are accurate.
You can suppress this message by setting them explicitly:

    git config --global user.name "Your Name"
    git config --global user.email you@example.com

After doing this, you may fix the identity used for this commit with:

    git commit --amend --reset-author

 6 files changed, 83 insertions(+), 17 deletions(-)
 create mode 100644 PORTFOLIO/ECI/mijas/FLOOR PLAN OPC. 1.pdf
[2026-01-03 19:23:43] ✅ Commit creado exitosamente
[1;33m🔍 Verificando cambios pendientes...[0m
[1;33m📝 Cambios detectados. Creando commit automático...[0m
[main 461ee4d] Auto-commit: Actualización automática del portfolio
 Committer: Ana Manzanares <anamanzanares@MacBook-Pro-de-Ana.local>
Your name and email address were configured automatically based
on your username and hostname. Please check that they are accurate.
You can suppress this message by setting them explicitly:

    git config --global user.name "Your Name"
    git config --global user.email you@example.com

After doing this, you may fix the identity used for this commit with:

    git commit --amend --reset-author

 1 file changed, 18 insertions(+)
[0;32m✅ Commit automático creado exitosamente[0m
To https://github.com/anamanz7/my-life.git
   773c255..f06c9b0  main -> main
[2026-01-03 19:23:45] ✅ Push realizado exitosamente a GitHub
[2026-01-03 19:23:45] === Verificación completada ===
[2026-01-03 19:33:45] === Iniciando verificación automática ===
[2026-01-03 19:33:45] Cambios detectados, creando commit...
[main 5516e47] Auto-commit: 1 modificado(s)
 Committer: Ana Manzanares <anamanzanares@MacBook-Pro-de-Ana.local>
Your name and email address were configured automatically based
on your username and hostname. Please check that they are accurate.
You can suppress this message by setting them explicitly:

    git config --global user.name "Your Name"
    git config --global user.email you@example.com

After doing this, you may fix the identity used for this commit with:

    git commit --amend --reset-author

 2 files changed, 25 insertions(+)
[2026-01-03 19:33:45] ✅ Commit creado exitosamente
[1;33m🔍 Verificando cambios pendientes...[0m
[1;33m📝 Cambios detectados. Creando commit automático...[0m
[main 16bc768] Auto-commit: Actualización automática del portfolio
 Committer: Ana Manzanares <anamanzanares@MacBook-Pro-de-Ana.local>
Your name and email address were configured automatically based
on your username and hostname. Please check that they are accurate.
You can suppress this message by setting them explicitly:

    git config --global user.name "Your Name"
    git config --global user.email you@example.com

After doing this, you may fix the identity used for this commit with:

    git commit --amend --reset-author

 1 file changed, 17 insertions(+)
[0;32m✅ Commit automático creado exitosamente[0m
To https://github.com/anamanz7/my-life.git
   461ee4d..5516e47  main -> main
[2026-01-03 19:33:47] ✅ Push realizado exitosamente a GitHub
[2026-01-03 19:33:47] === Verificación completada ===
[2026-01-03 19:43:47] === Iniciando verificación automática ===
[2026-01-03 19:43:47] Cambios detectados, creando commit...
[main 213b4cd] Auto-commit: 2 modificado(s)
 Committer: Ana Manzanares <anamanzanares@MacBook-Pro-de-Ana.local>
Your name and email address were configured automatically based
on your username and hostname. Please check that they are accurate.
You can suppress this message by setting them explicitly:

    git config --global user.name "Your Name"
    git config --global user.email you@example.com

After doing this, you may fix the identity used for this commit with:

    git commit --amend --reset-author

 3 files changed, 39 insertions(+), 11 deletions(-)
[2026-01-03 19:43:47] ✅ Commit creado exitosamente
[1;33m🔍 Verificando cambios pendientes...[0m
[1;33m📝 Cambios detectados. Creando commit automático...[0m
[main 483cc05] Auto-commit: Actualización automática del portfolio
 Committer: Ana Manzanares <anamanzanares@MacBook-Pro-de-Ana.local>
Your name and email address were configured automatically based
on your username and hostname. Please check that they are accurate.
You can suppress this message by setting them explicitly:

    git config --global user.name "Your Name"
    git config --global user.email you@example.com

After doing this, you may fix the identity used for this commit with:

    git commit --amend --reset-author

 1 file changed, 17 insertions(+)
[0;32m✅ Commit automático creado exitosamente[0m
To https://github.com/anamanz7/my-life.git
   16bc768..213b4cd  main -> main
[2026-01-03 19:43:48] ✅ Push realizado exitosamente a GitHub
[2026-01-03 19:43:49] === Verificación completada ===
[2026-01-03 19:53:49] === Iniciando verificación automática ===
[2026-01-03 19:53:49] Cambios detectados, creando commit...
[main c4f5f76] Auto-commit: 3 modificado(s), 1 nuevo(s), 23 eliminado(s)
 Committer: Ana Manzanares <anamanzanares@MacBook-Pro-de-Ana.local>
Your name and email address were configured automatically based
on your username and hostname. Please check that they are accurate.
You can suppress this message by setting them explicitly:

    git config --global user.name "Your Name"
    git config --global user.email you@example.com

After doing this, you may fix the identity used for this commit with:

    git commit --amend --reset-author

 29 files changed, 64 insertions(+), 503 deletions(-)
 create mode 100644 PORTFOLIO/ECI/villa-1/ChatGPT Image 3 ene 2026, 17_28_49.png
 create mode 100644 PORTFOLIO/ECI/villa-1/ChatGPT Image 3 ene 2026, 17_46_39.png
 create mode 100644 PORTFOLIO/ECI/villa-1/ChatGPT Image 3 ene 2026, 18_30_45.png
 delete mode 100644 PORTFOLIO/bom_planos/01_portada.jpg
 delete mode 100644 PORTFOLIO/bom_planos/07_alzado_proyectado.jpg
 delete mode 100644 PORTFOLIO/bom_planos/08_planta_proyectada.jpg
 delete mode 100644 PORTFOLIO/bom_planos/09_secciones_longitudinales.jpg
 delete mode 100644 PORTFOLIO/bom_planos/10_seccion_transversal.jpg
 delete mode 100644 PORTFOLIO/bom_planos/11_planta_mobiliario.jpg
 delete mode 100644 PORTFOLIO/bom_planos/12_secciones_mobiliario_A_C.jpg
 delete mode 100644 PORTFOLIO/bom_planos/13_seccion_mobiliario_B.jpg
 delete mode 100644 PORTFOLIO/bom_planos/18_detalle_taller.jpg
 delete mode 100644 PORTFOLIO/bom_planos/19_detalle_constructivo.jpg
 delete mode 100644 PORTFOLIO/bom_planos/20_planta_mobiliario_color.jpg
 delete mode 100644 PORTFOLIO/bom_planos/23_pavimentos.jpg
 delete mode 100644 PORTFOLIO/bom_planos/27_planta_mobiliario_equipamiento.jpg
 delete mode 100644 PORTFOLIO/bom_planos/28_planta_iluminaria.jpg
 delete mode 100644 PORTFOLIO/bom_planos/CHANGELOG.md
 delete mode 100644 PORTFOLIO/bom_planos/README.md
 delete mode 100644 PORTFOLIO/bom_planos/galeria.html
 delete mode 100644 PORTFOLIO/bom_planos/render_01.jpg
 delete mode 100644 PORTFOLIO/bom_planos/render_02.jpg
 delete mode 100644 PORTFOLIO/bom_planos/render_03.jpg
 delete mode 100644 PORTFOLIO/bom_planos/render_04.jpg
 delete mode 100644 PORTFOLIO/bom_planos/render_05.jpg
 delete mode 100644 PORTFOLIO/bom_planos/render_06.jpg
[2026-01-03 19:53:49] ✅ Commit creado exitosamente
[1;33m🔍 Verificando cambios pendientes...[0m
[1;33m📝 Cambios detectados. Creando commit automático...[0m
[main 21349d5] Auto-commit: Actualización automática del portfolio
 Committer: Ana Manzanares <anamanzanares@MacBook-Pro-de-Ana.local>
Your name and email address were configured automatically based
on your username and hostname. Please check that they are accurate.
You can suppress this message by setting them explicitly:

    git config --global user.name "Your Name"
    git config --global user.email you@example.com

After doing this, you may fix the identity used for this commit with:

    git commit --amend --reset-author

 1 file changed, 43 insertions(+)
[0;32m✅ Commit automático creado exitosamente[0m
To https://github.com/anamanz7/my-life.git
   483cc05..c4f5f76  main -> main
[2026-01-03 19:53:53] ✅ Push realizado exitosamente a GitHub
[2026-01-03 19:53:53] === Verificación completada ===
[2026-01-03 20:03:53] === Iniciando verificación automática ===
[2026-01-03 20:03:53] Cambios detectados, creando commit...
[main d68cdc7] Auto-commit: 1 modificado(s)
 Committer: Ana Manzanares <anamanzanares@MacBook-Pro-de-Ana.local>
Your name and email address were configured automatically based
on your username and hostname. Please check that they are accurate.
You can suppress this message by setting them explicitly:

    git config --global user.name "Your Name"
    git config --global user.email you@example.com

After doing this, you may fix the identity used for this commit with:

    git commit --amend --reset-author

 2 files changed, 25 insertions(+)
[2026-01-03 20:03:54] ✅ Commit creado exitosamente
[1;33m🔍 Verificando cambios pendientes...[0m
[1;33m📝 Cambios detectados. Creando commit automático...[0m
[main 57eba56] Auto-commit: Actualización automática del portfolio
 Committer: Ana Manzanares <anamanzanares@MacBook-Pro-de-Ana.local>
Your name and email address were configured automatically based
on your username and hostname. Please check that they are accurate.
You can suppress this message by setting them explicitly:

    git config --global user.name "Your Name"
    git config --global user.email you@example.com

After doing this, you may fix the identity used for this commit with:

    git commit --amend --reset-author

 1 file changed, 17 insertions(+)
[0;32m✅ Commit automático creado exitosamente[0m
To https://github.com/anamanz7/my-life.git
   21349d5..d68cdc7  main -> main
[2026-01-03 20:03:55] ✅ Push realizado exitosamente a GitHub
[2026-01-03 20:03:55] === Verificación completada ===
[2026-01-03 20:09:15] === Iniciando verificación automática ===
[2026-01-03 20:09:15] Cambios detectados, creando commit...
[main 37de03c] Auto-commit: 4 modificado(s), 1 eliminado(s)
 Committer: Ana Manzanares <anamanzanares@MacBook-Pro-de-Ana.local>
Your name and email address were configured automatically based
on your username and hostname. Please check that they are accurate.
You can suppress this message by setting them explicitly:

    git config --global user.name "Your Name"
    git config --global user.email you@example.com

After doing this, you may fix the identity used for this commit with:

    git commit --amend --reset-author

 5 files changed, 4 insertions(+), 2 deletions(-)
 delete mode 100644 PORTFOLIO/ECI/mijas/ChatGPT Image 3 ene 2026, 18_56_20.png
[2026-01-03 20:09:15] ✅ Commit creado exitosamente
[1;33m🔍 Verificando cambios pendientes...[0m
[1;33m📝 Cambios detectados. Creando commit automático...[0m
[main b07f0c7] Auto-commit: Actualización automática del portfolio
 Committer: Ana Manzanares <anamanzanares@MacBook-Pro-de-Ana.local>
Your name and email address were configured automatically based
on your username and hostname. Please check that they are accurate.
You can suppress this message by setting them explicitly:

    git config --global user.name "Your Name"
    git config --global user.email you@example.com

After doing this, you may fix the identity used for this commit with:

    git commit --amend --reset-author

 1 file changed, 18 insertions(+)
[0;32m✅ Commit automático creado exitosamente[0m
To https://github.com/anamanz7/my-life.git
   f5cfbbe..37de03c  main -> main
[2026-01-03 20:09:24] ✅ Push realizado exitosamente a GitHub
[2026-01-03 20:09:24] === Verificación completada ===
[2026-01-03 20:10:59] === Iniciando verificación automática ===
[2026-01-03 20:10:59] Cambios detectados, creando commit...
[main b0bad23] Auto-commit: 2 modificado(s)
 Committer: Ana Manzanares <anamanzanares@MacBook-Pro-de-Ana.local>
Your name and email address were configured automatically based
on your username and hostname. Please check that they are accurate.
You can suppress this message by setting them explicitly:

    git config --global user.name "Your Name"
    git config --global user.email you@example.com

After doing this, you may fix the identity used for this commit with:

    git commit --amend --reset-author

 2 files changed, 22 insertions(+), 1 deletion(-)
[2026-01-03 20:10:59] ✅ Commit creado exitosamente
[1;33m🔍 Verificando cambios pendientes...[0m
[1;33m📝 Cambios detectados. Creando commit automático...[0m
[main 6716c6e] Auto-commit: Actualización automática del portfolio
 Committer: Ana Manzanares <anamanzanares@MacBook-Pro-de-Ana.local>
Your name and email address were configured automatically based
on your username and hostname. Please check that they are accurate.
You can suppress this message by setting them explicitly:

    git config --global user.name "Your Name"
    git config --global user.email you@example.com

After doing this, you may fix the identity used for this commit with:

    git commit --amend --reset-author

 1 file changed, 17 insertions(+)
[0;32m✅ Commit automático creado exitosamente[0m
To https://github.com/anamanz7/my-life.git
   b07f0c7..b0bad23  main -> main
[2026-01-03 20:11:01] ✅ Push realizado exitosamente a GitHub
[2026-01-03 20:11:01] === Verificación completada ===
[2026-01-03 20:13:55] === Iniciando verificación automática ===
[2026-01-03 20:13:55] Cambios detectados, creando commit...
[main bf28cf2] Auto-commit: 1 modificado(s)
 Committer: Ana Manzanares <anamanzanares@MacBook-Pro-de-Ana.local>
Your name and email address were configured automatically based
on your username and hostname. Please check that they are accurate.
You can suppress this message by setting them explicitly:

    git config --global user.name "Your Name"
    git config --global user.email you@example.com

After doing this, you may fix the identity used for this commit with:

    git commit --amend --reset-author

 2 files changed, 25 insertions(+)
[2026-01-03 20:13:56] ✅ Commit creado exitosamente
[1;33m🔍 Verificando cambios pendientes...[0m
[1;33m📝 Cambios detectados. Creando commit automático...[0m
[main ffeefc1] Auto-commit: Actualización automática del portfolio
 Committer: Ana Manzanares <anamanzanares@MacBook-Pro-de-Ana.local>
Your name and email address were configured automatically based
on your username and hostname. Please check that they are accurate.
You can suppress this message by setting them explicitly:

    git config --global user.name "Your Name"
    git config --global user.email you@example.com

After doing this, you may fix the identity used for this commit with:

    git commit --amend --reset-author

 1 file changed, 17 insertions(+)
[0;32m✅ Commit automático creado exitosamente[0m
To https://github.com/anamanz7/my-life.git
   6716c6e..bf28cf2  main -> main
[2026-01-03 20:14:19] ✅ Push realizado exitosamente a GitHub
[2026-01-03 20:14:19] === Verificación completada ===
[2026-01-03 20:24:19] === Iniciando verificación automática ===
[2026-01-03 20:24:19] Cambios detectados, creando commit...
[main c4e544f] Auto-commit: 3 modificado(s)
 Committer: Ana Manzanares <anamanzanares@MacBook-Pro-de-Ana.local>
Your name and email address were configured automatically based
on your username and hostname. Please check that they are accurate.
You can suppress this message by setting them explicitly:

    git config --global user.name "Your Name"
    git config --global user.email you@example.com

After doing this, you may fix the identity used for this commit with:

    git commit --amend --reset-author

 4 files changed, 74 insertions(+), 53 deletions(-)
[2026-01-03 20:24:19] ✅ Commit creado exitosamente
[1;33m🔍 Verificando cambios pendientes...[0m
[1;33m📝 Cambios detectados. Creando commit automático...[0m
[main 5bd3bfc] Auto-commit: Actualización automática del portfolio
 Committer: Ana Manzanares <anamanzanares@MacBook-Pro-de-Ana.local>
Your name and email address were configured automatically based
on your username and hostname. Please check that they are accurate.
You can suppress this message by setting them explicitly:

    git config --global user.name "Your Name"
    git config --global user.email you@example.com

After doing this, you may fix the identity used for this commit with:

    git commit --amend --reset-author

 1 file changed, 17 insertions(+)
[0;32m✅ Commit automático creado exitosamente[0m
To https://github.com/anamanz7/my-life.git
   ffeefc1..c4e544f  main -> main
[2026-01-03 20:24:21] ✅ Push realizado exitosamente a GitHub
[2026-01-03 20:24:21] === Verificación completada ===
[2026-01-03 20:31:33] === Iniciando verificación automática ===
[2026-01-03 20:31:33] Cambios detectados, creando commit...
[main e02a26d] Auto-commit: 3 modificado(s)
 Committer: Ana Manzanares <anamanzanares@MacBook-Pro-de-Ana.local>
Your name and email address were configured automatically based
on your username and hostname. Please check that they are accurate.
You can suppress this message by setting them explicitly:

    git config --global user.name "Your Name"
    git config --global user.email you@example.com

After doing this, you may fix the identity used for this commit with:

    git commit --amend --reset-author

 3 files changed, 22 insertions(+), 2 deletions(-)
[2026-01-03 20:31:33] ✅ Commit creado exitosamente
[1;33m🔍 Verificando cambios pendientes...[0m
[1;33m📝 Cambios detectados. Creando commit automático...[0m
[main cf9c7bc] Auto-commit: Actualización automática del portfolio
 Committer: Ana Manzanares <anamanzanares@MacBook-Pro-de-Ana.local>
Your name and email address were configured automatically based
on your username and hostname. Please check that they are accurate.
You can suppress this message by setting them explicitly:

    git config --global user.name "Your Name"
    git config --global user.email you@example.com

After doing this, you may fix the identity used for this commit with:

    git commit --amend --reset-author

 1 file changed, 17 insertions(+)
[0;32m✅ Commit automático creado exitosamente[0m
To https://github.com/anamanz7/my-life.git
   5bd3bfc..e02a26d  main -> main
[2026-01-03 20:31:35] ✅ Push realizado exitosamente a GitHub
[2026-01-03 20:31:35] === Verificación completada ===
[2026-01-03 20:31:35] === Iniciando verificación automática ===
[2026-01-03 20:31:35] Cambios detectados, creando commit...
[main a01e22b] Auto-commit: 1 modificado(s)
 Committer: Ana Manzanares <anamanzanares@MacBook-Pro-de-Ana.local>
Your name and email address were configured automatically based
on your username and hostname. Please check that they are accurate.
You can suppress this message by setting them explicitly:

    git config --global user.name "Your Name"
    git config --global user.email you@example.com

After doing this, you may fix the identity used for this commit with:

    git commit --amend --reset-author

 1 file changed, 21 insertions(+)
[2026-01-03 20:31:36] ✅ Commit creado exitosamente
[1;33m🔍 Verificando cambios pendientes...[0m
[1;33m📝 Cambios detectados. Creando commit automático...[0m
[main 46ccdf3] Auto-commit: Actualización automática del portfolio
 Committer: Ana Manzanares <anamanzanares@MacBook-Pro-de-Ana.local>
Your name and email address were configured automatically based
on your username and hostname. Please check that they are accurate.
You can suppress this message by setting them explicitly:

    git config --global user.name "Your Name"
    git config --global user.email you@example.com

After doing this, you may fix the identity used for this commit with:

    git commit --amend --reset-author

 1 file changed, 17 insertions(+)
[0;32m✅ Commit automático creado exitosamente[0m
To https://github.com/anamanz7/my-life.git
   cf9c7bc..a01e22b  main -> main
[2026-01-03 20:31:37] ✅ Push realizado exitosamente a GitHub
[2026-01-03 20:31:37] === Verificación completada ===
[2026-01-03 20:34:21] === Iniciando verificación automática ===
[2026-01-03 20:34:21] Cambios detectados, creando commit...
[main 5b764d8] Auto-commit: 2 modificado(s)
 Committer: Ana Manzanares <anamanzanares@MacBook-Pro-de-Ana.local>
Your name and email address were configured automatically based
on your username and hostname. Please check that they are accurate.
You can suppress this message by setting them explicitly:

    git config --global user.name "Your Name"
    git config --global user.email you@example.com

After doing this, you may fix the identity used for this commit with:

    git commit --amend --reset-author

 3 files changed, 17 insertions(+), 1 deletion(-)
[2026-01-03 20:34:21] ✅ Commit creado exitosamente
[1;33m🔍 Verificando cambios pendientes...[0m
[1;33m📝 Cambios detectados. Creando commit automático...[0m
[main 79e17c8] Auto-commit: Actualización automática del portfolio
 Committer: Ana Manzanares <anamanzanares@MacBook-Pro-de-Ana.local>
Your name and email address were configured automatically based
on your username and hostname. Please check that they are accurate.
You can suppress this message by setting them explicitly:

    git config --global user.name "Your Name"
    git config --global user.email you@example.com

After doing this, you may fix the identity used for this commit with:

    git commit --amend --reset-author

 1 file changed, 17 insertions(+)
[0;32m✅ Commit automático creado exitosamente[0m
To https://github.com/anamanz7/my-life.git
   46ccdf3..5b764d8  main -> main
[2026-01-03 20:34:24] ✅ Push realizado exitosamente a GitHub
[2026-01-03 20:34:24] === Verificación completada ===
[2026-01-03 20:34:56] === Iniciando verificación automática ===
[2026-01-03 20:34:56] Cambios detectados, creando commit...
[main 939e0df] Auto-commit: 2 modificado(s)
 Committer: Ana Manzanares <anamanzanares@MacBook-Pro-de-Ana.local>
Your name and email address were configured automatically based
on your username and hostname. Please check that they are accurate.
You can suppress this message by setting them explicitly:

    git config --global user.name "Your Name"
    git config --global user.email you@example.com

After doing this, you may fix the identity used for this commit with:

    git commit --amend --reset-author

 2 files changed, 54 insertions(+)
[2026-01-03 20:34:56] ✅ Commit creado exitosamente
[1;33m🔍 Verificando cambios pendientes...[0m
[1;33m📝 Cambios detectados. Creando commit automático...[0m
[main ebd8929] Auto-commit: Actualización automática del portfolio
 Committer: Ana Manzanares <anamanzanares@MacBook-Pro-de-Ana.local>
Your name and email address were configured automatically based
on your username and hostname. Please check that they are accurate.
You can suppress this message by setting them explicitly:

    git config --global user.name "Your Name"
    git config --global user.email you@example.com

After doing this, you may fix the identity used for this commit with:

    git commit --amend --reset-author

 1 file changed, 17 insertions(+)
[0;32m✅ Commit automático creado exitosamente[0m
To https://github.com/anamanz7/my-life.git
   79e17c8..939e0df  main -> main
[2026-01-03 20:34:58] ✅ Push realizado exitosamente a GitHub
[2026-01-03 20:34:58] === Verificación completada ===
[2026-01-03 20:44:24] === Iniciando verificación automática ===
[2026-01-03 20:44:24] Cambios detectados, creando commit...
[main 6b7d82c] Auto-commit: 1 modificado(s)
 Committer: Ana Manzanares <anamanzanares@MacBook-Pro-de-Ana.local>
Your name and email address were configured automatically based
on your username and hostname. Please check that they are accurate.
You can suppress this message by setting them explicitly:

    git config --global user.name "Your Name"
    git config --global user.email you@example.com

After doing this, you may fix the identity used for this commit with:

    git commit --amend --reset-author

 2 files changed, 6 insertions(+)
[2026-01-03 20:44:24] ✅ Commit creado exitosamente
[1;33m🔍 Verificando cambios pendientes...[0m
[1;33m📝 Cambios detectados. Creando commit automático...[0m
[main 1776a32] Auto-commit: Actualización automática del portfolio
 Committer: Ana Manzanares <anamanzanares@MacBook-Pro-de-Ana.local>
Your name and email address were configured automatically based
on your username and hostname. Please check that they are accurate.
You can suppress this message by setting them explicitly:

    git config --global user.name "Your Name"
    git config --global user.email you@example.com

After doing this, you may fix the identity used for this commit with:

    git commit --amend --reset-author

 1 file changed, 17 insertions(+)
[0;32m✅ Commit automático creado exitosamente[0m
To https://github.com/anamanz7/my-life.git
   ebd8929..6b7d82c  main -> main
[2026-01-03 20:44:26] ✅ Push realizado exitosamente a GitHub
[2026-01-03 20:44:26] === Verificación completada ===
[2026-01-03 20:54:26] === Iniciando verificación automática ===
[2026-01-03 20:54:26] Cambios detectados, creando commit...
[main dc0fecc] Auto-commit: 3 modificado(s)
 Committer: Ana Manzanares <anamanzanares@MacBook-Pro-de-Ana.local>
Your name and email address were configured automatically based
on your username and hostname. Please check that they are accurate.
You can suppress this message by setting them explicitly:

    git config --global user.name "Your Name"
    git config --global user.email you@example.com

After doing this, you may fix the identity used for this commit with:

    git commit --amend --reset-author

 4 files changed, 17 insertions(+), 9 deletions(-)
[2026-01-03 20:54:27] ✅ Commit creado exitosamente
[1;33m🔍 Verificando cambios pendientes...[0m
[1;33m📝 Cambios detectados. Creando commit automático...[0m
[main b652337] Auto-commit: Actualización automática del portfolio
 Committer: Ana Manzanares <anamanzanares@MacBook-Pro-de-Ana.local>
Your name and email address were configured automatically based
on your username and hostname. Please check that they are accurate.
You can suppress this message by setting them explicitly:

    git config --global user.name "Your Name"
    git config --global user.email you@example.com

After doing this, you may fix the identity used for this commit with:

    git commit --amend --reset-author

 1 file changed, 17 insertions(+)
[0;32m✅ Commit automático creado exitosamente[0m
To https://github.com/anamanz7/my-life.git
   dde9977..dc0fecc  main -> main
[2026-01-03 20:54:28] ✅ Push realizado exitosamente a GitHub
[2026-01-03 20:54:28] === Verificación completada ===
[2026-01-03 21:04:29] === Iniciando verificación automática ===
[2026-01-03 21:04:29] Cambios detectados, creando commit...
[main c89ee7d] Auto-commit: 1 modificado(s)
 Committer: Ana Manzanares <anamanzanares@MacBook-Pro-de-Ana.local>
Your name and email address were configured automatically based
on your username and hostname. Please check that they are accurate.
You can suppress this message by setting them explicitly:

    git config --global user.name "Your Name"
    git config --global user.email you@example.com

After doing this, you may fix the identity used for this commit with:

    git commit --amend --reset-author

 2 files changed, 25 insertions(+)
[2026-01-03 21:04:29] ✅ Commit creado exitosamente
[1;33m🔍 Verificando cambios pendientes...[0m
[1;33m📝 Cambios detectados. Creando commit automático...[0m
[main 36cf9c1] Auto-commit: Actualización automática del portfolio
 Committer: Ana Manzanares <anamanzanares@MacBook-Pro-de-Ana.local>
Your name and email address were configured automatically based
on your username and hostname. Please check that they are accurate.
You can suppress this message by setting them explicitly:

    git config --global user.name "Your Name"
    git config --global user.email you@example.com

After doing this, you may fix the identity used for this commit with:

    git commit --amend --reset-author

 1 file changed, 17 insertions(+)
[0;32m✅ Commit automático creado exitosamente[0m
To https://github.com/anamanz7/my-life.git
   b652337..c89ee7d  main -> main
[2026-01-03 21:04:31] ✅ Push realizado exitosamente a GitHub
[2026-01-03 21:04:31] === Verificación completada ===
[2026-01-03 21:14:31] === Iniciando verificación automática ===
[2026-01-03 21:14:31] Cambios detectados, creando commit...
[main 68b6033] Auto-commit: 2 modificado(s)
 Committer: Ana Manzanares <anamanzanares@MacBook-Pro-de-Ana.local>
Your name and email address were configured automatically based
on your username and hostname. Please check that they are accurate.
You can suppress this message by setting them explicitly:

    git config --global user.name "Your Name"
    git config --global user.email you@example.com

After doing this, you may fix the identity used for this commit with:

    git commit --amend --reset-author

 3 files changed, 27 insertions(+), 2 deletions(-)
[2026-01-03 21:14:31] ✅ Commit creado exitosamente
[1;33m🔍 Verificando cambios pendientes...[0m
[1;33m📝 Cambios detectados. Creando commit automático...[0m
[main 84bb27e] Auto-commit: Actualización automática del portfolio
 Committer: Ana Manzanares <anamanzanares@MacBook-Pro-de-Ana.local>
Your name and email address were configured automatically based
on your username and hostname. Please check that they are accurate.
You can suppress this message by setting them explicitly:

    git config --global user.name "Your Name"
    git config --global user.email you@example.com

After doing this, you may fix the identity used for this commit with:

    git commit --amend --reset-author

 1 file changed, 17 insertions(+)
[0;32m✅ Commit automático creado exitosamente[0m
To https://github.com/anamanz7/my-life.git
   36cf9c1..68b6033  main -> main
[2026-01-03 21:14:33] ✅ Push realizado exitosamente a GitHub
[2026-01-03 21:14:33] === Verificación completada ===
[2026-01-03 21:24:33] === Iniciando verificación automática ===
[2026-01-03 21:24:33] Cambios detectados, creando commit...
[main 7b0c29c] Auto-commit: 4 modificado(s)
 Committer: Ana Manzanares <anamanzanares@MacBook-Pro-de-Ana.local>
Your name and email address were configured automatically based
on your username and hostname. Please check that they are accurate.
You can suppress this message by setting them explicitly:

    git config --global user.name "Your Name"
    git config --global user.email you@example.com

After doing this, you may fix the identity used for this commit with:

    git commit --amend --reset-author

 5 files changed, 141 insertions(+), 85 deletions(-)
[2026-01-03 21:24:33] ✅ Commit creado exitosamente
[1;33m🔍 Verificando cambios pendientes...[0m
[1;33m📝 Cambios detectados. Creando commit automático...[0m
[main a35332e] Auto-commit: Actualización automática del portfolio
 Committer: Ana Manzanares <anamanzanares@MacBook-Pro-de-Ana.local>
Your name and email address were configured automatically based
on your username and hostname. Please check that they are accurate.
You can suppress this message by setting them explicitly:

    git config --global user.name "Your Name"
    git config --global user.email you@example.com

After doing this, you may fix the identity used for this commit with:

    git commit --amend --reset-author

 1 file changed, 17 insertions(+)
[0;32m✅ Commit automático creado exitosamente[0m
To https://github.com/anamanz7/my-life.git
   54b5e41..7b0c29c  main -> main
[2026-01-03 21:24:35] ✅ Push realizado exitosamente a GitHub
[2026-01-03 21:24:35] === Verificación completada ===
[2026-01-03 21:34:35] === Iniciando verificación automática ===
[2026-01-03 21:34:35] Cambios detectados, creando commit...
[main f7b5f45] Auto-commit: 3 modificado(s)
 Committer: Ana Manzanares <anamanzanares@MacBook-Pro-de-Ana.local>
Your name and email address were configured automatically based
on your username and hostname. Please check that they are accurate.
You can suppress this message by setting them explicitly:

    git config --global user.name "Your Name"
    git config --global user.email you@example.com

After doing this, you may fix the identity used for this commit with:

    git commit --amend --reset-author

 4 files changed, 86 insertions(+), 73 deletions(-)
[2026-01-03 21:34:36] ✅ Commit creado exitosamente
[1;33m🔍 Verificando cambios pendientes...[0m
[1;33m📝 Cambios detectados. Creando commit automático...[0m
[main 289efe3] Auto-commit: Actualización automática del portfolio
 Committer: Ana Manzanares <anamanzanares@MacBook-Pro-de-Ana.local>
Your name and email address were configured automatically based
on your username and hostname. Please check that they are accurate.
You can suppress this message by setting them explicitly:

    git config --global user.name "Your Name"
    git config --global user.email you@example.com

After doing this, you may fix the identity used for this commit with:

    git commit --amend --reset-author

 1 file changed, 17 insertions(+)
[0;32m✅ Commit automático creado exitosamente[0m
To https://github.com/anamanz7/my-life.git
   5c9b633..f7b5f45  main -> main
[2026-01-03 21:34:40] ✅ Push realizado exitosamente a GitHub
[2026-01-03 21:34:40] === Verificación completada ===
[2026-01-03 21:44:40] === Iniciando verificación automática ===
[2026-01-03 21:44:40] Cambios detectados, creando commit...
[main ef1d4e3] Auto-commit: 1 modificado(s)
 Committer: Ana Manzanares <anamanzanares@MacBook-Pro-de-Ana.local>
Your name and email address were configured automatically based
on your username and hostname. Please check that they are accurate.
You can suppress this message by setting them explicitly:

    git config --global user.name "Your Name"
    git config --global user.email you@example.com

After doing this, you may fix the identity used for this commit with:

    git commit --amend --reset-author

 2 files changed, 6 insertions(+)
[2026-01-03 21:44:40] ✅ Commit creado exitosamente
[1;33m🔍 Verificando cambios pendientes...[0m
[1;33m📝 Cambios detectados. Creando commit automático...[0m
[main 579dd4f] Auto-commit: Actualización automática del portfolio
 Committer: Ana Manzanares <anamanzanares@MacBook-Pro-de-Ana.local>
Your name and email address were configured automatically based
on your username and hostname. Please check that they are accurate.
You can suppress this message by setting them explicitly:

    git config --global user.name "Your Name"
    git config --global user.email you@example.com

After doing this, you may fix the identity used for this commit with:

    git commit --amend --reset-author

 1 file changed, 17 insertions(+)
[0;32m✅ Commit automático creado exitosamente[0m
To https://github.com/anamanz7/my-life.git
   7cc4a7a..ef1d4e3  main -> main
[2026-01-03 21:44:42] ✅ Push realizado exitosamente a GitHub
[2026-01-03 21:44:42] === Verificación completada ===
[2026-01-03 21:54:42] === Iniciando verificación automática ===
[2026-01-03 21:54:42] Cambios detectados, creando commit...
[main 381eeeb] Auto-commit: 3 modificado(s)
 Committer: Ana Manzanares <anamanzanares@MacBook-Pro-de-Ana.local>
Your name and email address were configured automatically based
on your username and hostname. Please check that they are accurate.
You can suppress this message by setting them explicitly:

    git config --global user.name "Your Name"
    git config --global user.email you@example.com

After doing this, you may fix the identity used for this commit with:

    git commit --amend --reset-author

 4 files changed, 94 insertions(+), 49 deletions(-)
[2026-01-03 21:54:42] ✅ Commit creado exitosamente
[1;33m🔍 Verificando cambios pendientes...[0m
[1;33m📝 Cambios detectados. Creando commit automático...[0m
[main 978e869] Auto-commit: Actualización automática del portfolio
 Committer: Ana Manzanares <anamanzanares@MacBook-Pro-de-Ana.local>
Your name and email address were configured automatically based
on your username and hostname. Please check that they are accurate.
You can suppress this message by setting them explicitly:

    git config --global user.name "Your Name"
    git config --global user.email you@example.com

After doing this, you may fix the identity used for this commit with:

    git commit --amend --reset-author

 1 file changed, 17 insertions(+)
[0;32m✅ Commit automático creado exitosamente[0m
To https://github.com/anamanz7/my-life.git
   ce559e3..381eeeb  main -> main
[2026-01-03 21:54:44] ✅ Push realizado exitosamente a GitHub
[2026-01-03 21:54:44] === Verificación completada ===
[2026-01-03 22:04:44] === Iniciando verificación automática ===
[2026-01-03 22:04:44] Cambios detectados, creando commit...
[main 7f9ef7d] Auto-commit: 2 modificado(s)
 Committer: Ana Manzanares <anamanzanares@MacBook-Pro-de-Ana.local>
Your name and email address were configured automatically based
on your username and hostname. Please check that they are accurate.
You can suppress this message by setting them explicitly:

    git config --global user.name "Your Name"
    git config --global user.email you@example.com

After doing this, you may fix the identity used for this commit with:

    git commit --amend --reset-author

 3 files changed, 26 insertions(+), 1 deletion(-)
[2026-01-03 22:04:45] ✅ Commit creado exitosamente
[1;33m🔍 Verificando cambios pendientes...[0m
[1;33m📝 Cambios detectados. Creando commit automático...[0m
[main 01b2917] Auto-commit: Actualización automática del portfolio
 Committer: Ana Manzanares <anamanzanares@MacBook-Pro-de-Ana.local>
Your name and email address were configured automatically based
on your username and hostname. Please check that they are accurate.
You can suppress this message by setting them explicitly:

    git config --global user.name "Your Name"
    git config --global user.email you@example.com

After doing this, you may fix the identity used for this commit with:

    git commit --amend --reset-author

 1 file changed, 17 insertions(+)
[0;32m✅ Commit automático creado exitosamente[0m
To https://github.com/anamanz7/my-life.git
   978e869..7f9ef7d  main -> main
[2026-01-03 22:04:46] ✅ Push realizado exitosamente a GitHub
[2026-01-03 22:04:46] === Verificación completada ===
[2026-01-03 22:14:46] === Iniciando verificación automática ===
[2026-01-03 22:14:46] Cambios detectados, creando commit...
[main 4ad625e] Auto-commit: 1 modificado(s), 1 nuevo(s)
 Committer: Ana Manzanares <anamanzanares@MacBook-Pro-de-Ana.local>
Your name and email address were configured automatically based
on your username and hostname. Please check that they are accurate.
You can suppress this message by setting them explicitly:

    git config --global user.name "Your Name"
    git config --global user.email you@example.com

After doing this, you may fix the identity used for this commit with:

    git commit --amend --reset-author

 5 files changed, 85 insertions(+), 3 deletions(-)
 create mode 100644 paleta-colores.png
[2026-01-03 22:14:46] ✅ Commit creado exitosamente
[1;33m🔍 Verificando cambios pendientes...[0m
[1;33m📝 Cambios detectados. Creando commit automático...[0m
[main 17f34fc] Auto-commit: Actualización automática del portfolio
 Committer: Ana Manzanares <anamanzanares@MacBook-Pro-de-Ana.local>
Your name and email address were configured automatically based
on your username and hostname. Please check that they are accurate.
You can suppress this message by setting them explicitly:

    git config --global user.name "Your Name"
    git config --global user.email you@example.com

After doing this, you may fix the identity used for this commit with:

    git commit --amend --reset-author

 1 file changed, 18 insertions(+)
[0;32m✅ Commit automático creado exitosamente[0m
To https://github.com/anamanz7/my-life.git
   01b2917..4ad625e  main -> main
[2026-01-03 22:14:48] ✅ Push realizado exitosamente a GitHub
[2026-01-03 22:14:48] === Verificación completada ===
[2026-01-03 22:54:14] === Iniciando verificación automática ===
[2026-01-03 22:54:15] Cambios detectados, creando commit...
[main 2ca9bac] Auto-commit: 1 modificado(s)
 Committer: Ana Manzanares <anamanzanares@MacBook-Pro-de-Ana.local>
Your name and email address were configured automatically based
on your username and hostname. Please check that they are accurate.
You can suppress this message by setting them explicitly:

    git config --global user.name "Your Name"
    git config --global user.email you@example.com

After doing this, you may fix the identity used for this commit with:

    git commit --amend --reset-author

 2 files changed, 6 insertions(+)
[2026-01-03 22:54:15] ✅ Commit creado exitosamente
[1;33m🔍 Verificando cambios pendientes...[0m
[1;33m📝 Cambios detectados. Creando commit automático...[0m
[main 44c870a] Auto-commit: Actualización automática del portfolio
 Committer: Ana Manzanares <anamanzanares@MacBook-Pro-de-Ana.local>
Your name and email address were configured automatically based
on your username and hostname. Please check that they are accurate.
You can suppress this message by setting them explicitly:

    git config --global user.name "Your Name"
    git config --global user.email you@example.com

After doing this, you may fix the identity used for this commit with:

    git commit --amend --reset-author

 1 file changed, 17 insertions(+)
[0;32m✅ Commit automático creado exitosamente[0m
To https://github.com/anamanz7/my-life.git
   b17d31f..2ca9bac  main -> main
[2026-01-03 22:54:16] ✅ Push realizado exitosamente a GitHub
[2026-01-03 22:54:16] === Verificación completada ===
[2026-01-03 23:04:16] === Iniciando verificación automática ===
[2026-01-03 23:04:17] Cambios detectados, creando commit...
[main 8f1825d] Auto-commit: 1 modificado(s)
 Committer: Ana Manzanares <anamanzanares@MacBook-Pro-de-Ana.local>
Your name and email address were configured automatically based
on your username and hostname. Please check that they are accurate.
You can suppress this message by setting them explicitly:

    git config --global user.name "Your Name"
    git config --global user.email you@example.com

After doing this, you may fix the identity used for this commit with:

    git commit --amend --reset-author

 2 files changed, 25 insertions(+)
[2026-01-03 23:04:17] ✅ Commit creado exitosamente
[1;33m🔍 Verificando cambios pendientes...[0m
[1;33m📝 Cambios detectados. Creando commit automático...[0m
[main de1292b] Auto-commit: Actualización automática del portfolio
 Committer: Ana Manzanares <anamanzanares@MacBook-Pro-de-Ana.local>
Your name and email address were configured automatically based
on your username and hostname. Please check that they are accurate.
You can suppress this message by setting them explicitly:

    git config --global user.name "Your Name"
    git config --global user.email you@example.com

After doing this, you may fix the identity used for this commit with:

    git commit --amend --reset-author

 1 file changed, 17 insertions(+)
[0;32m✅ Commit automático creado exitosamente[0m
To https://github.com/anamanz7/my-life.git
   44c870a..8f1825d  main -> main
[2026-01-03 23:04:19] ✅ Push realizado exitosamente a GitHub
[2026-01-03 23:04:19] === Verificación completada ===
[2026-01-03 23:14:19] === Iniciando verificación automática ===
[2026-01-03 23:14:19] Cambios detectados, creando commit...
[main 9d32133] Auto-commit: 1 modificado(s)
 Committer: Ana Manzanares <anamanzanares@MacBook-Pro-de-Ana.local>
Your name and email address were configured automatically based
on your username and hostname. Please check that they are accurate.
You can suppress this message by setting them explicitly:

    git config --global user.name "Your Name"
    git config --global user.email you@example.com

After doing this, you may fix the identity used for this commit with:

    git commit --amend --reset-author

 2 files changed, 25 insertions(+)
[2026-01-03 23:14:19] ✅ Commit creado exitosamente
[1;33m🔍 Verificando cambios pendientes...[0m
[1;33m📝 Cambios detectados. Creando commit automático...[0m
[main eb79d0c] Auto-commit: Actualización automática del portfolio
 Committer: Ana Manzanares <anamanzanares@MacBook-Pro-de-Ana.local>
Your name and email address were configured automatically based
on your username and hostname. Please check that they are accurate.
You can suppress this message by setting them explicitly:

    git config --global user.name "Your Name"
    git config --global user.email you@example.com

After doing this, you may fix the identity used for this commit with:

    git commit --amend --reset-author

 1 file changed, 17 insertions(+)
[0;32m✅ Commit automático creado exitosamente[0m
To https://github.com/anamanz7/my-life.git
   de1292b..9d32133  main -> main
[2026-01-03 23:14:21] ✅ Push realizado exitosamente a GitHub
[2026-01-03 23:14:21] === Verificación completada ===
[2026-01-03 23:24:21] === Iniciando verificación automática ===
[2026-01-03 23:24:21] Cambios detectados, creando commit...
[main bd7756f] Auto-commit: 1 modificado(s)
 Committer: Ana Manzanares <anamanzanares@MacBook-Pro-de-Ana.local>
Your name and email address were configured automatically based
on your username and hostname. Please check that they are accurate.
You can suppress this message by setting them explicitly:

    git config --global user.name "Your Name"
    git config --global user.email you@example.com

After doing this, you may fix the identity used for this commit with:

    git commit --amend --reset-author

 2 files changed, 25 insertions(+)
[2026-01-03 23:24:21] ✅ Commit creado exitosamente
[1;33m🔍 Verificando cambios pendientes...[0m
[1;33m📝 Cambios detectados. Creando commit automático...[0m
[main 9a88b19] Auto-commit: Actualización automática del portfolio
 Committer: Ana Manzanares <anamanzanares@MacBook-Pro-de-Ana.local>
Your name and email address were configured automatically based
on your username and hostname. Please check that they are accurate.
You can suppress this message by setting them explicitly:

    git config --global user.name "Your Name"
    git config --global user.email you@example.com

After doing this, you may fix the identity used for this commit with:

    git commit --amend --reset-author

 1 file changed, 17 insertions(+)
[0;32m✅ Commit automático creado exitosamente[0m
To https://github.com/anamanz7/my-life.git
   eb79d0c..bd7756f  main -> main
[2026-01-03 23:24:23] ✅ Push realizado exitosamente a GitHub
[2026-01-03 23:24:23] === Verificación completada ===
[2026-01-03 23:34:23] === Iniciando verificación automática ===
[2026-01-03 23:34:23] Cambios detectados, creando commit...
[main 86ea81f] Auto-commit: 2 modificado(s), 1 eliminado(s)
 Committer: Ana Manzanares <anamanzanares@MacBook-Pro-de-Ana.local>
Your name and email address were configured automatically based
on your username and hostname. Please check that they are accurate.
You can suppress this message by setting them explicitly:

    git config --global user.name "Your Name"
    git config --global user.email you@example.com

After doing this, you may fix the identity used for this commit with:

    git commit --amend --reset-author

 4 files changed, 24 insertions(+), 1 deletion(-)
 delete mode 100644 PORTFOLIO/Captura de pantalla 2026-01-02 a las 15.08.49.png
[2026-01-03 23:34:23] ✅ Commit creado exitosamente
[1;33m🔍 Verificando cambios pendientes...[0m
[1;33m📝 Cambios detectados. Creando commit automático...[0m
[main 34fbf55] Auto-commit: Actualización automática del portfolio
 Committer: Ana Manzanares <anamanzanares@MacBook-Pro-de-Ana.local>
Your name and email address were configured automatically based
on your username and hostname. Please check that they are accurate.
You can suppress this message by setting them explicitly:

    git config --global user.name "Your Name"
    git config --global user.email you@example.com

After doing this, you may fix the identity used for this commit with:

    git commit --amend --reset-author

 1 file changed, 18 insertions(+)
[0;32m✅ Commit automático creado exitosamente[0m
To https://github.com/anamanz7/my-life.git
   9a88b19..86ea81f  main -> main
[2026-01-03 23:34:25] ✅ Push realizado exitosamente a GitHub
[2026-01-03 23:34:25] === Verificación completada ===
[2026-01-03 23:34:44] === Iniciando verificación automática ===
[2026-01-03 23:34:44] Cambios detectados, creando commit...
[main 589f5a5] Auto-commit: 1 modificado(s)
 Committer: Ana Manzanares <anamanzanares@MacBook-Pro-de-Ana.local>
Your name and email address were configured automatically based
on your username and hostname. Please check that they are accurate.
You can suppress this message by setting them explicitly:

    git config --global user.name "Your Name"
    git config --global user.email you@example.com

After doing this, you may fix the identity used for this commit with:

    git commit --amend --reset-author

 1 file changed, 21 insertions(+)
[2026-01-03 23:34:44] ✅ Commit creado exitosamente
[1;33m🔍 Verificando cambios pendientes...[0m
[1;33m📝 Cambios detectados. Creando commit automático...[0m
[main a04854b] Auto-commit: Actualización automática del portfolio
 Committer: Ana Manzanares <anamanzanares@MacBook-Pro-de-Ana.local>
Your name and email address were configured automatically based
on your username and hostname. Please check that they are accurate.
You can suppress this message by setting them explicitly:

    git config --global user.name "Your Name"
    git config --global user.email you@example.com

After doing this, you may fix the identity used for this commit with:

    git commit --amend --reset-author

 1 file changed, 17 insertions(+)
[0;32m✅ Commit automático creado exitosamente[0m
To https://github.com/anamanz7/my-life.git
   34fbf55..589f5a5  main -> main
[2026-01-03 23:34:45] ✅ Push realizado exitosamente a GitHub
[2026-01-03 23:34:45] === Verificación completada ===
[2026-01-03 23:36:02] === Iniciando verificación automática ===
[2026-01-03 23:36:02] Cambios detectados, creando commit...
[main 36554c5] Auto-commit: 2 modificado(s)
 Committer: Ana Manzanares <anamanzanares@MacBook-Pro-de-Ana.local>
Your name and email address were configured automatically based
on your username and hostname. Please check that they are accurate.
You can suppress this message by setting them explicitly:

    git config --global user.name "Your Name"
    git config --global user.email you@example.com

After doing this, you may fix the identity used for this commit with:

    git commit --amend --reset-author

 2 files changed, 27 insertions(+), 2 deletions(-)
[2026-01-03 23:36:02] ✅ Commit creado exitosamente
[1;33m🔍 Verificando cambios pendientes...[0m
[1;33m📝 Cambios detectados. Creando commit automático...[0m
[main d157451] Auto-commit: Actualización automática del portfolio
 Committer: Ana Manzanares <anamanzanares@MacBook-Pro-de-Ana.local>
Your name and email address were configured automatically based
on your username and hostname. Please check that they are accurate.
You can suppress this message by setting them explicitly:

    git config --global user.name "Your Name"
    git config --global user.email you@example.com

After doing this, you may fix the identity used for this commit with:

    git commit --amend --reset-author

 1 file changed, 17 insertions(+)
[0;32m✅ Commit automático creado exitosamente[0m
To https://github.com/anamanz7/my-life.git
   a04854b..36554c5  main -> main
[2026-01-03 23:36:04] ✅ Push realizado exitosamente a GitHub
[2026-01-03 23:36:04] === Verificación completada ===
[2026-01-03 23:44:25] === Iniciando verificación automática ===
[2026-01-03 23:44:25] Cambios detectados, creando commit...
[main 5909d89] Auto-commit: 2 modificado(s)
 Committer: Ana Manzanares <anamanzanares@MacBook-Pro-de-Ana.local>
Your name and email address were configured automatically based
on your username and hostname. Please check that they are accurate.
You can suppress this message by setting them explicitly:

    git config --global user.name "Your Name"
    git config --global user.email you@example.com

After doing this, you may fix the identity used for this commit with:

    git commit --amend --reset-author

 3 files changed, 29 insertions(+), 2 deletions(-)
[2026-01-03 23:44:25] ✅ Commit creado exitosamente
[1;33m🔍 Verificando cambios pendientes...[0m
[1;33m📝 Cambios detectados. Creando commit automático...[0m
[main 7e1da4c] Auto-commit: Actualización automática del portfolio
 Committer: Ana Manzanares <anamanzanares@MacBook-Pro-de-Ana.local>
Your name and email address were configured automatically based
on your username and hostname. Please check that they are accurate.
You can suppress this message by setting them explicitly:

    git config --global user.name "Your Name"
    git config --global user.email you@example.com

After doing this, you may fix the identity used for this commit with:

    git commit --amend --reset-author

 1 file changed, 17 insertions(+)
[0;32m✅ Commit automático creado exitosamente[0m
To https://github.com/anamanz7/my-life.git
   d157451..5909d89  main -> main
[2026-01-03 23:44:27] ✅ Push realizado exitosamente a GitHub
[2026-01-03 23:44:27] === Verificación completada ===
[2026-01-03 23:54:27] === Iniciando verificación automática ===
[2026-01-03 23:54:27] Cambios detectados, creando commit...
[main 732d34b] Auto-commit: 1 modificado(s)
 Committer: Ana Manzanares <anamanzanares@MacBook-Pro-de-Ana.local>
Your name and email address were configured automatically based
on your username and hostname. Please check that they are accurate.
You can suppress this message by setting them explicitly:

    git config --global user.name "Your Name"
    git config --global user.email you@example.com

After doing this, you may fix the identity used for this commit with:

    git commit --amend --reset-author

 2 files changed, 25 insertions(+)
[2026-01-03 23:54:27] ✅ Commit creado exitosamente
[1;33m🔍 Verificando cambios pendientes...[0m
[1;33m📝 Cambios detectados. Creando commit automático...[0m
[main 5fc6ee1] Auto-commit: Actualización automática del portfolio
 Committer: Ana Manzanares <anamanzanares@MacBook-Pro-de-Ana.local>
Your name and email address were configured automatically based
on your username and hostname. Please check that they are accurate.
You can suppress this message by setting them explicitly:

    git config --global user.name "Your Name"
    git config --global user.email you@example.com

After doing this, you may fix the identity used for this commit with:

    git commit --amend --reset-author

 1 file changed, 17 insertions(+)
[0;32m✅ Commit automático creado exitosamente[0m
To https://github.com/anamanz7/my-life.git
   7e1da4c..732d34b  main -> main
[2026-01-03 23:54:29] ✅ Push realizado exitosamente a GitHub
[2026-01-03 23:54:29] === Verificación completada ===
[2026-01-04 11:36:41] === Iniciando verificación automática ===
[2026-01-04 11:36:41] Cambios detectados, creando commit...
[main 8c5f1ea] Auto-commit: 1 modificado(s)
 Committer: Ana Manzanares <anamanzanares@MacBook-Pro-de-Ana.local>
Your name and email address were configured automatically based
on your username and hostname. Please check that they are accurate.
You can suppress this message by setting them explicitly:

    git config --global user.name "Your Name"
    git config --global user.email you@example.com

After doing this, you may fix the identity used for this commit with:

    git commit --amend --reset-author

 2 files changed, 25 insertions(+)
[2026-01-04 11:36:43] ✅ Commit creado exitosamente
[1;33m🔍 Verificando cambios pendientes...[0m
[1;33m📝 Cambios detectados. Creando commit automático...[0m
[main 830b5a7] Auto-commit: Actualización automática del portfolio
 Committer: Ana Manzanares <anamanzanares@MacBook-Pro-de-Ana.local>
Your name and email address were configured automatically based
on your username and hostname. Please check that they are accurate.
You can suppress this message by setting them explicitly:

    git config --global user.name "Your Name"
    git config --global user.email you@example.com

After doing this, you may fix the identity used for this commit with:

    git commit --amend --reset-author

 1 file changed, 17 insertions(+)
[0;32m✅ Commit automático creado exitosamente[0m
To https://github.com/anamanz7/my-life.git
   5fc6ee1..8c5f1ea  main -> main
[2026-01-04 11:36:48] ✅ Push realizado exitosamente a GitHub
[2026-01-04 11:36:48] === Verificación completada ===
[2026-01-04 11:46:48] === Iniciando verificación automática ===
[2026-01-04 11:46:48] Cambios detectados, creando commit...
[main ec94d3b] Auto-commit: 1 modificado(s)
 Committer: Ana Manzanares <anamanzanares@MacBook-Pro-de-Ana.local>
Your name and email address were configured automatically based
on your username and hostname. Please check that they are accurate.
You can suppress this message by setting them explicitly:

    git config --global user.name "Your Name"
    git config --global user.email you@example.com

After doing this, you may fix the identity used for this commit with:

    git commit --amend --reset-author

 2 files changed, 25 insertions(+)
[2026-01-04 11:46:48] ✅ Commit creado exitosamente
[1;33m🔍 Verificando cambios pendientes...[0m
[1;33m📝 Cambios detectados. Creando commit automático...[0m
[main 78bd7e9] Auto-commit: Actualización automática del portfolio
 Committer: Ana Manzanares <anamanzanares@MacBook-Pro-de-Ana.local>
Your name and email address were configured automatically based
on your username and hostname. Please check that they are accurate.
You can suppress this message by setting them explicitly:

    git config --global user.name "Your Name"
    git config --global user.email you@example.com

After doing this, you may fix the identity used for this commit with:

    git commit --amend --reset-author

 1 file changed, 17 insertions(+)
[0;32m✅ Commit automático creado exitosamente[0m
To https://github.com/anamanz7/my-life.git
   830b5a7..ec94d3b  main -> main
[2026-01-04 11:46:50] ✅ Push realizado exitosamente a GitHub
[2026-01-04 11:46:50] === Verificación completada ===
[2026-01-04 11:56:50] === Iniciando verificación automática ===
[2026-01-04 11:56:50] Cambios detectados, creando commit...
[main 2b3fe3b] Auto-commit: 1 modificado(s)
 Committer: Ana Manzanares <anamanzanares@MacBook-Pro-de-Ana.local>
Your name and email address were configured automatically based
on your username and hostname. Please check that they are accurate.
You can suppress this message by setting them explicitly:

    git config --global user.name "Your Name"
    git config --global user.email you@example.com

After doing this, you may fix the identity used for this commit with:

    git commit --amend --reset-author

 2 files changed, 25 insertions(+)
[2026-01-04 11:56:51] ✅ Commit creado exitosamente
[1;33m🔍 Verificando cambios pendientes...[0m
[1;33m📝 Cambios detectados. Creando commit automático...[0m
[main 0813e2d] Auto-commit: Actualización automática del portfolio
 Committer: Ana Manzanares <anamanzanares@MacBook-Pro-de-Ana.local>
Your name and email address were configured automatically based
on your username and hostname. Please check that they are accurate.
You can suppress this message by setting them explicitly:

    git config --global user.name "Your Name"
    git config --global user.email you@example.com

After doing this, you may fix the identity used for this commit with:

    git commit --amend --reset-author

 1 file changed, 17 insertions(+)
[0;32m✅ Commit automático creado exitosamente[0m
To https://github.com/anamanz7/my-life.git
   78bd7e9..2b3fe3b  main -> main
[2026-01-04 11:56:52] ✅ Push realizado exitosamente a GitHub
[2026-01-04 11:56:52] === Verificación completada ===
[2026-01-04 12:06:52] === Iniciando verificación automática ===
[2026-01-04 12:06:52] Cambios detectados, creando commit...
[main 52c0838] Auto-commit: 1 modificado(s)
 Committer: Ana Manzanares <anamanzanares@MacBook-Pro-de-Ana.local>
Your name and email address were configured automatically based
on your username and hostname. Please check that they are accurate.
You can suppress this message by setting them explicitly:

    git config --global user.name "Your Name"
    git config --global user.email you@example.com

After doing this, you may fix the identity used for this commit with:

    git commit --amend --reset-author

 2 files changed, 25 insertions(+)
[2026-01-04 12:06:52] ✅ Commit creado exitosamente
[1;33m🔍 Verificando cambios pendientes...[0m
[1;33m📝 Cambios detectados. Creando commit automático...[0m
[main f22bd68] Auto-commit: Actualización automática del portfolio
 Committer: Ana Manzanares <anamanzanares@MacBook-Pro-de-Ana.local>
Your name and email address were configured automatically based
on your username and hostname. Please check that they are accurate.
You can suppress this message by setting them explicitly:

    git config --global user.name "Your Name"
    git config --global user.email you@example.com

After doing this, you may fix the identity used for this commit with:

    git commit --amend --reset-author

 1 file changed, 17 insertions(+)
[0;32m✅ Commit automático creado exitosamente[0m
To https://github.com/anamanz7/my-life.git
   0813e2d..52c0838  main -> main
[2026-01-04 12:06:54] ✅ Push realizado exitosamente a GitHub
[2026-01-04 12:06:54] === Verificación completada ===
[2026-01-04 12:16:54] === Iniciando verificación automática ===
[2026-01-04 12:16:54] Cambios detectados, creando commit...
[main 0b59da2] Auto-commit: 1 modificado(s)
 Committer: Ana Manzanares <anamanzanares@MacBook-Pro-de-Ana.local>
Your name and email address were configured automatically based
on your username and hostname. Please check that they are accurate.
You can suppress this message by setting them explicitly:

    git config --global user.name "Your Name"
    git config --global user.email you@example.com

After doing this, you may fix the identity used for this commit with:

    git commit --amend --reset-author

 2 files changed, 25 insertions(+)
[2026-01-04 12:16:54] ✅ Commit creado exitosamente
[1;33m🔍 Verificando cambios pendientes...[0m
[1;33m📝 Cambios detectados. Creando commit automático...[0m
[main e2d3c8b] Auto-commit: Actualización automática del portfolio
 Committer: Ana Manzanares <anamanzanares@MacBook-Pro-de-Ana.local>
Your name and email address were configured automatically based
on your username and hostname. Please check that they are accurate.
You can suppress this message by setting them explicitly:

    git config --global user.name "Your Name"
    git config --global user.email you@example.com

After doing this, you may fix the identity used for this commit with:

    git commit --amend --reset-author

 1 file changed, 17 insertions(+)
[0;32m✅ Commit automático creado exitosamente[0m
To https://github.com/anamanz7/my-life.git
   f22bd68..0b59da2  main -> main
[2026-01-04 12:16:57] ✅ Push realizado exitosamente a GitHub
[2026-01-04 12:16:57] === Verificación completada ===
[2026-01-04 12:26:57] === Iniciando verificación automática ===
[2026-01-04 12:26:57] Cambios detectados, creando commit...
[main a630a29] Auto-commit: 2 modificado(s)
 Committer: Ana Manzanares <anamanzanares@MacBook-Pro-de-Ana.local>
Your name and email address were configured automatically based
on your username and hostname. Please check that they are accurate.
You can suppress this message by setting them explicitly:

    git config --global user.name "Your Name"
    git config --global user.email you@example.com

After doing this, you may fix the identity used for this commit with:

    git commit --amend --reset-author

 3 files changed, 27 insertions(+), 2 deletions(-)
[2026-01-04 12:26:58] ✅ Commit creado exitosamente
[1;33m🔍 Verificando cambios pendientes...[0m
[1;33m📝 Cambios detectados. Creando commit automático...[0m
[main 7b6c99a] Auto-commit: Actualización automática del portfolio
 Committer: Ana Manzanares <anamanzanares@MacBook-Pro-de-Ana.local>
Your name and email address were configured automatically based
on your username and hostname. Please check that they are accurate.
You can suppress this message by setting them explicitly:

    git config --global user.name "Your Name"
    git config --global user.email you@example.com

After doing this, you may fix the identity used for this commit with:

    git commit --amend --reset-author

 1 file changed, 17 insertions(+)
[0;32m✅ Commit automático creado exitosamente[0m
To https://github.com/anamanz7/my-life.git
   e2d3c8b..a630a29  main -> main
[2026-01-04 12:26:59] ✅ Push realizado exitosamente a GitHub
[2026-01-04 12:26:59] === Verificación completada ===
[2026-01-04 12:34:05] === Iniciando verificación automática ===
[2026-01-04 12:34:05] Cambios detectados, creando commit...
[main 497fcec] Auto-commit: 1 modificado(s)
 Committer: Ana Manzanares <anamanzanares@MacBook-Pro-de-Ana.local>
Your name and email address were configured automatically based
on your username and hostname. Please check that they are accurate.
You can suppress this message by setting them explicitly:

    git config --global user.name "Your Name"
    git config --global user.email you@example.com

After doing this, you may fix the identity used for this commit with:

    git commit --amend --reset-author

 1 file changed, 21 insertions(+)
[2026-01-04 12:34:05] ✅ Commit creado exitosamente
[1;33m🔍 Verificando cambios pendientes...[0m
[1;33m📝 Cambios detectados. Creando commit automático...[0m
[main f36fa62] Auto-commit: Actualización automática del portfolio
 Committer: Ana Manzanares <anamanzanares@MacBook-Pro-de-Ana.local>
Your name and email address were configured automatically based
on your username and hostname. Please check that they are accurate.
You can suppress this message by setting them explicitly:

    git config --global user.name "Your Name"
    git config --global user.email you@example.com

After doing this, you may fix the identity used for this commit with:

    git commit --amend --reset-author

 1 file changed, 17 insertions(+)
[0;32m✅ Commit automático creado exitosamente[0m
To https://github.com/anamanz7/my-life.git
   7b6c99a..497fcec  main -> main
[2026-01-04 12:34:06] ✅ Push realizado exitosamente a GitHub
[2026-01-04 12:34:06] === Verificación completada ===
[2026-01-04 12:36:59] === Iniciando verificación automática ===
[2026-01-04 12:36:59] Cambios detectados, creando commit...
[main cc148d6] Auto-commit: 2 modificado(s)
 Committer: Ana Manzanares <anamanzanares@MacBook-Pro-de-Ana.local>
Your name and email address were configured automatically based
on your username and hostname. Please check that they are accurate.
You can suppress this message by setting them explicitly:

    git config --global user.name "Your Name"
    git config --global user.email you@example.com

After doing this, you may fix the identity used for this commit with:

    git commit --amend --reset-author

 3 files changed, 32 insertions(+), 4 deletions(-)
[2026-01-04 12:37:00] ✅ Commit creado exitosamente
[1;33m🔍 Verificando cambios pendientes...[0m
[1;33m📝 Cambios detectados. Creando commit automático...[0m
[main 878a33e] Auto-commit: Actualización automática del portfolio
 Committer: Ana Manzanares <anamanzanares@MacBook-Pro-de-Ana.local>
Your name and email address were configured automatically based
on your username and hostname. Please check that they are accurate.
You can suppress this message by setting them explicitly:

    git config --global user.name "Your Name"
    git config --global user.email you@example.com

After doing this, you may fix the identity used for this commit with:

    git commit --amend --reset-author

 1 file changed, 17 insertions(+)
[0;32m✅ Commit automático creado exitosamente[0m
To https://github.com/anamanz7/my-life.git
   f36fa62..cc148d6  main -> main
[2026-01-04 12:37:01] ✅ Push realizado exitosamente a GitHub
[2026-01-04 12:37:01] === Verificación completada ===
[2026-01-04 12:37:21] === Iniciando verificación automática ===
[2026-01-04 12:37:21] Cambios detectados, creando commit...
[main 404c6d2] Auto-commit: 1 modificado(s)
 Committer: Ana Manzanares <anamanzanares@MacBook-Pro-de-Ana.local>
Your name and email address were configured automatically based
on your username and hostname. Please check that they are accurate.
You can suppress this message by setting them explicitly:

    git config --global user.name "Your Name"
    git config --global user.email you@example.com

After doing this, you may fix the identity used for this commit with:

    git commit --amend --reset-author

 1 file changed, 21 insertions(+)
[2026-01-04 12:37:21] ✅ Commit creado exitosamente
[1;33m🔍 Verificando cambios pendientes...[0m
[1;33m📝 Cambios detectados. Creando commit automático...[0m
[main f47fc6d] Auto-commit: Actualización automática del portfolio
 Committer: Ana Manzanares <anamanzanares@MacBook-Pro-de-Ana.local>
Your name and email address were configured automatically based
on your username and hostname. Please check that they are accurate.
You can suppress this message by setting them explicitly:

    git config --global user.name "Your Name"
    git config --global user.email you@example.com

After doing this, you may fix the identity used for this commit with:

    git commit --amend --reset-author

 1 file changed, 17 insertions(+)
[0;32m✅ Commit automático creado exitosamente[0m
To https://github.com/anamanz7/my-life.git
   878a33e..404c6d2  main -> main
[2026-01-04 12:37:22] ✅ Push realizado exitosamente a GitHub
[2026-01-04 12:37:22] === Verificación completada ===
[2026-01-04 12:44:34] === Iniciando verificación automática ===
[2026-01-04 12:44:34] Cambios detectados, creando commit...
[main 8150366] Auto-commit: 2 modificado(s)
 Committer: Ana Manzanares <anamanzanares@MacBook-Pro-de-Ana.local>
Your name and email address were configured automatically based
on your username and hostname. Please check that they are accurate.
You can suppress this message by setting them explicitly:

    git config --global user.name "Your Name"
    git config --global user.email you@example.com

After doing this, you may fix the identity used for this commit with:

    git commit --amend --reset-author

 2 files changed, 34 insertions(+), 10 deletions(-)
[2026-01-04 12:44:34] ✅ Commit creado exitosamente
[1;33m🔍 Verificando cambios pendientes...[0m
[1;33m📝 Cambios detectados. Creando commit automático...[0m
[main d86640d] Auto-commit: Actualización automática del portfolio
 Committer: Ana Manzanares <anamanzanares@MacBook-Pro-de-Ana.local>
Your name and email address were configured automatically based
on your username and hostname. Please check that they are accurate.
You can suppress this message by setting them explicitly:

    git config --global user.name "Your Name"
    git config --global user.email you@example.com

After doing this, you may fix the identity used for this commit with:

    git commit --amend --reset-author

 1 file changed, 17 insertions(+)
[0;32m✅ Commit automático creado exitosamente[0m
To https://github.com/anamanz7/my-life.git
   f47fc6d..8150366  main -> main
[2026-01-04 12:44:36] ✅ Push realizado exitosamente a GitHub
[2026-01-04 12:44:36] === Verificación completada ===
[2026-01-04 12:47:01] === Iniciando verificación automática ===
[2026-01-04 12:47:01] Cambios detectados, creando commit...
[main f2cf666] Auto-commit: 2 modificado(s)
 Committer: Ana Manzanares <anamanzanares@MacBook-Pro-de-Ana.local>
Your name and email address were configured automatically based
on your username and hostname. Please check that they are accurate.
You can suppress this message by setting them explicitly:

    git config --global user.name "Your Name"
    git config --global user.email you@example.com

After doing this, you may fix the identity used for this commit with:

    git commit --amend --reset-author

 3 files changed, 26 insertions(+), 1 deletion(-)
[2026-01-04 12:47:02] ✅ Commit creado exitosamente
[1;33m🔍 Verificando cambios pendientes...[0m
[1;33m📝 Cambios detectados. Creando commit automático...[0m
[main 56005d2] Auto-commit: Actualización automática del portfolio
 Committer: Ana Manzanares <anamanzanares@MacBook-Pro-de-Ana.local>
Your name and email address were configured automatically based
on your username and hostname. Please check that they are accurate.
You can suppress this message by setting them explicitly:

    git config --global user.name "Your Name"
    git config --global user.email you@example.com

After doing this, you may fix the identity used for this commit with:

    git commit --amend --reset-author

 1 file changed, 17 insertions(+)
[0;32m✅ Commit automático creado exitosamente[0m
To https://github.com/anamanz7/my-life.git
   d86640d..f2cf666  main -> main
[2026-01-04 12:47:03] ✅ Push realizado exitosamente a GitHub
[2026-01-04 12:47:03] === Verificación completada ===
[2026-01-04 12:51:03] === Iniciando verificación automática ===
[2026-01-04 12:51:03] Cambios detectados, creando commit...
[main a59f483] Auto-commit: 2 modificado(s)
 Committer: Ana Manzanares <anamanzanares@MacBook-Pro-de-Ana.local>
Your name and email address were configured automatically based
on your username and hostname. Please check that they are accurate.
You can suppress this message by setting them explicitly:

    git config --global user.name "Your Name"
    git config --global user.email you@example.com

After doing this, you may fix the identity used for this commit with:

    git commit --amend --reset-author

 2 files changed, 40 insertions(+), 11 deletions(-)
[2026-01-04 12:51:04] ✅ Commit creado exitosamente
[1;33m🔍 Verificando cambios pendientes...[0m
[1;33m📝 Cambios detectados. Creando commit automático...[0m
[main 25db4a0] Auto-commit: Actualización automática del portfolio
 Committer: Ana Manzanares <anamanzanares@MacBook-Pro-de-Ana.local>
Your name and email address were configured automatically based
on your username and hostname. Please check that they are accurate.
You can suppress this message by setting them explicitly:

    git config --global user.name "Your Name"
    git config --global user.email you@example.com

After doing this, you may fix the identity used for this commit with:

    git commit --amend --reset-author

 1 file changed, 17 insertions(+)
[0;32m✅ Commit automático creado exitosamente[0m
To https://github.com/anamanz7/my-life.git
   56005d2..a59f483  main -> main
[2026-01-04 12:51:05] ✅ Push realizado exitosamente a GitHub
[2026-01-04 12:51:05] === Verificación completada ===
[2026-01-04 12:54:58] === Iniciando verificación automática ===
[2026-01-04 12:54:58] Cambios detectados, creando commit...
[main 28cc277] Auto-commit: 2 modificado(s)
 Committer: Ana Manzanares <anamanzanares@MacBook-Pro-de-Ana.local>
Your name and email address were configured automatically based
on your username and hostname. Please check that they are accurate.
You can suppress this message by setting them explicitly:

    git config --global user.name "Your Name"
    git config --global user.email you@example.com

After doing this, you may fix the identity used for this commit with:

    git commit --amend --reset-author

 2 files changed, 41 insertions(+), 20 deletions(-)
[2026-01-04 12:54:58] ✅ Commit creado exitosamente
[1;33m🔍 Verificando cambios pendientes...[0m
[1;33m📝 Cambios detectados. Creando commit automático...[0m
[main 79d58f5] Auto-commit: Actualización automática del portfolio
 Committer: Ana Manzanares <anamanzanares@MacBook-Pro-de-Ana.local>
Your name and email address were configured automatically based
on your username and hostname. Please check that they are accurate.
You can suppress this message by setting them explicitly:

    git config --global user.name "Your Name"
    git config --global user.email you@example.com

After doing this, you may fix the identity used for this commit with:

    git commit --amend --reset-author

 1 file changed, 17 insertions(+)
[0;32m✅ Commit automático creado exitosamente[0m
To https://github.com/anamanz7/my-life.git
   25db4a0..28cc277  main -> main
[2026-01-04 12:54:59] ✅ Push realizado exitosamente a GitHub
[2026-01-04 12:54:59] === Verificación completada ===
[2026-01-04 12:57:03] === Iniciando verificación automática ===
[2026-01-04 12:57:03] Cambios detectados, creando commit...
[main 8c95536] Auto-commit: 1 modificado(s)
 Committer: Ana Manzanares <anamanzanares@MacBook-Pro-de-Ana.local>
Your name and email address were configured automatically based
on your username and hostname. Please check that they are accurate.
You can suppress this message by setting them explicitly:

    git config --global user.name "Your Name"
    git config --global user.email you@example.com

After doing this, you may fix the identity used for this commit with:

    git commit --amend --reset-author

 2 files changed, 25 insertions(+)
[2026-01-04 12:57:03] ✅ Commit creado exitosamente
[1;33m🔍 Verificando cambios pendientes...[0m
[1;33m📝 Cambios detectados. Creando commit automático...[0m
[main da625f0] Auto-commit: Actualización automática del portfolio
 Committer: Ana Manzanares <anamanzanares@MacBook-Pro-de-Ana.local>
Your name and email address were configured automatically based
on your username and hostname. Please check that they are accurate.
You can suppress this message by setting them explicitly:

    git config --global user.name "Your Name"
    git config --global user.email you@example.com

After doing this, you may fix the identity used for this commit with:

    git commit --amend --reset-author

 1 file changed, 17 insertions(+)
[0;32m✅ Commit automático creado exitosamente[0m
To https://github.com/anamanz7/my-life.git
   79d58f5..8c95536  main -> main
[2026-01-04 12:57:05] ✅ Push realizado exitosamente a GitHub
[2026-01-04 12:57:05] === Verificación completada ===
[2026-01-04 12:57:42] === Iniciando verificación automática ===
[2026-01-04 12:57:42] Cambios detectados, creando commit...
[main 5a05602] Auto-commit: 2 modificado(s)
 Committer: Ana Manzanares <anamanzanares@MacBook-Pro-de-Ana.local>
Your name and email address were configured automatically based
on your username and hostname. Please check that they are accurate.
You can suppress this message by setting them explicitly:

    git config --global user.name "Your Name"
    git config --global user.email you@example.com

After doing this, you may fix the identity used for this commit with:

    git commit --amend --reset-author

 2 files changed, 29 insertions(+), 1 deletion(-)
[2026-01-04 12:57:42] ✅ Commit creado exitosamente
[1;33m🔍 Verificando cambios pendientes...[0m
[1;33m📝 Cambios detectados. Creando commit automático...[0m
[main 0039a0f] Auto-commit: Actualización automática del portfolio
 Committer: Ana Manzanares <anamanzanares@MacBook-Pro-de-Ana.local>
Your name and email address were configured automatically based
on your username and hostname. Please check that they are accurate.
You can suppress this message by setting them explicitly:

    git config --global user.name "Your Name"
    git config --global user.email you@example.com

After doing this, you may fix the identity used for this commit with:

    git commit --amend --reset-author

 1 file changed, 17 insertions(+)
[0;32m✅ Commit automático creado exitosamente[0m
To https://github.com/anamanz7/my-life.git
   da625f0..5a05602  main -> main
[2026-01-04 12:57:43] ✅ Push realizado exitosamente a GitHub
[2026-01-04 12:57:43] === Verificación completada ===
[2026-01-04 13:02:25] === Iniciando verificación automática ===
[2026-01-04 13:02:25] Cambios detectados, creando commit...
[main 25185ee] Auto-commit: 2 modificado(s)
 Committer: Ana Manzanares <anamanzanares@MacBook-Pro-de-Ana.local>
Your name and email address were configured automatically based
on your username and hostname. Please check that they are accurate.
You can suppress this message by setting them explicitly:

    git config --global user.name "Your Name"
    git config --global user.email you@example.com

After doing this, you may fix the identity used for this commit with:

    git commit --amend --reset-author

 2 files changed, 26 insertions(+), 2 deletions(-)
[2026-01-04 13:02:25] ✅ Commit creado exitosamente
[1;33m🔍 Verificando cambios pendientes...[0m
[1;33m📝 Cambios detectados. Creando commit automático...[0m
[main 1dc4452] Auto-commit: Actualización automática del portfolio
 Committer: Ana Manzanares <anamanzanares@MacBook-Pro-de-Ana.local>
Your name and email address were configured automatically based
on your username and hostname. Please check that they are accurate.
You can suppress this message by setting them explicitly:

    git config --global user.name "Your Name"
    git config --global user.email you@example.com

After doing this, you may fix the identity used for this commit with:

    git commit --amend --reset-author

 1 file changed, 17 insertions(+)
[0;32m✅ Commit automático creado exitosamente[0m
To https://github.com/anamanz7/my-life.git
   0039a0f..25185ee  main -> main
[2026-01-04 13:02:26] ✅ Push realizado exitosamente a GitHub
[2026-01-04 13:02:26] === Verificación completada ===
[2026-01-04 13:07:05] === Iniciando verificación automática ===
[2026-01-04 13:07:05] Cambios detectados, creando commit...
[main 64cf4d3] Auto-commit: 1 modificado(s)
 Committer: Ana Manzanares <anamanzanares@MacBook-Pro-de-Ana.local>
Your name and email address were configured automatically based
on your username and hostname. Please check that they are accurate.
You can suppress this message by setting them explicitly:

    git config --global user.name "Your Name"
    git config --global user.email you@example.com

After doing this, you may fix the identity used for this commit with:

    git commit --amend --reset-author

 2 files changed, 25 insertions(+)
[2026-01-04 13:07:05] ✅ Commit creado exitosamente
[1;33m🔍 Verificando cambios pendientes...[0m
[1;33m📝 Cambios detectados. Creando commit automático...[0m
[main f19c57c] Auto-commit: Actualización automática del portfolio
 Committer: Ana Manzanares <anamanzanares@MacBook-Pro-de-Ana.local>
Your name and email address were configured automatically based
on your username and hostname. Please check that they are accurate.
You can suppress this message by setting them explicitly:

    git config --global user.name "Your Name"
    git config --global user.email you@example.com

After doing this, you may fix the identity used for this commit with:

    git commit --amend --reset-author

 1 file changed, 17 insertions(+)
[0;32m✅ Commit automático creado exitosamente[0m
To https://github.com/anamanz7/my-life.git
   1dc4452..64cf4d3  main -> main
[2026-01-04 13:07:07] ✅ Push realizado exitosamente a GitHub
[2026-01-04 13:07:07] === Verificación completada ===
[2026-01-04 13:11:50] === Iniciando verificación automática ===
[2026-01-04 13:11:50] Cambios detectados, creando commit...
[main 0b2f671] Auto-commit: 2 modificado(s)
 Committer: Ana Manzanares <anamanzanares@MacBook-Pro-de-Ana.local>
Your name and email address were configured automatically based
on your username and hostname. Please check that they are accurate.
You can suppress this message by setting them explicitly:

    git config --global user.name "Your Name"
    git config --global user.email you@example.com

After doing this, you may fix the identity used for this commit with:

    git commit --amend --reset-author

 2 files changed, 32 insertions(+), 11 deletions(-)
[2026-01-04 13:11:50] ✅ Commit creado exitosamente
[1;33m🔍 Verificando cambios pendientes...[0m
[1;33m📝 Cambios detectados. Creando commit automático...[0m
[main 8fcc89b] Auto-commit: Actualización automática del portfolio
 Committer: Ana Manzanares <anamanzanares@MacBook-Pro-de-Ana.local>
Your name and email address were configured automatically based
on your username and hostname. Please check that they are accurate.
You can suppress this message by setting them explicitly:

    git config --global user.name "Your Name"
    git config --global user.email you@example.com

After doing this, you may fix the identity used for this commit with:

    git commit --amend --reset-author

 1 file changed, 17 insertions(+)
[0;32m✅ Commit automático creado exitosamente[0m
To https://github.com/anamanz7/my-life.git
   f19c57c..0b2f671  main -> main
[2026-01-04 13:11:51] ✅ Push realizado exitosamente a GitHub
[2026-01-04 13:11:51] === Verificación completada ===
[2026-01-04 13:17:07] === Iniciando verificación automática ===
[2026-01-04 13:17:07] Cambios detectados, creando commit...
[main 8c8165d] Auto-commit: 1 modificado(s)
 Committer: Ana Manzanares <anamanzanares@MacBook-Pro-de-Ana.local>
Your name and email address were configured automatically based
on your username and hostname. Please check that they are accurate.
You can suppress this message by setting them explicitly:

    git config --global user.name "Your Name"
    git config --global user.email you@example.com

After doing this, you may fix the identity used for this commit with:

    git commit --amend --reset-author

 2 files changed, 25 insertions(+)
[2026-01-04 13:17:07] ✅ Commit creado exitosamente
[1;33m🔍 Verificando cambios pendientes...[0m
[1;33m📝 Cambios detectados. Creando commit automático...[0m
[2026-01-04 17:43:10] === Iniciando verificación automática ===
[2026-01-04 17:43:10] Cambios detectados, creando commit...
[main 62a0faa] Auto-commit: 1 modificado(s)
 Committer: Ana Manzanares <anamanzanares@MacBook-Pro-de-Ana.local>
Your name and email address were configured automatically based
on your username and hostname. Please check that they are accurate.
You can suppress this message by setting them explicitly:

    git config --global user.name "Your Name"
    git config --global user.email you@example.com

After doing this, you may fix the identity used for this commit with:

    git commit --amend --reset-author

 2 files changed, 6 insertions(+)
[2026-01-04 17:43:10] ✅ Commit creado exitosamente
[1;33m🔍 Verificando cambios pendientes...[0m
[1;33m📝 Cambios detectados. Creando commit automático...[0m
[main 712745c] Auto-commit: Actualización automática del portfolio
 Committer: Ana Manzanares <anamanzanares@MacBook-Pro-de-Ana.local>
Your name and email address were configured automatically based
on your username and hostname. Please check that they are accurate.
You can suppress this message by setting them explicitly:

    git config --global user.name "Your Name"
    git config --global user.email you@example.com

After doing this, you may fix the identity used for this commit with:

    git commit --amend --reset-author

 1 file changed, 17 insertions(+)
[0;32m✅ Commit automático creado exitosamente[0m
To https://github.com/anamanz7/my-life.git
   c9cac57..62a0faa  main -> main
[2026-01-04 17:43:12] ✅ Push realizado exitosamente a GitHub
[2026-01-04 17:43:12] === Verificación completada ===
[2026-01-04 17:53:12] === Iniciando verificación automática ===
[2026-01-04 17:53:12] Cambios detectados, creando commit...
[main 86e3fce] Auto-commit: 1 modificado(s)
 Committer: Ana Manzanares <anamanzanares@MacBook-Pro-de-Ana.local>
Your name and email address were configured automatically based
on your username and hostname. Please check that they are accurate.
You can suppress this message by setting them explicitly:

    git config --global user.name "Your Name"
    git config --global user.email you@example.com

After doing this, you may fix the identity used for this commit with:

    git commit --amend --reset-author

 2 files changed, 25 insertions(+)
[2026-01-04 17:53:12] ✅ Commit creado exitosamente
[1;33m🔍 Verificando cambios pendientes...[0m
[1;33m📝 Cambios detectados. Creando commit automático...[0m
[main 6889f40] Auto-commit: Actualización automática del portfolio
 Committer: Ana Manzanares <anamanzanares@MacBook-Pro-de-Ana.local>
Your name and email address were configured automatically based
on your username and hostname. Please check that they are accurate.
You can suppress this message by setting them explicitly:

    git config --global user.name "Your Name"
    git config --global user.email you@example.com

After doing this, you may fix the identity used for this commit with:

    git commit --amend --reset-author

 1 file changed, 17 insertions(+)
[0;32m✅ Commit automático creado exitosamente[0m
To https://github.com/anamanz7/my-life.git
   712745c..86e3fce  main -> main
[2026-01-04 17:53:14] ✅ Push realizado exitosamente a GitHub
[2026-01-04 17:53:14] === Verificación completada ===
[2026-01-04 18:03:14] === Iniciando verificación automática ===
[2026-01-04 18:03:14] Cambios detectados, creando commit...
[main a4cde91] Auto-commit: 1 modificado(s)
 Committer: Ana Manzanares <anamanzanares@MacBook-Pro-de-Ana.local>
Your name and email address were configured automatically based
on your username and hostname. Please check that they are accurate.
You can suppress this message by setting them explicitly:

    git config --global user.name "Your Name"
    git config --global user.email you@example.com

After doing this, you may fix the identity used for this commit with:

    git commit --amend --reset-author

 2 files changed, 25 insertions(+)
[2026-01-04 18:03:14] ✅ Commit creado exitosamente
[1;33m🔍 Verificando cambios pendientes...[0m
[1;33m📝 Cambios detectados. Creando commit automático...[0m
[main a44de54] Auto-commit: Actualización automática del portfolio
 Committer: Ana Manzanares <anamanzanares@MacBook-Pro-de-Ana.local>
Your name and email address were configured automatically based
on your username and hostname. Please check that they are accurate.
You can suppress this message by setting them explicitly:

    git config --global user.name "Your Name"
    git config --global user.email you@example.com

After doing this, you may fix the identity used for this commit with:

    git commit --amend --reset-author

 1 file changed, 17 insertions(+)
[0;32m✅ Commit automático creado exitosamente[0m
To https://github.com/anamanz7/my-life.git
   6889f40..a4cde91  main -> main
[2026-01-04 18:03:16] ✅ Push realizado exitosamente a GitHub
[2026-01-04 18:03:16] === Verificación completada ===
[2026-01-04 18:13:16] === Iniciando verificación automática ===
[2026-01-04 18:13:16] Cambios detectados, creando commit...
[main 83821a5] Auto-commit: 1 modificado(s)
 Committer: Ana Manzanares <anamanzanares@MacBook-Pro-de-Ana.local>
Your name and email address were configured automatically based
on your username and hostname. Please check that they are accurate.
You can suppress this message by setting them explicitly:

    git config --global user.name "Your Name"
    git config --global user.email you@example.com

After doing this, you may fix the identity used for this commit with:

    git commit --amend --reset-author

 2 files changed, 25 insertions(+)
[2026-01-04 18:13:16] ✅ Commit creado exitosamente
[1;33m🔍 Verificando cambios pendientes...[0m
[1;33m📝 Cambios detectados. Creando commit automático...[0m
[main 2bc2165] Auto-commit: Actualización automática del portfolio
 Committer: Ana Manzanares <anamanzanares@MacBook-Pro-de-Ana.local>
Your name and email address were configured automatically based
on your username and hostname. Please check that they are accurate.
You can suppress this message by setting them explicitly:

    git config --global user.name "Your Name"
    git config --global user.email you@example.com

After doing this, you may fix the identity used for this commit with:

    git commit --amend --reset-author

 1 file changed, 17 insertions(+)
[0;32m✅ Commit automático creado exitosamente[0m
To https://github.com/anamanz7/my-life.git
   a44de54..83821a5  main -> main
[2026-01-04 18:13:18] ✅ Push realizado exitosamente a GitHub
[2026-01-04 18:13:18] === Verificación completada ===
[2026-01-04 18:23:18] === Iniciando verificación automática ===
[2026-01-04 18:23:18] Cambios detectados, creando commit...
[main fdf6f94] Auto-commit: 1 modificado(s)
 Committer: Ana Manzanares <anamanzanares@MacBook-Pro-de-Ana.local>
Your name and email address were configured automatically based
on your username and hostname. Please check that they are accurate.
You can suppress this message by setting them explicitly:

    git config --global user.name "Your Name"
    git config --global user.email you@example.com

After doing this, you may fix the identity used for this commit with:

    git commit --amend --reset-author

 2 files changed, 25 insertions(+)
[2026-01-04 18:23:18] ✅ Commit creado exitosamente
[1;33m🔍 Verificando cambios pendientes...[0m
[1;33m📝 Cambios detectados. Creando commit automático...[0m
[main e86e107] Auto-commit: Actualización automática del portfolio
 Committer: Ana Manzanares <anamanzanares@MacBook-Pro-de-Ana.local>
Your name and email address were configured automatically based
on your username and hostname. Please check that they are accurate.
You can suppress this message by setting them explicitly:

    git config --global user.name "Your Name"
    git config --global user.email you@example.com

After doing this, you may fix the identity used for this commit with:

    git commit --amend --reset-author

 1 file changed, 17 insertions(+)
[0;32m✅ Commit automático creado exitosamente[0m
To https://github.com/anamanz7/my-life.git
   2bc2165..fdf6f94  main -> main
[2026-01-04 18:23:20] ✅ Push realizado exitosamente a GitHub
[2026-01-04 18:23:20] === Verificación completada ===
[2026-01-04 18:27:55] === Iniciando verificación automática ===
[2026-01-04 18:27:55] Cambios detectados, creando commit...
[main 43f6d2b] Auto-commit: 4 modificado(s)
 Committer: Ana Manzanares <anamanzanares@MacBook-Pro-de-Ana.local>
Your name and email address were configured automatically based
on your username and hostname. Please check that they are accurate.
You can suppress this message by setting them explicitly:

    git config --global user.name "Your Name"
    git config --global user.email you@example.com

After doing this, you may fix the identity used for this commit with:

    git commit --amend --reset-author

 4 files changed, 63 insertions(+), 159 deletions(-)
[2026-01-04 18:27:55] ✅ Commit creado exitosamente
[1;33m🔍 Verificando cambios pendientes...[0m
[1;33m📝 Cambios detectados. Creando commit automático...[0m
[main 1085867] Auto-commit: Actualización automática del portfolio
 Committer: Ana Manzanares <anamanzanares@MacBook-Pro-de-Ana.local>
Your name and email address were configured automatically based
on your username and hostname. Please check that they are accurate.
You can suppress this message by setting them explicitly:

    git config --global user.name "Your Name"
    git config --global user.email you@example.com

After doing this, you may fix the identity used for this commit with:

    git commit --amend --reset-author

 1 file changed, 17 insertions(+)
[0;32m✅ Commit automático creado exitosamente[0m
To https://github.com/anamanz7/my-life.git
   e86e107..43f6d2b  main -> main
[2026-01-04 18:27:56] ✅ Push realizado exitosamente a GitHub
[2026-01-04 18:27:56] === Verificación completada ===
[2026-01-04 18:33:20] === Iniciando verificación automática ===
[2026-01-04 18:33:20] Cambios detectados, creando commit...
[main a002aa7] Auto-commit: 1 modificado(s)
 Committer: Ana Manzanares <anamanzanares@MacBook-Pro-de-Ana.local>
Your name and email address were configured automatically based
on your username and hostname. Please check that they are accurate.
You can suppress this message by setting them explicitly:

    git config --global user.name "Your Name"
    git config --global user.email you@example.com

After doing this, you may fix the identity used for this commit with:

    git commit --amend --reset-author

 2 files changed, 6 insertions(+)
[2026-01-04 18:33:20] ✅ Commit creado exitosamente
[1;33m🔍 Verificando cambios pendientes...[0m
[1;33m📝 Cambios detectados. Creando commit automático...[0m
[2026-01-04 18:43:21] === Iniciando verificación automática ===
[2026-01-04 18:43:21] Cambios detectados, creando commit...
[main 72d2680] Auto-commit: 1 modificado(s)
 Committer: Ana Manzanares <anamanzanares@MacBook-Pro-de-Ana.local>
Your name and email address were configured automatically based
on your username and hostname. Please check that they are accurate.
You can suppress this message by setting them explicitly:

    git config --global user.name "Your Name"
    git config --global user.email you@example.com

After doing this, you may fix the identity used for this commit with:

    git commit --amend --reset-author

 2 files changed, 6 insertions(+)
[2026-01-04 18:43:22] ✅ Commit creado exitosamente
[1;33m🔍 Verificando cambios pendientes...[0m
[1;33m📝 Cambios detectados. Creando commit automático...[0m
[main c4e97af] Auto-commit: Actualización automática del portfolio
 Committer: Ana Manzanares <anamanzanares@MacBook-Pro-de-Ana.local>
Your name and email address were configured automatically based
on your username and hostname. Please check that they are accurate.
You can suppress this message by setting them explicitly:

    git config --global user.name "Your Name"
    git config --global user.email you@example.com

After doing this, you may fix the identity used for this commit with:

    git commit --amend --reset-author

 1 file changed, 17 insertions(+)
[0;32m✅ Commit automático creado exitosamente[0m
To https://github.com/anamanz7/my-life.git
   672cff1..72d2680  main -> main
[2026-01-04 18:43:23] ✅ Push realizado exitosamente a GitHub
[2026-01-04 18:43:23] === Verificación completada ===
[2026-01-04 18:53:23] === Iniciando verificación automática ===
[2026-01-04 18:53:23] Cambios detectados, creando commit...
[main 1a904b5] Auto-commit: 1 modificado(s)
 Committer: Ana Manzanares <anamanzanares@MacBook-Pro-de-Ana.local>
Your name and email address were configured automatically based
on your username and hostname. Please check that they are accurate.
You can suppress this message by setting them explicitly:

    git config --global user.name "Your Name"
    git config --global user.email you@example.com

After doing this, you may fix the identity used for this commit with:

    git commit --amend --reset-author

 2 files changed, 25 insertions(+)
[2026-01-04 18:53:23] ✅ Commit creado exitosamente
[1;33m🔍 Verificando cambios pendientes...[0m
[1;33m📝 Cambios detectados. Creando commit automático...[0m
[main d067087] Auto-commit: Actualización automática del portfolio
 Committer: Ana Manzanares <anamanzanares@MacBook-Pro-de-Ana.local>
Your name and email address were configured automatically based
on your username and hostname. Please check that they are accurate.
You can suppress this message by setting them explicitly:

    git config --global user.name "Your Name"
    git config --global user.email you@example.com

After doing this, you may fix the identity used for this commit with:

    git commit --amend --reset-author

 1 file changed, 17 insertions(+)
[0;32m✅ Commit automático creado exitosamente[0m
To https://github.com/anamanz7/my-life.git
   c4e97af..1a904b5  main -> main
[2026-01-04 18:53:25] ✅ Push realizado exitosamente a GitHub
[2026-01-04 18:53:25] === Verificación completada ===
[2026-01-04 19:03:25] === Iniciando verificación automática ===
[2026-01-04 19:03:25] Cambios detectados, creando commit...
[main c3ec4fa] Auto-commit: 1 modificado(s)
 Committer: Ana Manzanares <anamanzanares@MacBook-Pro-de-Ana.local>
Your name and email address were configured automatically based
on your username and hostname. Please check that they are accurate.
You can suppress this message by setting them explicitly:

    git config --global user.name "Your Name"
    git config --global user.email you@example.com

After doing this, you may fix the identity used for this commit with:

    git commit --amend --reset-author

 2 files changed, 25 insertions(+)
[2026-01-04 19:03:25] ✅ Commit creado exitosamente
[1;33m🔍 Verificando cambios pendientes...[0m
[1;33m📝 Cambios detectados. Creando commit automático...[0m
[main 18d3c8d] Auto-commit: Actualización automática del portfolio
 Committer: Ana Manzanares <anamanzanares@MacBook-Pro-de-Ana.local>
Your name and email address were configured automatically based
on your username and hostname. Please check that they are accurate.
You can suppress this message by setting them explicitly:

    git config --global user.name "Your Name"
    git config --global user.email you@example.com

After doing this, you may fix the identity used for this commit with:

    git commit --amend --reset-author

 1 file changed, 17 insertions(+)
[0;32m✅ Commit automático creado exitosamente[0m
To https://github.com/anamanz7/my-life.git
   d067087..c3ec4fa  main -> main
[2026-01-04 19:03:28] ✅ Push realizado exitosamente a GitHub
[2026-01-04 19:03:28] === Verificación completada ===
[2026-01-04 19:41:58] === Iniciando verificación automática ===
[2026-01-04 19:41:58] Cambios detectados, creando commit...
[main ba5f169] Auto-commit: 1 modificado(s)
 Committer: Ana Manzanares <anamanzanares@MacBook-Pro-de-Ana.local>
Your name and email address were configured automatically based
on your username and hostname. Please check that they are accurate.
You can suppress this message by setting them explicitly:

    git config --global user.name "Your Name"
    git config --global user.email you@example.com

After doing this, you may fix the identity used for this commit with:

    git commit --amend --reset-author

 2 files changed, 25 insertions(+)
[2026-01-04 19:41:59] ✅ Commit creado exitosamente
[1;33m🔍 Verificando cambios pendientes...[0m
[1;33m📝 Cambios detectados. Creando commit automático...[0m
[main d7159f4] Auto-commit: Actualización automática del portfolio
 Committer: Ana Manzanares <anamanzanares@MacBook-Pro-de-Ana.local>
Your name and email address were configured automatically based
on your username and hostname. Please check that they are accurate.
You can suppress this message by setting them explicitly:

    git config --global user.name "Your Name"
    git config --global user.email you@example.com

After doing this, you may fix the identity used for this commit with:

    git commit --amend --reset-author

 1 file changed, 17 insertions(+)
[0;32m✅ Commit automático creado exitosamente[0m
To https://github.com/anamanz7/my-life.git
   18d3c8d..ba5f169  main -> main
[2026-01-04 19:42:02] ✅ Push realizado exitosamente a GitHub
[2026-01-04 19:42:02] === Verificación completada ===
[2026-01-04 19:52:02] === Iniciando verificación automática ===
[2026-01-04 19:52:02] Cambios detectados, creando commit...
[main caf30d3] Auto-commit: 1 modificado(s)
 Committer: Ana Manzanares <anamanzanares@MacBook-Pro-de-Ana.local>
Your name and email address were configured automatically based
on your username and hostname. Please check that they are accurate.
You can suppress this message by setting them explicitly:

    git config --global user.name "Your Name"
    git config --global user.email you@example.com

After doing this, you may fix the identity used for this commit with:

    git commit --amend --reset-author

 2 files changed, 25 insertions(+)
[2026-01-04 19:52:02] ✅ Commit creado exitosamente
[1;33m🔍 Verificando cambios pendientes...[0m
[1;33m📝 Cambios detectados. Creando commit automático...[0m
[main 16dff1d] Auto-commit: Actualización automática del portfolio
 Committer: Ana Manzanares <anamanzanares@MacBook-Pro-de-Ana.local>
Your name and email address were configured automatically based
on your username and hostname. Please check that they are accurate.
You can suppress this message by setting them explicitly:

    git config --global user.name "Your Name"
    git config --global user.email you@example.com

After doing this, you may fix the identity used for this commit with:

    git commit --amend --reset-author

 1 file changed, 17 insertions(+)
[0;32m✅ Commit automático creado exitosamente[0m
To https://github.com/anamanz7/my-life.git
   d7159f4..caf30d3  main -> main
[2026-01-04 19:52:05] ✅ Push realizado exitosamente a GitHub
[2026-01-04 19:52:05] === Verificación completada ===
[2026-01-04 20:02:05] === Iniciando verificación automática ===
[2026-01-04 20:02:05] Cambios detectados, creando commit...
[main 8205ab1] Auto-commit: 1 modificado(s)
 Committer: Ana Manzanares <anamanzanares@MacBook-Pro-de-Ana.local>
Your name and email address were configured automatically based
on your username and hostname. Please check that they are accurate.
You can suppress this message by setting them explicitly:

    git config --global user.name "Your Name"
    git config --global user.email you@example.com

After doing this, you may fix the identity used for this commit with:

    git commit --amend --reset-author

 2 files changed, 25 insertions(+)
[2026-01-04 20:02:05] ✅ Commit creado exitosamente
[1;33m🔍 Verificando cambios pendientes...[0m
[1;33m📝 Cambios detectados. Creando commit automático...[0m
[main febb37f] Auto-commit: Actualización automática del portfolio
 Committer: Ana Manzanares <anamanzanares@MacBook-Pro-de-Ana.local>
Your name and email address were configured automatically based
on your username and hostname. Please check that they are accurate.
You can suppress this message by setting them explicitly:

    git config --global user.name "Your Name"
    git config --global user.email you@example.com

After doing this, you may fix the identity used for this commit with:

    git commit --amend --reset-author

 1 file changed, 17 insertions(+)
[0;32m✅ Commit automático creado exitosamente[0m
To https://github.com/anamanz7/my-life.git
   16dff1d..8205ab1  main -> main
[2026-01-04 20:02:07] ✅ Push realizado exitosamente a GitHub
[2026-01-04 20:02:07] === Verificación completada ===
[2026-01-04 20:12:07] === Iniciando verificación automática ===
[2026-01-04 20:12:07] Cambios detectados, creando commit...
[main f83e0b8] Auto-commit: 1 modificado(s)
 Committer: Ana Manzanares <anamanzanares@MacBook-Pro-de-Ana.local>
Your name and email address were configured automatically based
on your username and hostname. Please check that they are accurate.
You can suppress this message by setting them explicitly:

    git config --global user.name "Your Name"
    git config --global user.email you@example.com

After doing this, you may fix the identity used for this commit with:

    git commit --amend --reset-author

 2 files changed, 25 insertions(+)
[2026-01-04 20:12:07] ✅ Commit creado exitosamente
[1;33m🔍 Verificando cambios pendientes...[0m
[1;33m📝 Cambios detectados. Creando commit automático...[0m
[main 6ecc8ae] Auto-commit: Actualización automática del portfolio
 Committer: Ana Manzanares <anamanzanares@MacBook-Pro-de-Ana.local>
Your name and email address were configured automatically based
on your username and hostname. Please check that they are accurate.
You can suppress this message by setting them explicitly:

    git config --global user.name "Your Name"
    git config --global user.email you@example.com

After doing this, you may fix the identity used for this commit with:

    git commit --amend --reset-author

 1 file changed, 17 insertions(+)
[0;32m✅ Commit automático creado exitosamente[0m
To https://github.com/anamanz7/my-life.git
   febb37f..f83e0b8  main -> main
[2026-01-04 20:12:09] ✅ Push realizado exitosamente a GitHub
[2026-01-04 20:12:09] === Verificación completada ===
[2026-01-04 20:22:09] === Iniciando verificación automática ===
[2026-01-04 20:22:09] Cambios detectados, creando commit...
[main b776ef2] Auto-commit: 1 modificado(s)
 Committer: Ana Manzanares <anamanzanares@MacBook-Pro-de-Ana.local>
Your name and email address were configured automatically based
on your username and hostname. Please check that they are accurate.
You can suppress this message by setting them explicitly:

    git config --global user.name "Your Name"
    git config --global user.email you@example.com

After doing this, you may fix the identity used for this commit with:

    git commit --amend --reset-author

 2 files changed, 25 insertions(+)
[2026-01-04 20:22:09] ✅ Commit creado exitosamente
[1;33m🔍 Verificando cambios pendientes...[0m
[1;33m📝 Cambios detectados. Creando commit automático...[0m
[main e80a5d0] Auto-commit: Actualización automática del portfolio
 Committer: Ana Manzanares <anamanzanares@MacBook-Pro-de-Ana.local>
Your name and email address were configured automatically based
on your username and hostname. Please check that they are accurate.
You can suppress this message by setting them explicitly:

    git config --global user.name "Your Name"
    git config --global user.email you@example.com

After doing this, you may fix the identity used for this commit with:

    git commit --amend --reset-author

 1 file changed, 17 insertions(+)
[0;32m✅ Commit automático creado exitosamente[0m
To https://github.com/anamanz7/my-life.git
   6ecc8ae..b776ef2  main -> main
[2026-01-04 20:22:12] ✅ Push realizado exitosamente a GitHub
[2026-01-04 20:22:12] === Verificación completada ===
[2026-01-04 20:32:12] === Iniciando verificación automática ===
[2026-01-04 20:32:12] Cambios detectados, creando commit...
[main f786ceb] Auto-commit: 1 modificado(s)
 Committer: Ana Manzanares <anamanzanares@MacBook-Pro-de-Ana.local>
Your name and email address were configured automatically based
on your username and hostname. Please check that they are accurate.
You can suppress this message by setting them explicitly:

    git config --global user.name "Your Name"
    git config --global user.email you@example.com

After doing this, you may fix the identity used for this commit with:

    git commit --amend --reset-author

 2 files changed, 25 insertions(+)
[2026-01-04 20:32:12] ✅ Commit creado exitosamente
[1;33m🔍 Verificando cambios pendientes...[0m
[1;33m📝 Cambios detectados. Creando commit automático...[0m
[main 00f688a] Auto-commit: Actualización automática del portfolio
 Committer: Ana Manzanares <anamanzanares@MacBook-Pro-de-Ana.local>
Your name and email address were configured automatically based
on your username and hostname. Please check that they are accurate.
You can suppress this message by setting them explicitly:

    git config --global user.name "Your Name"
    git config --global user.email you@example.com

After doing this, you may fix the identity used for this commit with:

    git commit --amend --reset-author

 1 file changed, 17 insertions(+)
[0;32m✅ Commit automático creado exitosamente[0m
To https://github.com/anamanz7/my-life.git
   e80a5d0..f786ceb  main -> main
[2026-01-04 20:32:13] ✅ Push realizado exitosamente a GitHub
[2026-01-04 20:32:13] === Verificación completada ===
[2026-01-04 20:42:14] === Iniciando verificación automática ===
[2026-01-04 20:42:14] Cambios detectados, creando commit...
[main b1d3b26] Auto-commit: 1 modificado(s)
 Committer: Ana Manzanares <anamanzanares@MacBook-Pro-de-Ana.local>
Your name and email address were configured automatically based
on your username and hostname. Please check that they are accurate.
You can suppress this message by setting them explicitly:

    git config --global user.name "Your Name"
    git config --global user.email you@example.com

After doing this, you may fix the identity used for this commit with:

    git commit --amend --reset-author

 2 files changed, 25 insertions(+)
[2026-01-04 20:42:14] ✅ Commit creado exitosamente
[1;33m🔍 Verificando cambios pendientes...[0m
[1;33m📝 Cambios detectados. Creando commit automático...[0m
[main 9f7b0c0] Auto-commit: Actualización automática del portfolio
 Committer: Ana Manzanares <anamanzanares@MacBook-Pro-de-Ana.local>
Your name and email address were configured automatically based
on your username and hostname. Please check that they are accurate.
You can suppress this message by setting them explicitly:

    git config --global user.name "Your Name"
    git config --global user.email you@example.com

After doing this, you may fix the identity used for this commit with:

    git commit --amend --reset-author

 1 file changed, 17 insertions(+)
[0;32m✅ Commit automático creado exitosamente[0m
To https://github.com/anamanz7/my-life.git
   00f688a..b1d3b26  main -> main
[2026-01-04 20:42:15] ✅ Push realizado exitosamente a GitHub
[2026-01-04 20:42:15] === Verificación completada ===
[2026-01-04 20:52:16] === Iniciando verificación automática ===
[2026-01-04 20:52:16] Cambios detectados, creando commit...
[main 77c769d] Auto-commit: 1 modificado(s)
 Committer: Ana Manzanares <anamanzanares@MacBook-Pro-de-Ana.local>
Your name and email address were configured automatically based
on your username and hostname. Please check that they are accurate.
You can suppress this message by setting them explicitly:

    git config --global user.name "Your Name"
    git config --global user.email you@example.com

After doing this, you may fix the identity used for this commit with:

    git commit --amend --reset-author

 2 files changed, 25 insertions(+)
[2026-01-04 20:52:16] ✅ Commit creado exitosamente
[1;33m🔍 Verificando cambios pendientes...[0m
[1;33m📝 Cambios detectados. Creando commit automático...[0m
[main 34a41b8] Auto-commit: Actualización automática del portfolio
 Committer: Ana Manzanares <anamanzanares@MacBook-Pro-de-Ana.local>
Your name and email address were configured automatically based
on your username and hostname. Please check that they are accurate.
You can suppress this message by setting them explicitly:

    git config --global user.name "Your Name"
    git config --global user.email you@example.com

After doing this, you may fix the identity used for this commit with:

    git commit --amend --reset-author

 1 file changed, 17 insertions(+)
[0;32m✅ Commit automático creado exitosamente[0m
To https://github.com/anamanz7/my-life.git
   9f7b0c0..77c769d  main -> main
[2026-01-04 20:52:17] ✅ Push realizado exitosamente a GitHub
[2026-01-04 20:52:17] === Verificación completada ===
[2026-01-04 21:02:17] === Iniciando verificación automática ===
[2026-01-04 21:02:17] Cambios detectados, creando commit...
[main f790645] Auto-commit: 1 modificado(s)
 Committer: Ana Manzanares <anamanzanares@MacBook-Pro-de-Ana.local>
Your name and email address were configured automatically based
on your username and hostname. Please check that they are accurate.
You can suppress this message by setting them explicitly:

    git config --global user.name "Your Name"
    git config --global user.email you@example.com

After doing this, you may fix the identity used for this commit with:

    git commit --amend --reset-author

 2 files changed, 25 insertions(+)
[2026-01-04 21:02:18] ✅ Commit creado exitosamente
[1;33m🔍 Verificando cambios pendientes...[0m
[1;33m📝 Cambios detectados. Creando commit automático...[0m
[main 6d0c311] Auto-commit: Actualización automática del portfolio
 Committer: Ana Manzanares <anamanzanares@MacBook-Pro-de-Ana.local>
Your name and email address were configured automatically based
on your username and hostname. Please check that they are accurate.
You can suppress this message by setting them explicitly:

    git config --global user.name "Your Name"
    git config --global user.email you@example.com

After doing this, you may fix the identity used for this commit with:

    git commit --amend --reset-author

 1 file changed, 17 insertions(+)
[0;32m✅ Commit automático creado exitosamente[0m
To https://github.com/anamanz7/my-life.git
   34a41b8..f790645  main -> main
[2026-01-04 21:02:19] ✅ Push realizado exitosamente a GitHub
[2026-01-04 21:02:19] === Verificación completada ===
[2026-01-04 21:12:20] === Iniciando verificación automática ===
[2026-01-04 21:12:20] Cambios detectados, creando commit...
[main 32f4d92] Auto-commit: 1 modificado(s)
 Committer: Ana Manzanares <anamanzanares@MacBook-Pro-de-Ana.local>
Your name and email address were configured automatically based
on your username and hostname. Please check that they are accurate.
You can suppress this message by setting them explicitly:

    git config --global user.name "Your Name"
    git config --global user.email you@example.com

After doing this, you may fix the identity used for this commit with:

    git commit --amend --reset-author

 2 files changed, 25 insertions(+)
[2026-01-04 21:12:20] ✅ Commit creado exitosamente
[1;33m🔍 Verificando cambios pendientes...[0m
[1;33m📝 Cambios detectados. Creando commit automático...[0m
[main afaf863] Auto-commit: Actualización automática del portfolio
 Committer: Ana Manzanares <anamanzanares@MacBook-Pro-de-Ana.local>
Your name and email address were configured automatically based
on your username and hostname. Please check that they are accurate.
You can suppress this message by setting them explicitly:

    git config --global user.name "Your Name"
    git config --global user.email you@example.com

After doing this, you may fix the identity used for this commit with:

    git commit --amend --reset-author

 1 file changed, 17 insertions(+)
[0;32m✅ Commit automático creado exitosamente[0m
To https://github.com/anamanz7/my-life.git
   6d0c311..32f4d92  main -> main
[2026-01-04 21:12:22] ✅ Push realizado exitosamente a GitHub
[2026-01-04 21:12:22] === Verificación completada ===
[2026-01-04 21:22:22] === Iniciando verificación automática ===
[2026-01-04 21:22:22] Cambios detectados, creando commit...
[main 5e8826c] Auto-commit: 1 modificado(s)
 Committer: Ana Manzanares <anamanzanares@MacBook-Pro-de-Ana.local>
Your name and email address were configured automatically based
on your username and hostname. Please check that they are accurate.
You can suppress this message by setting them explicitly:

    git config --global user.name "Your Name"
    git config --global user.email you@example.com

After doing this, you may fix the identity used for this commit with:

    git commit --amend --reset-author

 2 files changed, 25 insertions(+)
[2026-01-04 21:22:22] ✅ Commit creado exitosamente
[1;33m🔍 Verificando cambios pendientes...[0m
[1;33m📝 Cambios detectados. Creando commit automático...[0m
[main 4515428] Auto-commit: Actualización automática del portfolio
 Committer: Ana Manzanares <anamanzanares@MacBook-Pro-de-Ana.local>
Your name and email address were configured automatically based
on your username and hostname. Please check that they are accurate.
You can suppress this message by setting them explicitly:

    git config --global user.name "Your Name"
    git config --global user.email you@example.com

After doing this, you may fix the identity used for this commit with:

    git commit --amend --reset-author

 1 file changed, 17 insertions(+)
[0;32m✅ Commit automático creado exitosamente[0m
To https://github.com/anamanz7/my-life.git
   afaf863..5e8826c  main -> main
[2026-01-04 21:22:24] ✅ Push realizado exitosamente a GitHub
[2026-01-04 21:22:24] === Verificación completada ===
[2026-01-04 21:32:24] === Iniciando verificación automática ===
[2026-01-04 21:32:24] Cambios detectados, creando commit...
[main 639a4a2] Auto-commit: 1 modificado(s)
 Committer: Ana Manzanares <anamanzanares@MacBook-Pro-de-Ana.local>
Your name and email address were configured automatically based
on your username and hostname. Please check that they are accurate.
You can suppress this message by setting them explicitly:

    git config --global user.name "Your Name"
    git config --global user.email you@example.com

After doing this, you may fix the identity used for this commit with:

    git commit --amend --reset-author

 2 files changed, 25 insertions(+)
[2026-01-04 21:32:24] ✅ Commit creado exitosamente
[1;33m🔍 Verificando cambios pendientes...[0m
[1;33m📝 Cambios detectados. Creando commit automático...[0m
[main 951d6c1] Auto-commit: Actualización automática del portfolio
 Committer: Ana Manzanares <anamanzanares@MacBook-Pro-de-Ana.local>
Your name and email address were configured automatically based
on your username and hostname. Please check that they are accurate.
You can suppress this message by setting them explicitly:

    git config --global user.name "Your Name"
    git config --global user.email you@example.com

After doing this, you may fix the identity used for this commit with:

    git commit --amend --reset-author

 1 file changed, 17 insertions(+)
[0;32m✅ Commit automático creado exitosamente[0m
To https://github.com/anamanz7/my-life.git
   4515428..639a4a2  main -> main
[2026-01-04 21:32:26] ✅ Push realizado exitosamente a GitHub
[2026-01-04 21:32:26] === Verificación completada ===
[2026-01-04 21:42:26] === Iniciando verificación automática ===
[2026-01-04 21:42:26] Cambios detectados, creando commit...
[main d4a43eb] Auto-commit: 2 modificado(s)
 Committer: Ana Manzanares <anamanzanares@MacBook-Pro-de-Ana.local>
Your name and email address were configured automatically based
on your username and hostname. Please check that they are accurate.
You can suppress this message by setting them explicitly:

    git config --global user.name "Your Name"
    git config --global user.email you@example.com

After doing this, you may fix the identity used for this commit with:

    git commit --amend --reset-author

 3 files changed, 25 insertions(+), 9 deletions(-)
[2026-01-04 21:42:26] ✅ Commit creado exitosamente
[1;33m🔍 Verificando cambios pendientes...[0m
[1;33m📝 Cambios detectados. Creando commit automático...[0m
[main 469cb7f] Auto-commit: Actualización automática del portfolio
 Committer: Ana Manzanares <anamanzanares@MacBook-Pro-de-Ana.local>
Your name and email address were configured automatically based
on your username and hostname. Please check that they are accurate.
You can suppress this message by setting them explicitly:

    git config --global user.name "Your Name"
    git config --global user.email you@example.com

After doing this, you may fix the identity used for this commit with:

    git commit --amend --reset-author

 1 file changed, 17 insertions(+)
[0;32m✅ Commit automático creado exitosamente[0m
To https://github.com/anamanz7/my-life.git
   951d6c1..d4a43eb  main -> main
[2026-01-04 21:42:28] ✅ Push realizado exitosamente a GitHub
[2026-01-04 21:42:28] === Verificación completada ===
[2026-01-04 21:52:28] === Iniciando verificación automática ===
[2026-01-04 21:52:28] Cambios detectados, creando commit...
[main d39cb3a] Auto-commit: 2 modificado(s)
 Committer: Ana Manzanares <anamanzanares@MacBook-Pro-de-Ana.local>
Your name and email address were configured automatically based
on your username and hostname. Please check that they are accurate.
You can suppress this message by setting them explicitly:

    git config --global user.name "Your Name"
    git config --global user.email you@example.com

After doing this, you may fix the identity used for this commit with:

    git commit --amend --reset-author

 3 files changed, 44 insertions(+), 1 deletion(-)
[2026-01-04 21:52:28] ✅ Commit creado exitosamente
[1;33m🔍 Verificando cambios pendientes...[0m
[1;33m📝 Cambios detectados. Creando commit automático...[0m
[main ba7db8a] Auto-commit: Actualización automática del portfolio
 Committer: Ana Manzanares <anamanzanares@MacBook-Pro-de-Ana.local>
Your name and email address were configured automatically based
on your username and hostname. Please check that they are accurate.
You can suppress this message by setting them explicitly:

    git config --global user.name "Your Name"
    git config --global user.email you@example.com

After doing this, you may fix the identity used for this commit with:

    git commit --amend --reset-author

 1 file changed, 17 insertions(+)
[0;32m✅ Commit automático creado exitosamente[0m
To https://github.com/anamanz7/my-life.git
   eca5b88..d39cb3a  main -> main
[2026-01-04 21:52:30] ✅ Push realizado exitosamente a GitHub
[2026-01-04 21:52:30] === Verificación completada ===
[2026-01-04 22:02:30] === Iniciando verificación automática ===
[2026-01-04 22:02:30] Cambios detectados, creando commit...
[main d03f203] Auto-commit: 1 modificado(s)
 Committer: Ana Manzanares <anamanzanares@MacBook-Pro-de-Ana.local>
Your name and email address were configured automatically based
on your username and hostname. Please check that they are accurate.
You can suppress this message by setting them explicitly:

    git config --global user.name "Your Name"
    git config --global user.email you@example.com

After doing this, you may fix the identity used for this commit with:

    git commit --amend --reset-author

 2 files changed, 6 insertions(+)
[2026-01-04 22:02:30] ✅ Commit creado exitosamente
[1;33m🔍 Verificando cambios pendientes...[0m
[1;33m📝 Cambios detectados. Creando commit automático...[0m
[main db0e858] Auto-commit: Actualización automática del portfolio
 Committer: Ana Manzanares <anamanzanares@MacBook-Pro-de-Ana.local>
Your name and email address were configured automatically based
on your username and hostname. Please check that they are accurate.
You can suppress this message by setting them explicitly:

    git config --global user.name "Your Name"
    git config --global user.email you@example.com

After doing this, you may fix the identity used for this commit with:

    git commit --amend --reset-author

 1 file changed, 17 insertions(+)
[0;32m✅ Commit automático creado exitosamente[0m
To https://github.com/anamanz7/my-life.git
   3999182..d03f203  main -> main
[2026-01-04 22:02:32] ✅ Push realizado exitosamente a GitHub
[2026-01-04 22:02:32] === Verificación completada ===
[2026-01-04 23:18:12] === Iniciando verificación automática ===
[2026-01-04 23:18:12] Cambios detectados, creando commit...
[main 121ecd2] Auto-commit: 1 modificado(s)
 Committer: Ana Manzanares <anamanzanares@MacBook-Pro-de-Ana.local>
Your name and email address were configured automatically based
on your username and hostname. Please check that they are accurate.
You can suppress this message by setting them explicitly:

    git config --global user.name "Your Name"
    git config --global user.email you@example.com

After doing this, you may fix the identity used for this commit with:

    git commit --amend --reset-author

 2 files changed, 25 insertions(+)
[2026-01-04 23:18:12] ✅ Commit creado exitosamente
[1;33m🔍 Verificando cambios pendientes...[0m
[1;33m📝 Cambios detectados. Creando commit automático...[0m
[main 8bc22d0] Auto-commit: Actualización automática del portfolio
 Committer: Ana Manzanares <anamanzanares@MacBook-Pro-de-Ana.local>
Your name and email address were configured automatically based
on your username and hostname. Please check that they are accurate.
You can suppress this message by setting them explicitly:

    git config --global user.name "Your Name"
    git config --global user.email you@example.com

After doing this, you may fix the identity used for this commit with:

    git commit --amend --reset-author

 1 file changed, 17 insertions(+)
[0;32m✅ Commit automático creado exitosamente[0m
To https://github.com/anamanz7/my-life.git
   db0e858..121ecd2  main -> main
[2026-01-04 23:18:14] ✅ Push realizado exitosamente a GitHub
[2026-01-04 23:18:14] === Verificación completada ===
[2026-01-04 23:28:14] === Iniciando verificación automática ===
[2026-01-04 23:28:14] Cambios detectados, creando commit...
[main 3cb4066] Auto-commit: 1 modificado(s)
 Committer: Ana Manzanares <anamanzanares@MacBook-Pro-de-Ana.local>
Your name and email address were configured automatically based
on your username and hostname. Please check that they are accurate.
You can suppress this message by setting them explicitly:

    git config --global user.name "Your Name"
    git config --global user.email you@example.com

After doing this, you may fix the identity used for this commit with:

    git commit --amend --reset-author

 2 files changed, 25 insertions(+)
[2026-01-04 23:28:14] ✅ Commit creado exitosamente
[1;33m🔍 Verificando cambios pendientes...[0m
[1;33m📝 Cambios detectados. Creando commit automático...[0m
[main d47a3c2] Auto-commit: Actualización automática del portfolio
 Committer: Ana Manzanares <anamanzanares@MacBook-Pro-de-Ana.local>
Your name and email address were configured automatically based
on your username and hostname. Please check that they are accurate.
You can suppress this message by setting them explicitly:

    git config --global user.name "Your Name"
    git config --global user.email you@example.com

After doing this, you may fix the identity used for this commit with:

    git commit --amend --reset-author

 1 file changed, 17 insertions(+)
[0;32m✅ Commit automático creado exitosamente[0m
To https://github.com/anamanz7/my-life.git
   8bc22d0..3cb4066  main -> main
[2026-01-04 23:28:16] ✅ Push realizado exitosamente a GitHub
[2026-01-04 23:28:16] === Verificación completada ===
[2026-01-04 23:56:03] === Iniciando verificación automática ===
[2026-01-04 23:56:03] Cambios detectados, creando commit...
[main 8ff86af] Auto-commit: 1 modificado(s)
 Committer: Ana Manzanares <anamanzanares@MacBook-Pro-de-Ana.local>
Your name and email address were configured automatically based
on your username and hostname. Please check that they are accurate.
You can suppress this message by setting them explicitly:

    git config --global user.name "Your Name"
    git config --global user.email you@example.com

After doing this, you may fix the identity used for this commit with:

    git commit --amend --reset-author

 2 files changed, 25 insertions(+)
[2026-01-04 23:56:03] ✅ Commit creado exitosamente
[1;33m🔍 Verificando cambios pendientes...[0m
[1;33m📝 Cambios detectados. Creando commit automático...[0m
[main d785f59] Auto-commit: Actualización automática del portfolio
 Committer: Ana Manzanares <anamanzanares@MacBook-Pro-de-Ana.local>
Your name and email address were configured automatically based
on your username and hostname. Please check that they are accurate.
You can suppress this message by setting them explicitly:

    git config --global user.name "Your Name"
    git config --global user.email you@example.com

After doing this, you may fix the identity used for this commit with:

    git commit --amend --reset-author

 1 file changed, 17 insertions(+)
[0;32m✅ Commit automático creado exitosamente[0m
To https://github.com/anamanz7/my-life.git
   d47a3c2..8ff86af  main -> main
[2026-01-04 23:56:05] ✅ Push realizado exitosamente a GitHub
[2026-01-04 23:56:05] === Verificación completada ===
[2026-01-05 00:06:05] === Iniciando verificación automática ===
[2026-01-05 00:06:05] Cambios detectados, creando commit...
[main 488c499] Auto-commit: 1 modificado(s)
 Committer: Ana Manzanares <anamanzanares@MacBook-Pro-de-Ana.local>
Your name and email address were configured automatically based
on your username and hostname. Please check that they are accurate.
You can suppress this message by setting them explicitly:

    git config --global user.name "Your Name"
    git config --global user.email you@example.com

After doing this, you may fix the identity used for this commit with:

    git commit --amend --reset-author

 2 files changed, 25 insertions(+)
[2026-01-05 00:06:05] ✅ Commit creado exitosamente
[1;33m🔍 Verificando cambios pendientes...[0m
[1;33m📝 Cambios detectados. Creando commit automático...[0m
[main 019e52f] Auto-commit: Actualización automática del portfolio
 Committer: Ana Manzanares <anamanzanares@MacBook-Pro-de-Ana.local>
Your name and email address were configured automatically based
on your username and hostname. Please check that they are accurate.
You can suppress this message by setting them explicitly:

    git config --global user.name "Your Name"
    git config --global user.email you@example.com

After doing this, you may fix the identity used for this commit with:

    git commit --amend --reset-author

 1 file changed, 17 insertions(+)
[0;32m✅ Commit automático creado exitosamente[0m
To https://github.com/anamanz7/my-life.git
   d785f59..488c499  main -> main
[2026-01-05 00:06:07] ✅ Push realizado exitosamente a GitHub
[2026-01-05 00:06:07] === Verificación completada ===
[2026-01-05 00:16:07] === Iniciando verificación automática ===
[2026-01-05 00:16:07] Cambios detectados, creando commit...
[main 7847f6a] Auto-commit: 1 modificado(s)
 Committer: Ana Manzanares <anamanzanares@MacBook-Pro-de-Ana.local>
Your name and email address were configured automatically based
on your username and hostname. Please check that they are accurate.
You can suppress this message by setting them explicitly:

    git config --global user.name "Your Name"
    git config --global user.email you@example.com

After doing this, you may fix the identity used for this commit with:

    git commit --amend --reset-author

 2 files changed, 25 insertions(+)
[2026-01-05 00:16:07] ✅ Commit creado exitosamente
[1;33m🔍 Verificando cambios pendientes...[0m
[1;33m📝 Cambios detectados. Creando commit automático...[0m
[main b03a37b] Auto-commit: Actualización automática del portfolio
 Committer: Ana Manzanares <anamanzanares@MacBook-Pro-de-Ana.local>
Your name and email address were configured automatically based
on your username and hostname. Please check that they are accurate.
You can suppress this message by setting them explicitly:

    git config --global user.name "Your Name"
    git config --global user.email you@example.com

After doing this, you may fix the identity used for this commit with:

    git commit --amend --reset-author

 1 file changed, 17 insertions(+)
[0;32m✅ Commit automático creado exitosamente[0m
To https://github.com/anamanz7/my-life.git
   019e52f..7847f6a  main -> main
[2026-01-05 00:16:09] ✅ Push realizado exitosamente a GitHub
[2026-01-05 00:16:09] === Verificación completada ===
[2026-01-05 00:26:09] === Iniciando verificación automática ===
[2026-01-05 00:26:09] Cambios detectados, creando commit...
[main 37510c7] Auto-commit: 1 modificado(s)
 Committer: Ana Manzanares <anamanzanares@MacBook-Pro-de-Ana.local>
Your name and email address were configured automatically based
on your username and hostname. Please check that they are accurate.
You can suppress this message by setting them explicitly:

    git config --global user.name "Your Name"
    git config --global user.email you@example.com

After doing this, you may fix the identity used for this commit with:

    git commit --amend --reset-author

 2 files changed, 25 insertions(+)
[2026-01-05 00:26:10] ✅ Commit creado exitosamente
[1;33m🔍 Verificando cambios pendientes...[0m
[1;33m📝 Cambios detectados. Creando commit automático...[0m
[main b10024c] Auto-commit: Actualización automática del portfolio
 Committer: Ana Manzanares <anamanzanares@MacBook-Pro-de-Ana.local>
Your name and email address were configured automatically based
on your username and hostname. Please check that they are accurate.
You can suppress this message by setting them explicitly:

    git config --global user.name "Your Name"
    git config --global user.email you@example.com

After doing this, you may fix the identity used for this commit with:

    git commit --amend --reset-author

 1 file changed, 17 insertions(+)
[0;32m✅ Commit automático creado exitosamente[0m
To https://github.com/anamanz7/my-life.git
 ! [remote rejected] main -> main (cannot lock ref 'refs/heads/main': is at b10024c11edefde103285cf85cf4569ba6643079 but expected b03a37b320f401ebcae661811040ad38896b7bfb)
error: failed to push some refs to 'https://github.com/anamanz7/my-life.git'
[2026-01-05 00:29:42] ❌ Error al hacer push
[2026-01-06 13:07:55] === Iniciando verificación automática ===
[2026-01-06 13:07:55] Cambios detectados, creando commit...
[main c2eb67e] Auto-commit: 1 modificado(s)
 Committer: Ana Manzanares <anamanzanares@MacBook-Pro-de-Ana.local>
Your name and email address were configured automatically based
on your username and hostname. Please check that they are accurate.
You can suppress this message by setting them explicitly:

    git config --global user.name "Your Name"
    git config --global user.email you@example.com

After doing this, you may fix the identity used for this commit with:

    git commit --amend --reset-author

 2 files changed, 25 insertions(+)
[2026-01-06 13:07:55] ✅ Commit creado exitosamente
[1;33m🔍 Verificando cambios pendientes...[0m
[1;33m📝 Cambios detectados. Creando commit automático...[0m
[main d53b401] Auto-commit: Actualización automática del portfolio
 Committer: Ana Manzanares <anamanzanares@MacBook-Pro-de-Ana.local>
Your name and email address were configured automatically based
on your username and hostname. Please check that they are accurate.
You can suppress this message by setting them explicitly:

    git config --global user.name "Your Name"
    git config --global user.email you@example.com

After doing this, you may fix the identity used for this commit with:

    git commit --amend --reset-author

 1 file changed, 17 insertions(+)
[0;32m✅ Commit automático creado exitosamente[0m
To https://github.com/anamanz7/my-life.git
   b10024c..c2eb67e  main -> main
[2026-01-06 13:07:57] ✅ Push realizado exitosamente a GitHub
[2026-01-06 13:07:57] === Verificación completada ===
[2026-01-09 06:39:41] === Iniciando verificación automática ===
[2026-01-09 06:39:42] Cambios detectados, creando commit...
[main a7816d8] Auto-commit: 1 modificado(s)
 Committer: Ana Manzanares <anamanzanares@MacBook-Pro-de-Ana.local>
Your name and email address were configured automatically based
on your username and hostname. Please check that they are accurate.
You can suppress this message by setting them explicitly:

    git config --global user.name "Your Name"
    git config --global user.email you@example.com

After doing this, you may fix the identity used for this commit with:

    git commit --amend --reset-author

 2 files changed, 25 insertions(+)
[2026-01-09 06:39:42] ✅ Commit creado exitosamente
[1;33m🔍 Verificando cambios pendientes...[0m
[1;33m📝 Cambios detectados. Creando commit automático...[0m
[main f1a18da] Auto-commit: Actualización automática del portfolio
 Committer: Ana Manzanares <anamanzanares@MacBook-Pro-de-Ana.local>
Your name and email address were configured automatically based
on your username and hostname. Please check that they are accurate.
You can suppress this message by setting them explicitly:

    git config --global user.name "Your Name"
    git config --global user.email you@example.com

After doing this, you may fix the identity used for this commit with:

    git commit --amend --reset-author

 1 file changed, 17 insertions(+)
[0;32m✅ Commit automático creado exitosamente[0m
To https://github.com/anamanz7/my-life.git
   d53b401..a7816d8  main -> main
[2026-01-09 06:39:44] ✅ Push realizado exitosamente a GitHub
[2026-01-09 06:39:44] === Verificación completada ===
[2026-01-10 19:13:53] === Iniciando verificación automática ===
[2026-01-10 19:13:53] Cambios detectados, creando commit...
[main aa29f01] Auto-commit: 1 modificado(s)
 Committer: Ana Manzanares <anamanzanares@MacBook-Pro-de-Ana.local>
Your name and email address were configured automatically based
on your username and hostname. Please check that they are accurate.
You can suppress this message by setting them explicitly:

    git config --global user.name "Your Name"
    git config --global user.email you@example.com

After doing this, you may fix the identity used for this commit with:

    git commit --amend --reset-author

 2 files changed, 25 insertions(+)
[2026-01-10 19:13:54] ✅ Commit creado exitosamente
[1;33m🔍 Verificando cambios pendientes...[0m
[1;33m📝 Cambios detectados. Creando commit automático...[0m
[main d7e760d] Auto-commit: Actualización automática del portfolio
 Committer: Ana Manzanares <anamanzanares@MacBook-Pro-de-Ana.local>
Your name and email address were configured automatically based
on your username and hostname. Please check that they are accurate.
You can suppress this message by setting them explicitly:

    git config --global user.name "Your Name"
    git config --global user.email you@example.com

After doing this, you may fix the identity used for this commit with:

    git commit --amend --reset-author

 1 file changed, 17 insertions(+)
[0;32m✅ Commit automático creado exitosamente[0m
To https://github.com/anamanz7/my-life.git
   f1a18da..aa29f01  main -> main
[2026-01-10 19:13:55] ✅ Push realizado exitosamente a GitHub
[2026-01-10 19:13:55] === Verificación completada ===
[2026-01-10 19:23:55] === Iniciando verificación automática ===
[2026-01-10 19:23:55] Cambios detectados, creando commit...
[main 5b9b43e] Auto-commit: 1 modificado(s)
 Committer: Ana Manzanares <anamanzanares@MacBook-Pro-de-Ana.local>
Your name and email address were configured automatically based
on your username and hostname. Please check that they are accurate.
You can suppress this message by setting them explicitly:

    git config --global user.name "Your Name"
    git config --global user.email you@example.com

After doing this, you may fix the identity used for this commit with:

    git commit --amend --reset-author

 2 files changed, 25 insertions(+)
[2026-01-10 19:23:56] ✅ Commit creado exitosamente
[1;33m🔍 Verificando cambios pendientes...[0m
[1;33m📝 Cambios detectados. Creando commit automático...[0m
[main 2e3f93b] Auto-commit: Actualización automática del portfolio
 Committer: Ana Manzanares <anamanzanares@MacBook-Pro-de-Ana.local>
Your name and email address were configured automatically based
on your username and hostname. Please check that they are accurate.
You can suppress this message by setting them explicitly:

    git config --global user.name "Your Name"
    git config --global user.email you@example.com

After doing this, you may fix the identity used for this commit with:

    git commit --amend --reset-author

 1 file changed, 17 insertions(+)
[0;32m✅ Commit automático creado exitosamente[0m
To https://github.com/anamanz7/my-life.git
   d7e760d..5b9b43e  main -> main
[2026-01-10 19:23:57] ✅ Push realizado exitosamente a GitHub
[2026-01-10 19:23:57] === Verificación completada ===
[2026-01-10 19:33:57] === Iniciando verificación automática ===
[2026-01-10 19:33:57] Cambios detectados, creando commit...
[main aab8f3d] Auto-commit: 1 modificado(s)
 Committer: Ana Manzanares <anamanzanares@MacBook-Pro-de-Ana.local>
Your name and email address were configured automatically based
on your username and hostname. Please check that they are accurate.
You can suppress this message by setting them explicitly:

    git config --global user.name "Your Name"
    git config --global user.email you@example.com

After doing this, you may fix the identity used for this commit with:

    git commit --amend --reset-author

 2 files changed, 25 insertions(+)
[2026-01-10 19:33:57] ✅ Commit creado exitosamente
[1;33m🔍 Verificando cambios pendientes...[0m
[1;33m📝 Cambios detectados. Creando commit automático...[0m
[main df4774b] Auto-commit: Actualización automática del portfolio
 Committer: Ana Manzanares <anamanzanares@MacBook-Pro-de-Ana.local>
Your name and email address were configured automatically based
on your username and hostname. Please check that they are accurate.
You can suppress this message by setting them explicitly:

    git config --global user.name "Your Name"
    git config --global user.email you@example.com

After doing this, you may fix the identity used for this commit with:

    git commit --amend --reset-author

 1 file changed, 17 insertions(+)
[0;32m✅ Commit automático creado exitosamente[0m
To https://github.com/anamanz7/my-life.git
   2e3f93b..aab8f3d  main -> main
[2026-01-10 19:33:59] ✅ Push realizado exitosamente a GitHub
[2026-01-10 19:33:59] === Verificación completada ===
[2026-01-10 19:39:11] === Iniciando verificación automática ===
[2026-01-10 19:39:11] Cambios detectados, creando commit...
[main 9f5d1c6] Auto-commit: 3 modificado(s)
 Committer: Ana Manzanares <anamanzanares@MacBook-Pro-de-Ana.local>
Your name and email address were configured automatically based
on your username and hostname. Please check that they are accurate.
You can suppress this message by setting them explicitly:

    git config --global user.name "Your Name"
    git config --global user.email you@example.com

After doing this, you may fix the identity used for this commit with:

    git commit --amend --reset-author

 3 files changed, 209 insertions(+), 28 deletions(-)
[2026-01-10 19:39:11] ✅ Commit creado exitosamente
[1;33m🔍 Verificando cambios pendientes...[0m
[1;33m📝 Cambios detectados. Creando commit automático...[0m
[main 901c374] Auto-commit: Actualización automática del portfolio
 Committer: Ana Manzanares <anamanzanares@MacBook-Pro-de-Ana.local>
Your name and email address were configured automatically based
on your username and hostname. Please check that they are accurate.
You can suppress this message by setting them explicitly:

    git config --global user.name "Your Name"
    git config --global user.email you@example.com

After doing this, you may fix the identity used for this commit with:

    git commit --amend --reset-author

 1 file changed, 17 insertions(+)
[0;32m✅ Commit automático creado exitosamente[0m
To https://github.com/anamanz7/my-life.git
   df4774b..9f5d1c6  main -> main
[2026-01-10 19:39:13] ✅ Push realizado exitosamente a GitHub
[2026-01-10 19:39:13] === Verificación completada ===
[2026-01-10 19:44:00] === Iniciando verificación automática ===
[2026-01-10 19:44:00] Cambios detectados, creando commit...
[main f91f725] Auto-commit: 1 modificado(s)
 Committer: Ana Manzanares <anamanzanares@MacBook-Pro-de-Ana.local>
Your name and email address were configured automatically based
on your username and hostname. Please check that they are accurate.
You can suppress this message by setting them explicitly:

    git config --global user.name "Your Name"
    git config --global user.email you@example.com

After doing this, you may fix the identity used for this commit with:

    git commit --amend --reset-author

 2 files changed, 6 insertions(+)
[2026-01-10 19:44:00] ✅ Commit creado exitosamente
[1;33m🔍 Verificando cambios pendientes...[0m
[1;33m📝 Cambios detectados. Creando commit automático...[0m
[main dc5435d] Auto-commit: Actualización automática del portfolio
 Committer: Ana Manzanares <anamanzanares@MacBook-Pro-de-Ana.local>
Your name and email address were configured automatically based
on your username and hostname. Please check that they are accurate.
You can suppress this message by setting them explicitly:

    git config --global user.name "Your Name"
    git config --global user.email you@example.com

After doing this, you may fix the identity used for this commit with:

    git commit --amend --reset-author

 1 file changed, 17 insertions(+)
[0;32m✅ Commit automático creado exitosamente[0m
To https://github.com/anamanz7/my-life.git
   998655c..f91f725  main -> main
[2026-01-10 19:44:01] ✅ Push realizado exitosamente a GitHub
[2026-01-10 19:44:01] === Verificación completada ===
[2026-01-10 19:54:01] === Iniciando verificación automática ===
[2026-01-10 19:54:01] Cambios detectados, creando commit...
[main 96be24c] Auto-commit: 1 modificado(s)
 Committer: Ana Manzanares <anamanzanares@MacBook-Pro-de-Ana.local>
Your name and email address were configured automatically based
on your username and hostname. Please check that they are accurate.
You can suppress this message by setting them explicitly:

    git config --global user.name "Your Name"
    git config --global user.email you@example.com

After doing this, you may fix the identity used for this commit with:

    git commit --amend --reset-author

 2 files changed, 6 insertions(+)
[2026-01-10 19:54:01] ✅ Commit creado exitosamente
[1;33m🔍 Verificando cambios pendientes...[0m
[1;33m📝 Cambios detectados. Creando commit automático...[0m
[main 14ab0d8] Auto-commit: Actualización automática del portfolio
 Committer: Ana Manzanares <anamanzanares@MacBook-Pro-de-Ana.local>
Your name and email address were configured automatically based
on your username and hostname. Please check that they are accurate.
You can suppress this message by setting them explicitly:

    git config --global user.name "Your Name"
    git config --global user.email you@example.com

After doing this, you may fix the identity used for this commit with:

    git commit --amend --reset-author

 1 file changed, 17 insertions(+)
[0;32m✅ Commit automático creado exitosamente[0m
To https://github.com/anamanz7/my-life.git
   f33cd91..96be24c  main -> main
[2026-01-10 19:54:02] ✅ Push realizado exitosamente a GitHub
[2026-01-10 19:54:02] === Verificación completada ===
[2026-01-10 20:04:03] === Iniciando verificación automática ===
[2026-01-10 20:04:03] Cambios detectados, creando commit...
[main 4eee3f6] Auto-commit: 1 modificado(s)
 Committer: Ana Manzanares <anamanzanares@MacBook-Pro-de-Ana.local>
Your name and email address were configured automatically based
on your username and hostname. Please check that they are accurate.
You can suppress this message by setting them explicitly:

    git config --global user.name "Your Name"
    git config --global user.email you@example.com

After doing this, you may fix the identity used for this commit with:

    git commit --amend --reset-author

 2 files changed, 6 insertions(+)
[2026-01-10 20:04:03] ✅ Commit creado exitosamente
[1;33m🔍 Verificando cambios pendientes...[0m
[1;33m📝 Cambios detectados. Creando commit automático...[0m
[main bf0ea67] Auto-commit: Actualización automática del portfolio
 Committer: Ana Manzanares <anamanzanares@MacBook-Pro-de-Ana.local>
Your name and email address were configured automatically based
on your username and hostname. Please check that they are accurate.
You can suppress this message by setting them explicitly:

    git config --global user.name "Your Name"
    git config --global user.email you@example.com

After doing this, you may fix the identity used for this commit with:

    git commit --amend --reset-author

 1 file changed, 17 insertions(+)
[0;32m✅ Commit automático creado exitosamente[0m
To https://github.com/anamanz7/my-life.git
   97ba211..4eee3f6  main -> main
[2026-01-10 20:04:05] ✅ Push realizado exitosamente a GitHub
[2026-01-10 20:04:05] === Verificación completada ===
[2026-01-10 20:07:40] === Iniciando verificación automática ===
[2026-01-10 20:07:40] Cambios detectados, creando commit...
[main 84110d2] Auto-commit: 2 modificado(s)
 Committer: Ana Manzanares <anamanzanares@MacBook-Pro-de-Ana.local>
Your name and email address were configured automatically based
on your username and hostname. Please check that they are accurate.
You can suppress this message by setting them explicitly:

    git config --global user.name "Your Name"
    git config --global user.email you@example.com

After doing this, you may fix the identity used for this commit with:

    git commit --amend --reset-author

 2 files changed, 30 insertions(+), 6 deletions(-)
[2026-01-10 20:07:40] ✅ Commit creado exitosamente
[1;33m🔍 Verificando cambios pendientes...[0m
[1;33m📝 Cambios detectados. Creando commit automático...[0m
[main 5c95ee4] Auto-commit: Actualización automática del portfolio
 Committer: Ana Manzanares <anamanzanares@MacBook-Pro-de-Ana.local>
Your name and email address were configured automatically based
on your username and hostname. Please check that they are accurate.
You can suppress this message by setting them explicitly:

    git config --global user.name "Your Name"
    git config --global user.email you@example.com

After doing this, you may fix the identity used for this commit with:

    git commit --amend --reset-author

 1 file changed, 17 insertions(+)
[0;32m✅ Commit automático creado exitosamente[0m
To https://github.com/anamanz7/my-life.git
   bf0ea67..84110d2  main -> main
[2026-01-10 20:07:41] ✅ Push realizado exitosamente a GitHub
[2026-01-10 20:07:41] === Verificación completada ===
[2026-01-10 20:10:25] === Iniciando verificación automática ===
[2026-01-10 20:10:25] Cambios detectados, creando commit...
[main cad7727] Auto-commit: 2 modificado(s)
 Committer: Ana Manzanares <anamanzanares@MacBook-Pro-de-Ana.local>
Your name and email address were configured automatically based
on your username and hostname. Please check that they are accurate.
You can suppress this message by setting them explicitly:

    git config --global user.name "Your Name"
    git config --global user.email you@example.com

After doing this, you may fix the identity used for this commit with:

    git commit --amend --reset-author

 2 files changed, 3 insertions(+), 1 deletion(-)
[2026-01-10 20:10:25] ✅ Commit creado exitosamente
[1;33m🔍 Verificando cambios pendientes...[0m
[1;33m📝 Cambios detectados. Creando commit automático...[0m
[main 3764098] Auto-commit: Actualización automática del portfolio
 Committer: Ana Manzanares <anamanzanares@MacBook-Pro-de-Ana.local>
Your name and email address were configured automatically based
on your username and hostname. Please check that they are accurate.
You can suppress this message by setting them explicitly:

    git config --global user.name "Your Name"
    git config --global user.email you@example.com

After doing this, you may fix the identity used for this commit with:

    git commit --amend --reset-author

 1 file changed, 17 insertions(+)
[0;32m✅ Commit automático creado exitosamente[0m
To https://github.com/anamanz7/my-life.git
   5c95ee4..cad7727  main -> main
[2026-01-10 20:10:26] ✅ Push realizado exitosamente a GitHub
[2026-01-10 20:10:26] === Verificación completada ===
[2026-01-10 20:14:05] === Iniciando verificación automática ===
[2026-01-10 20:14:06] Cambios detectados, creando commit...
[main 4aa4856] Auto-commit: 1 modificado(s)
 Committer: Ana Manzanares <anamanzanares@MacBook-Pro-de-Ana.local>
Your name and email address were configured automatically based
on your username and hostname. Please check that they are accurate.
You can suppress this message by setting them explicitly:

    git config --global user.name "Your Name"
    git config --global user.email you@example.com

After doing this, you may fix the identity used for this commit with:

    git commit --amend --reset-author

 2 files changed, 25 insertions(+)
[2026-01-10 20:14:06] ✅ Commit creado exitosamente
[1;33m🔍 Verificando cambios pendientes...[0m
[1;33m📝 Cambios detectados. Creando commit automático...[0m
[main fa4df35] Auto-commit: Actualización automática del portfolio
 Committer: Ana Manzanares <anamanzanares@MacBook-Pro-de-Ana.local>
Your name and email address were configured automatically based
on your username and hostname. Please check that they are accurate.
You can suppress this message by setting them explicitly:

    git config --global user.name "Your Name"
    git config --global user.email you@example.com

After doing this, you may fix the identity used for this commit with:

    git commit --amend --reset-author

 1 file changed, 17 insertions(+)
[0;32m✅ Commit automático creado exitosamente[0m
To https://github.com/anamanz7/my-life.git
   3764098..4aa4856  main -> main
[2026-01-10 20:14:08] ✅ Push realizado exitosamente a GitHub
[2026-01-10 20:14:08] === Verificación completada ===
[2026-01-10 20:24:08] === Iniciando verificación automática ===
[2026-01-10 20:24:08] Cambios detectados, creando commit...
[main 351c029] Auto-commit: 2 modificado(s)
 Committer: Ana Manzanares <anamanzanares@MacBook-Pro-de-Ana.local>
Your name and email address were configured automatically based
on your username and hostname. Please check that they are accurate.
You can suppress this message by setting them explicitly:

    git config --global user.name "Your Name"
    git config --global user.email you@example.com

After doing this, you may fix the identity used for this commit with:

    git commit --amend --reset-author

 3 files changed, 30 insertions(+), 5 deletions(-)
[2026-01-10 20:24:08] ✅ Commit creado exitosamente
[1;33m🔍 Verificando cambios pendientes...[0m
[1;33m📝 Cambios detectados. Creando commit automático...[0m
[main b5db350] Auto-commit: Actualización automática del portfolio
 Committer: Ana Manzanares <anamanzanares@MacBook-Pro-de-Ana.local>
Your name and email address were configured automatically based
on your username and hostname. Please check that they are accurate.
You can suppress this message by setting them explicitly:

    git config --global user.name "Your Name"
    git config --global user.email you@example.com

After doing this, you may fix the identity used for this commit with:

    git commit --amend --reset-author

 1 file changed, 17 insertions(+)
[0;32m✅ Commit automático creado exitosamente[0m
To https://github.com/anamanz7/my-life.git
   fa4df35..351c029  main -> main
[2026-01-10 20:24:10] ✅ Push realizado exitosamente a GitHub
[2026-01-10 20:24:10] === Verificación completada ===
[2026-01-10 20:32:17] === Iniciando verificación automática ===
[2026-01-10 20:32:18] Cambios detectados, creando commit...
[main 7cc18e0] Auto-commit: 2 modificado(s)
 Committer: Ana Manzanares <anamanzanares@MacBook-Pro-de-Ana.local>
Your name and email address were configured automatically based
on your username and hostname. Please check that they are accurate.
You can suppress this message by setting them explicitly:

    git config --global user.name "Your Name"
    git config --global user.email you@example.com

After doing this, you may fix the identity used for this commit with:

    git commit --amend --reset-author

 2 files changed, 24 insertions(+), 3 deletions(-)
[2026-01-10 20:32:18] ✅ Commit creado exitosamente
[1;33m🔍 Verificando cambios pendientes...[0m
[1;33m📝 Cambios detectados. Creando commit automático...[0m
[main 6355d30] Auto-commit: Actualización automática del portfolio
 Committer: Ana Manzanares <anamanzanares@MacBook-Pro-de-Ana.local>
Your name and email address were configured automatically based
on your username and hostname. Please check that they are accurate.
You can suppress this message by setting them explicitly:

    git config --global user.name "Your Name"
    git config --global user.email you@example.com

After doing this, you may fix the identity used for this commit with:

    git commit --amend --reset-author

 1 file changed, 17 insertions(+)
[0;32m✅ Commit automático creado exitosamente[0m
To https://github.com/anamanz7/my-life.git
   b5db350..7cc18e0  main -> main
[2026-01-10 20:32:19] ✅ Push realizado exitosamente a GitHub
[2026-01-10 20:32:19] === Verificación completada ===
[2026-01-10 20:34:10] === Iniciando verificación automática ===
[2026-01-10 20:34:10] Cambios detectados, creando commit...
[main 9aae6a7] Auto-commit: 1 modificado(s)
 Committer: Ana Manzanares <anamanzanares@MacBook-Pro-de-Ana.local>
Your name and email address were configured automatically based
on your username and hostname. Please check that they are accurate.
You can suppress this message by setting them explicitly:

    git config --global user.name "Your Name"
    git config --global user.email you@example.com

After doing this, you may fix the identity used for this commit with:

    git commit --amend --reset-author

 2 files changed, 6 insertions(+)
[2026-01-10 20:34:10] ✅ Commit creado exitosamente
[1;33m🔍 Verificando cambios pendientes...[0m
[1;33m📝 Cambios detectados. Creando commit automático...[0m
[main 93588df] Auto-commit: Actualización automática del portfolio
 Committer: Ana Manzanares <anamanzanares@MacBook-Pro-de-Ana.local>
Your name and email address were configured automatically based
on your username and hostname. Please check that they are accurate.
You can suppress this message by setting them explicitly:

    git config --global user.name "Your Name"
    git config --global user.email you@example.com

After doing this, you may fix the identity used for this commit with:

    git commit --amend --reset-author

 1 file changed, 17 insertions(+)
[0;32m✅ Commit automático creado exitosamente[0m
To https://github.com/anamanz7/my-life.git
   6355d30..9aae6a7  main -> main
[2026-01-10 20:34:11] ✅ Push realizado exitosamente a GitHub
[2026-01-10 20:34:11] === Verificación completada ===
[2026-01-10 20:44:11] === Iniciando verificación automática ===
[2026-01-10 20:44:11] Cambios detectados, creando commit...
[main 23d67b6] Auto-commit: 1 modificado(s)
 Committer: Ana Manzanares <anamanzanares@MacBook-Pro-de-Ana.local>
Your name and email address were configured automatically based
on your username and hostname. Please check that they are accurate.
You can suppress this message by setting them explicitly:

    git config --global user.name "Your Name"
    git config --global user.email you@example.com

After doing this, you may fix the identity used for this commit with:

    git commit --amend --reset-author

 2 files changed, 25 insertions(+)
[2026-01-10 20:44:12] ✅ Commit creado exitosamente
[1;33m🔍 Verificando cambios pendientes...[0m
[1;33m📝 Cambios detectados. Creando commit automático...[0m
[main 3240b47] Auto-commit: Actualización automática del portfolio
 Committer: Ana Manzanares <anamanzanares@MacBook-Pro-de-Ana.local>
Your name and email address were configured automatically based
on your username and hostname. Please check that they are accurate.
You can suppress this message by setting them explicitly:

    git config --global user.name "Your Name"
    git config --global user.email you@example.com

After doing this, you may fix the identity used for this commit with:

    git commit --amend --reset-author

 1 file changed, 17 insertions(+)
[0;32m✅ Commit automático creado exitosamente[0m
To https://github.com/anamanz7/my-life.git
   93588df..23d67b6  main -> main
[2026-01-10 20:44:15] ✅ Push realizado exitosamente a GitHub
[2026-01-10 20:44:15] === Verificación completada ===
[2026-01-10 20:54:15] === Iniciando verificación automática ===
[2026-01-10 20:54:15] Cambios detectados, creando commit...
[main 7dfe5d3] Auto-commit: 1 modificado(s)
 Committer: Ana Manzanares <anamanzanares@MacBook-Pro-de-Ana.local>
Your name and email address were configured automatically based
on your username and hostname. Please check that they are accurate.
You can suppress this message by setting them explicitly:

    git config --global user.name "Your Name"
    git config --global user.email you@example.com

After doing this, you may fix the identity used for this commit with:

    git commit --amend --reset-author

 2 files changed, 6 insertions(+)
[2026-01-10 20:54:15] ✅ Commit creado exitosamente
[1;33m🔍 Verificando cambios pendientes...[0m
[1;33m📝 Cambios detectados. Creando commit automático...[0m
[main abaf52c] Auto-commit: Actualización automática del portfolio
 Committer: Ana Manzanares <anamanzanares@MacBook-Pro-de-Ana.local>
Your name and email address were configured automatically based
on your username and hostname. Please check that they are accurate.
You can suppress this message by setting them explicitly:

    git config --global user.name "Your Name"
    git config --global user.email you@example.com

After doing this, you may fix the identity used for this commit with:

    git commit --amend --reset-author

 1 file changed, 17 insertions(+)
[0;32m✅ Commit automático creado exitosamente[0m
To https://github.com/anamanz7/my-life.git
   a514d2f..7dfe5d3  main -> main
[2026-01-10 20:54:19] ✅ Push realizado exitosamente a GitHub
[2026-01-10 20:54:19] === Verificación completada ===
[2026-01-10 21:04:19] === Iniciando verificación automática ===
[2026-01-10 21:04:19] Cambios detectados, creando commit...
[main c75529a] Auto-commit: 1 modificado(s)
 Committer: Ana Manzanares <anamanzanares@MacBook-Pro-de-Ana.local>
Your name and email address were configured automatically based
on your username and hostname. Please check that they are accurate.
You can suppress this message by setting them explicitly:

    git config --global user.name "Your Name"
    git config --global user.email you@example.com

After doing this, you may fix the identity used for this commit with:

    git commit --amend --reset-author

 2 files changed, 25 insertions(+)
[2026-01-10 21:04:19] ✅ Commit creado exitosamente
[1;33m🔍 Verificando cambios pendientes...[0m
[1;33m📝 Cambios detectados. Creando commit automático...[0m
[main ba87524] Auto-commit: Actualización automática del portfolio
 Committer: Ana Manzanares <anamanzanares@MacBook-Pro-de-Ana.local>
Your name and email address were configured automatically based
on your username and hostname. Please check that they are accurate.
You can suppress this message by setting them explicitly:

    git config --global user.name "Your Name"
    git config --global user.email you@example.com

After doing this, you may fix the identity used for this commit with:

    git commit --amend --reset-author

 1 file changed, 17 insertions(+)
[0;32m✅ Commit automático creado exitosamente[0m
To https://github.com/anamanz7/my-life.git
   abaf52c..c75529a  main -> main
[2026-01-10 21:04:20] ✅ Push realizado exitosamente a GitHub
[2026-01-10 21:04:20] === Verificación completada ===
[2026-01-10 21:14:20] === Iniciando verificación automática ===
[2026-01-10 21:14:20] Cambios detectados, creando commit...
[main 4588389] Auto-commit: 1 modificado(s)
 Committer: Ana Manzanares <anamanzanares@MacBook-Pro-de-Ana.local>
Your name and email address were configured automatically based
on your username and hostname. Please check that they are accurate.
You can suppress this message by setting them explicitly:

    git config --global user.name "Your Name"
    git config --global user.email you@example.com

After doing this, you may fix the identity used for this commit with:

    git commit --amend --reset-author

 2 files changed, 25 insertions(+)
[2026-01-10 21:14:21] ✅ Commit creado exitosamente
[1;33m🔍 Verificando cambios pendientes...[0m
[1;33m📝 Cambios detectados. Creando commit automático...[0m
[main df6dfcd] Auto-commit: Actualización automática del portfolio
 Committer: Ana Manzanares <anamanzanares@MacBook-Pro-de-Ana.local>
Your name and email address were configured automatically based
on your username and hostname. Please check that they are accurate.
You can suppress this message by setting them explicitly:

    git config --global user.name "Your Name"
    git config --global user.email you@example.com

After doing this, you may fix the identity used for this commit with:

    git commit --amend --reset-author

 1 file changed, 17 insertions(+)
[0;32m✅ Commit automático creado exitosamente[0m
To https://github.com/anamanz7/my-life.git
   ba87524..4588389  main -> main
[2026-01-10 21:14:22] ✅ Push realizado exitosamente a GitHub
[2026-01-10 21:14:22] === Verificación completada ===
[2026-01-10 21:24:22] === Iniciando verificación automática ===
[2026-01-10 21:24:22] Cambios detectados, creando commit...
[main 79192f1] Auto-commit: 2 modificado(s)
 Committer: Ana Manzanares <anamanzanares@MacBook-Pro-de-Ana.local>
Your name and email address were configured automatically based
on your username and hostname. Please check that they are accurate.
You can suppress this message by setting them explicitly:

    git config --global user.name "Your Name"
    git config --global user.email you@example.com

After doing this, you may fix the identity used for this commit with:

    git commit --amend --reset-author

 3 files changed, 7 insertions(+), 1 deletion(-)
[2026-01-10 21:24:22] ✅ Commit creado exitosamente
[1;33m🔍 Verificando cambios pendientes...[0m
[1;33m📝 Cambios detectados. Creando commit automático...[0m
[main d4e457f] Auto-commit: Actualización automática del portfolio
 Committer: Ana Manzanares <anamanzanares@MacBook-Pro-de-Ana.local>
Your name and email address were configured automatically based
on your username and hostname. Please check that they are accurate.
You can suppress this message by setting them explicitly:

    git config --global user.name "Your Name"
    git config --global user.email you@example.com

After doing this, you may fix the identity used for this commit with:

    git commit --amend --reset-author

 1 file changed, 17 insertions(+)
[0;32m✅ Commit automático creado exitosamente[0m
To https://github.com/anamanz7/my-life.git
   efebefa..79192f1  main -> main
[2026-01-10 21:24:24] ✅ Push realizado exitosamente a GitHub
[2026-01-10 21:24:24] === Verificación completada ===
[2026-01-10 21:34:24] === Iniciando verificación automática ===
[2026-01-10 21:34:24] Cambios detectados, creando commit...
[main 6ba6551] Auto-commit: 1 modificado(s)
 Committer: Ana Manzanares <anamanzanares@MacBook-Pro-de-Ana.local>
Your name and email address were configured automatically based
on your username and hostname. Please check that they are accurate.
You can suppress this message by setting them explicitly:

    git config --global user.name "Your Name"
    git config --global user.email you@example.com

After doing this, you may fix the identity used for this commit with:

    git commit --amend --reset-author

 2 files changed, 25 insertions(+)
[2026-01-10 21:34:24] ✅ Commit creado exitosamente
[1;33m🔍 Verificando cambios pendientes...[0m
[1;33m📝 Cambios detectados. Creando commit automático...[0m
[main 0f91000] Auto-commit: Actualización automática del portfolio
 Committer: Ana Manzanares <anamanzanares@MacBook-Pro-de-Ana.local>
Your name and email address were configured automatically based
on your username and hostname. Please check that they are accurate.
You can suppress this message by setting them explicitly:

    git config --global user.name "Your Name"
    git config --global user.email you@example.com

After doing this, you may fix the identity used for this commit with:

    git commit --amend --reset-author

 1 file changed, 17 insertions(+)
[0;32m✅ Commit automático creado exitosamente[0m
To https://github.com/anamanz7/my-life.git
   d4e457f..6ba6551  main -> main
[2026-01-10 21:34:26] ✅ Push realizado exitosamente a GitHub
[2026-01-10 21:34:26] === Verificación completada ===
[2026-01-10 21:44:26] === Iniciando verificación automática ===
[2026-01-10 21:44:26] Cambios detectados, creando commit...
[main 89242c0] Auto-commit: 1 modificado(s)
 Committer: Ana Manzanares <anamanzanares@MacBook-Pro-de-Ana.local>
Your name and email address were configured automatically based
on your username and hostname. Please check that they are accurate.
You can suppress this message by setting them explicitly:

    git config --global user.name "Your Name"
    git config --global user.email you@example.com

After doing this, you may fix the identity used for this commit with:

    git commit --amend --reset-author

 2 files changed, 25 insertions(+)
[2026-01-10 21:44:26] ✅ Commit creado exitosamente
[1;33m🔍 Verificando cambios pendientes...[0m
[1;33m📝 Cambios detectados. Creando commit automático...[0m
[main d0e49f0] Auto-commit: Actualización automática del portfolio
 Committer: Ana Manzanares <anamanzanares@MacBook-Pro-de-Ana.local>
Your name and email address were configured automatically based
on your username and hostname. Please check that they are accurate.
You can suppress this message by setting them explicitly:

    git config --global user.name "Your Name"
    git config --global user.email you@example.com

After doing this, you may fix the identity used for this commit with:

    git commit --amend --reset-author

 1 file changed, 17 insertions(+)
[0;32m✅ Commit automático creado exitosamente[0m
To https://github.com/anamanz7/my-life.git
   0f91000..89242c0  main -> main
[2026-01-10 21:44:28] ✅ Push realizado exitosamente a GitHub
[2026-01-10 21:44:28] === Verificación completada ===
[2026-01-10 21:54:30] === Iniciando verificación automática ===
[2026-01-10 21:54:30] Cambios detectados, creando commit...
[main c31c8dd] Auto-commit: 1 modificado(s)
 Committer: Ana Manzanares <anamanzanares@MacBook-Pro-de-Ana.local>
Your name and email address were configured automatically based
on your username and hostname. Please check that they are accurate.
You can suppress this message by setting them explicitly:

    git config --global user.name "Your Name"
    git config --global user.email you@example.com

After doing this, you may fix the identity used for this commit with:

    git commit --amend --reset-author

 2 files changed, 25 insertions(+)
[2026-01-10 21:54:31] ✅ Commit creado exitosamente
[1;33m🔍 Verificando cambios pendientes...[0m
[1;33m📝 Cambios detectados. Creando commit automático...[0m
[main a3d890a] Auto-commit: Actualización automática del portfolio
 Committer: Ana Manzanares <anamanzanares@MacBook-Pro-de-Ana.local>
Your name and email address were configured automatically based
on your username and hostname. Please check that they are accurate.
You can suppress this message by setting them explicitly:

    git config --global user.name "Your Name"
    git config --global user.email you@example.com

After doing this, you may fix the identity used for this commit with:

    git commit --amend --reset-author

 1 file changed, 17 insertions(+)
[0;32m✅ Commit automático creado exitosamente[0m
To https://github.com/anamanz7/my-life.git
   d0e49f0..c31c8dd  main -> main
[2026-01-10 21:54:35] ✅ Push realizado exitosamente a GitHub
[2026-01-10 21:54:35] === Verificación completada ===
[2026-01-14 09:57:00] === Iniciando verificación automática ===
[2026-01-14 09:57:00] Cambios detectados, creando commit...
[main ce9792c] Auto-commit: 1 modificado(s)
 Committer: Ana Manzanares <anamanzanares@MacBook-Pro-de-Ana.local>
Your name and email address were configured automatically based
on your username and hostname. Please check that they are accurate.
You can suppress this message by setting them explicitly:

    git config --global user.name "Your Name"
    git config --global user.email you@example.com

After doing this, you may fix the identity used for this commit with:

    git commit --amend --reset-author

 2 files changed, 25 insertions(+)
[2026-01-14 09:57:01] ✅ Commit creado exitosamente
fatal: unable to access 'https://github.com/anamanz7/my-life.git/': Could not resolve host: github.com
[2026-01-14 18:09:43] ❌ Error al hacer push
[2026-01-18 17:57:22] === Iniciando verificación automática ===
[2026-01-18 17:57:22] Cambios detectados, creando commit...
[main 719a8cd] Auto-commit: 1 modificado(s)
 Committer: Ana Manzanares <anamanzanares@MacBook-Pro-de-Ana.local>
Your name and email address were configured automatically based
on your username and hostname. Please check that they are accurate.
You can suppress this message by setting them explicitly:

    git config --global user.name "Your Name"
    git config --global user.email you@example.com

After doing this, you may fix the identity used for this commit with:

    git commit --amend --reset-author

 2 files changed, 23 insertions(+)
[2026-01-18 17:57:22] ✅ Commit creado exitosamente
[1;33m🔍 Verificando cambios pendientes...[0m
[1;33m📝 Cambios detectados. Creando commit automático...[0m
[main 9fc8a13] Auto-commit: Actualización automática del portfolio
 Committer: Ana Manzanares <anamanzanares@MacBook-Pro-de-Ana.local>
Your name and email address were configured automatically based
on your username and hostname. Please check that they are accurate.
You can suppress this message by setting them explicitly:

    git config --global user.name "Your Name"
    git config --global user.email you@example.com

After doing this, you may fix the identity used for this commit with:

    git commit --amend --reset-author

 1 file changed, 17 insertions(+)
[0;32m✅ Commit automático creado exitosamente[0m
To https://github.com/anamanz7/my-life.git
   a3d890a..719a8cd  main -> main
[2026-01-18 17:57:24] ✅ Push realizado exitosamente a GitHub
[2026-01-18 17:57:24] === Verificación completada ===
[2026-01-18 18:07:24] === Iniciando verificación automática ===
[2026-01-18 18:07:24] Cambios detectados, creando commit...
[main 59a5d23] Auto-commit: 1 modificado(s)
 Committer: Ana Manzanares <anamanzanares@MacBook-Pro-de-Ana.local>
Your name and email address were configured automatically based
on your username and hostname. Please check that they are accurate.
You can suppress this message by setting them explicitly:

    git config --global user.name "Your Name"
    git config --global user.email you@example.com

After doing this, you may fix the identity used for this commit with:

    git commit --amend --reset-author

 2 files changed, 25 insertions(+)
[2026-01-18 18:07:24] ✅ Commit creado exitosamente
[1;33m🔍 Verificando cambios pendientes...[0m
[1;33m📝 Cambios detectados. Creando commit automático...[0m
[main 94875b5] Auto-commit: Actualización automática del portfolio
 Committer: Ana Manzanares <anamanzanares@MacBook-Pro-de-Ana.local>
Your name and email address were configured automatically based
on your username and hostname. Please check that they are accurate.
You can suppress this message by setting them explicitly:

    git config --global user.name "Your Name"
    git config --global user.email you@example.com

After doing this, you may fix the identity used for this commit with:

    git commit --amend --reset-author

 1 file changed, 17 insertions(+)
[0;32m✅ Commit automático creado exitosamente[0m
To https://github.com/anamanz7/my-life.git
   9fc8a13..59a5d23  main -> main
[2026-01-18 18:07:26] ✅ Push realizado exitosamente a GitHub
[2026-01-18 18:07:26] === Verificación completada ===
[2026-01-18 18:17:26] === Iniciando verificación automática ===
[2026-01-18 18:17:26] Cambios detectados, creando commit...
[main 04cf576] Auto-commit: 1 modificado(s)
 Committer: Ana Manzanares <anamanzanares@MacBook-Pro-de-Ana.local>
Your name and email address were configured automatically based
on your username and hostname. Please check that they are accurate.
You can suppress this message by setting them explicitly:

    git config --global user.name "Your Name"
    git config --global user.email you@example.com

After doing this, you may fix the identity used for this commit with:

    git commit --amend --reset-author

 2 files changed, 25 insertions(+)
[2026-01-18 18:17:26] ✅ Commit creado exitosamente
[1;33m🔍 Verificando cambios pendientes...[0m
[1;33m📝 Cambios detectados. Creando commit automático...[0m
[main 5096c04] Auto-commit: Actualización automática del portfolio
 Committer: Ana Manzanares <anamanzanares@MacBook-Pro-de-Ana.local>
Your name and email address were configured automatically based
on your username and hostname. Please check that they are accurate.
You can suppress this message by setting them explicitly:

    git config --global user.name "Your Name"
    git config --global user.email you@example.com

After doing this, you may fix the identity used for this commit with:

    git commit --amend --reset-author

 1 file changed, 17 insertions(+)
[0;32m✅ Commit automático creado exitosamente[0m
To https://github.com/anamanz7/my-life.git
   94875b5..04cf576  main -> main
[2026-01-18 18:17:28] ✅ Push realizado exitosamente a GitHub
[2026-01-18 18:17:28] === Verificación completada ===
[2026-01-18 18:27:28] === Iniciando verificación automática ===
[2026-01-18 18:27:28] Cambios detectados, creando commit...
[main dca3b53] Auto-commit: 1 modificado(s)
 Committer: Ana Manzanares <anamanzanares@MacBook-Pro-de-Ana.local>
Your name and email address were configured automatically based
on your username and hostname. Please check that they are accurate.
You can suppress this message by setting them explicitly:

    git config --global user.name "Your Name"
    git config --global user.email you@example.com

After doing this, you may fix the identity used for this commit with:

    git commit --amend --reset-author

 2 files changed, 25 insertions(+)
[2026-01-18 18:27:28] ✅ Commit creado exitosamente
[1;33m🔍 Verificando cambios pendientes...[0m
[1;33m📝 Cambios detectados. Creando commit automático...[0m
[main 57990fb] Auto-commit: Actualización automática del portfolio
 Committer: Ana Manzanares <anamanzanares@MacBook-Pro-de-Ana.local>
Your name and email address were configured automatically based
on your username and hostname. Please check that they are accurate.
You can suppress this message by setting them explicitly:

    git config --global user.name "Your Name"
    git config --global user.email you@example.com

After doing this, you may fix the identity used for this commit with:

    git commit --amend --reset-author

 1 file changed, 17 insertions(+)
[0;32m✅ Commit automático creado exitosamente[0m
To https://github.com/anamanz7/my-life.git
   5096c04..dca3b53  main -> main
[2026-01-18 18:27:32] ✅ Push realizado exitosamente a GitHub
[2026-01-18 18:27:32] === Verificación completada ===
[2026-01-18 18:37:32] === Iniciando verificación automática ===
[2026-01-18 18:37:32] Cambios detectados, creando commit...
[main f450c65] Auto-commit: 1 modificado(s)
 Committer: Ana Manzanares <anamanzanares@MacBook-Pro-de-Ana.local>
Your name and email address were configured automatically based
on your username and hostname. Please check that they are accurate.
You can suppress this message by setting them explicitly:

    git config --global user.name "Your Name"
    git config --global user.email you@example.com

After doing this, you may fix the identity used for this commit with:

    git commit --amend --reset-author

 2 files changed, 25 insertions(+)
[2026-01-18 18:37:33] ✅ Commit creado exitosamente
[1;33m🔍 Verificando cambios pendientes...[0m
[1;33m📝 Cambios detectados. Creando commit automático...[0m
[main 484bdb1] Auto-commit: Actualización automática del portfolio
 Committer: Ana Manzanares <anamanzanares@MacBook-Pro-de-Ana.local>
Your name and email address were configured automatically based
on your username and hostname. Please check that they are accurate.
You can suppress this message by setting them explicitly:

    git config --global user.name "Your Name"
    git config --global user.email you@example.com

After doing this, you may fix the identity used for this commit with:

    git commit --amend --reset-author

 1 file changed, 17 insertions(+)
[0;32m✅ Commit automático creado exitosamente[0m
To https://github.com/anamanz7/my-life.git
   57990fb..f450c65  main -> main
[2026-01-18 18:37:34] ✅ Push realizado exitosamente a GitHub
[2026-01-18 18:37:34] === Verificación completada ===
[2026-01-18 18:47:35] === Iniciando verificación automática ===
[2026-01-18 18:47:35] Cambios detectados, creando commit...
[main a655cc6] Auto-commit: 1 modificado(s)
 Committer: Ana Manzanares <anamanzanares@MacBook-Pro-de-Ana.local>
Your name and email address were configured automatically based
on your username and hostname. Please check that they are accurate.
You can suppress this message by setting them explicitly:

    git config --global user.name "Your Name"
    git config --global user.email you@example.com

After doing this, you may fix the identity used for this commit with:

    git commit --amend --reset-author

 2 files changed, 25 insertions(+)
[2026-01-18 18:47:35] ✅ Commit creado exitosamente
[1;33m🔍 Verificando cambios pendientes...[0m
[1;33m📝 Cambios detectados. Creando commit automático...[0m
[main a629bbe] Auto-commit: Actualización automática del portfolio
 Committer: Ana Manzanares <anamanzanares@MacBook-Pro-de-Ana.local>
Your name and email address were configured automatically based
on your username and hostname. Please check that they are accurate.
You can suppress this message by setting them explicitly:

    git config --global user.name "Your Name"
    git config --global user.email you@example.com

After doing this, you may fix the identity used for this commit with:

    git commit --amend --reset-author

 1 file changed, 17 insertions(+)
[0;32m✅ Commit automático creado exitosamente[0m
To https://github.com/anamanz7/my-life.git
   484bdb1..a655cc6  main -> main
[2026-01-18 18:47:36] ✅ Push realizado exitosamente a GitHub
[2026-01-18 18:47:36] === Verificación completada ===
[2026-01-18 18:57:36] === Iniciando verificación automática ===
[2026-01-18 18:57:36] Cambios detectados, creando commit...
[main 77ffab5] Auto-commit: 1 modificado(s)
 Committer: Ana Manzanares <anamanzanares@MacBook-Pro-de-Ana.local>
Your name and email address were configured automatically based
on your username and hostname. Please check that they are accurate.
You can suppress this message by setting them explicitly:

    git config --global user.name "Your Name"
    git config --global user.email you@example.com

After doing this, you may fix the identity used for this commit with:

    git commit --amend --reset-author

 2 files changed, 25 insertions(+)
[2026-01-18 18:57:37] ✅ Commit creado exitosamente
[1;33m🔍 Verificando cambios pendientes...[0m
[1;33m📝 Cambios detectados. Creando commit automático...[0m
[main 8d5ee17] Auto-commit: Actualización automática del portfolio
 Committer: Ana Manzanares <anamanzanares@MacBook-Pro-de-Ana.local>
Your name and email address were configured automatically based
on your username and hostname. Please check that they are accurate.
You can suppress this message by setting them explicitly:

    git config --global user.name "Your Name"
    git config --global user.email you@example.com

After doing this, you may fix the identity used for this commit with:

    git commit --amend --reset-author

 1 file changed, 17 insertions(+)
[0;32m✅ Commit automático creado exitosamente[0m
To https://github.com/anamanz7/my-life.git
   a629bbe..77ffab5  main -> main
[2026-01-18 18:57:39] ✅ Push realizado exitosamente a GitHub
[2026-01-18 18:57:39] === Verificación completada ===
[2026-01-18 19:07:39] === Iniciando verificación automática ===
[2026-01-18 19:07:39] Cambios detectados, creando commit...
[main b163dfe] Auto-commit: 1 modificado(s)
 Committer: Ana Manzanares <anamanzanares@MacBook-Pro-de-Ana.local>
Your name and email address were configured automatically based
on your username and hostname. Please check that they are accurate.
You can suppress this message by setting them explicitly:

    git config --global user.name "Your Name"
    git config --global user.email you@example.com

After doing this, you may fix the identity used for this commit with:

    git commit --amend --reset-author

 2 files changed, 25 insertions(+)
[2026-01-18 19:07:39] ✅ Commit creado exitosamente
[1;33m🔍 Verificando cambios pendientes...[0m
[1;33m📝 Cambios detectados. Creando commit automático...[0m
[main 129218a] Auto-commit: Actualización automática del portfolio
 Committer: Ana Manzanares <anamanzanares@MacBook-Pro-de-Ana.local>
Your name and email address were configured automatically based
on your username and hostname. Please check that they are accurate.
You can suppress this message by setting them explicitly:

    git config --global user.name "Your Name"
    git config --global user.email you@example.com

After doing this, you may fix the identity used for this commit with:

    git commit --amend --reset-author

 1 file changed, 17 insertions(+)
[0;32m✅ Commit automático creado exitosamente[0m
To https://github.com/anamanz7/my-life.git
   8d5ee17..b163dfe  main -> main
[2026-01-18 19:07:41] ✅ Push realizado exitosamente a GitHub
[2026-01-18 19:07:41] === Verificación completada ===
[2026-01-18 19:17:41] === Iniciando verificación automática ===
[2026-01-18 19:17:41] Cambios detectados, creando commit...
[main 757caeb] Auto-commit: 1 modificado(s)
 Committer: Ana Manzanares <anamanzanares@MacBook-Pro-de-Ana.local>
Your name and email address were configured automatically based
on your username and hostname. Please check that they are accurate.
You can suppress this message by setting them explicitly:

    git config --global user.name "Your Name"
    git config --global user.email you@example.com

After doing this, you may fix the identity used for this commit with:

    git commit --amend --reset-author

 2 files changed, 25 insertions(+)
[2026-01-18 19:17:41] ✅ Commit creado exitosamente
[1;33m🔍 Verificando cambios pendientes...[0m
[1;33m📝 Cambios detectados. Creando commit automático...[0m
[main 51d09e8] Auto-commit: Actualización automática del portfolio
 Committer: Ana Manzanares <anamanzanares@MacBook-Pro-de-Ana.local>
Your name and email address were configured automatically based
on your username and hostname. Please check that they are accurate.
You can suppress this message by setting them explicitly:

    git config --global user.name "Your Name"
    git config --global user.email you@example.com

After doing this, you may fix the identity used for this commit with:

    git commit --amend --reset-author

 1 file changed, 17 insertions(+)
[0;32m✅ Commit automático creado exitosamente[0m
To https://github.com/anamanz7/my-life.git
   129218a..757caeb  main -> main
[2026-01-18 19:17:43] ✅ Push realizado exitosamente a GitHub
[2026-01-18 19:17:43] === Verificación completada ===
[2026-01-18 19:27:43] === Iniciando verificación automática ===
[2026-01-18 19:27:43] Cambios detectados, creando commit...
[main b6c1ef0] Auto-commit: 1 modificado(s)
 Committer: Ana Manzanares <anamanzanares@MacBook-Pro-de-Ana.local>
Your name and email address were configured automatically based
on your username and hostname. Please check that they are accurate.
You can suppress this message by setting them explicitly:

    git config --global user.name "Your Name"
    git config --global user.email you@example.com

After doing this, you may fix the identity used for this commit with:

    git commit --amend --reset-author

 2 files changed, 25 insertions(+)
[2026-01-18 19:27:43] ✅ Commit creado exitosamente
[1;33m🔍 Verificando cambios pendientes...[0m
[1;33m📝 Cambios detectados. Creando commit automático...[0m
[main 23b8128] Auto-commit: Actualización automática del portfolio
 Committer: Ana Manzanares <anamanzanares@MacBook-Pro-de-Ana.local>
Your name and email address were configured automatically based
on your username and hostname. Please check that they are accurate.
You can suppress this message by setting them explicitly:

    git config --global user.name "Your Name"
    git config --global user.email you@example.com

After doing this, you may fix the identity used for this commit with:

    git commit --amend --reset-author

 1 file changed, 17 insertions(+)
[0;32m✅ Commit automático creado exitosamente[0m
To https://github.com/anamanz7/my-life.git
   51d09e8..b6c1ef0  main -> main
[2026-01-18 19:27:44] ✅ Push realizado exitosamente a GitHub
[2026-01-18 19:27:44] === Verificación completada ===
[2026-01-18 19:37:44] === Iniciando verificación automática ===
[2026-01-18 19:37:44] Cambios detectados, creando commit...
[main 547e786] Auto-commit: 1 modificado(s)
 Committer: Ana Manzanares <anamanzanares@MacBook-Pro-de-Ana.local>
Your name and email address were configured automatically based
on your username and hostname. Please check that they are accurate.
You can suppress this message by setting them explicitly:

    git config --global user.name "Your Name"
    git config --global user.email you@example.com

After doing this, you may fix the identity used for this commit with:

    git commit --amend --reset-author

 2 files changed, 25 insertions(+)
[2026-01-18 19:37:45] ✅ Commit creado exitosamente
[1;33m🔍 Verificando cambios pendientes...[0m
[1;33m📝 Cambios detectados. Creando commit automático...[0m
[main 4c821ef] Auto-commit: Actualización automática del portfolio
 Committer: Ana Manzanares <anamanzanares@MacBook-Pro-de-Ana.local>
Your name and email address were configured automatically based
on your username and hostname. Please check that they are accurate.
You can suppress this message by setting them explicitly:

    git config --global user.name "Your Name"
    git config --global user.email you@example.com

After doing this, you may fix the identity used for this commit with:

    git commit --amend --reset-author

 1 file changed, 17 insertions(+)
[0;32m✅ Commit automático creado exitosamente[0m
To https://github.com/anamanz7/my-life.git
   23b8128..547e786  main -> main
[2026-01-18 19:37:46] ✅ Push realizado exitosamente a GitHub
[2026-01-18 19:37:46] === Verificación completada ===
[2026-01-18 19:47:46] === Iniciando verificación automática ===
[2026-01-18 19:47:46] Cambios detectados, creando commit...
[main 3de2e70] Auto-commit: 1 modificado(s)
 Committer: Ana Manzanares <anamanzanares@MacBook-Pro-de-Ana.local>
Your name and email address were configured automatically based
on your username and hostname. Please check that they are accurate.
You can suppress this message by setting them explicitly:

    git config --global user.name "Your Name"
    git config --global user.email you@example.com

After doing this, you may fix the identity used for this commit with:

    git commit --amend --reset-author

 2 files changed, 25 insertions(+)
[2026-01-18 19:47:46] ✅ Commit creado exitosamente
[1;33m🔍 Verificando cambios pendientes...[0m
[1;33m📝 Cambios detectados. Creando commit automático...[0m
[main 1c2d90f] Auto-commit: Actualización automática del portfolio
 Committer: Ana Manzanares <anamanzanares@MacBook-Pro-de-Ana.local>
Your name and email address were configured automatically based
on your username and hostname. Please check that they are accurate.
You can suppress this message by setting them explicitly:

    git config --global user.name "Your Name"
    git config --global user.email you@example.com

After doing this, you may fix the identity used for this commit with:

    git commit --amend --reset-author

 1 file changed, 17 insertions(+)
[0;32m✅ Commit automático creado exitosamente[0m
To https://github.com/anamanz7/my-life.git
   4c821ef..3de2e70  main -> main
[2026-01-18 19:47:48] ✅ Push realizado exitosamente a GitHub
[2026-01-18 19:47:48] === Verificación completada ===
[2026-01-18 19:57:48] === Iniciando verificación automática ===
[2026-01-18 19:57:48] Cambios detectados, creando commit...
[main 9159059] Auto-commit: 1 modificado(s)
 Committer: Ana Manzanares <anamanzanares@MacBook-Pro-de-Ana.local>
Your name and email address were configured automatically based
on your username and hostname. Please check that they are accurate.
You can suppress this message by setting them explicitly:

    git config --global user.name "Your Name"
    git config --global user.email you@example.com

After doing this, you may fix the identity used for this commit with:

    git commit --amend --reset-author

 2 files changed, 6 insertions(+)
[2026-01-18 19:57:48] ✅ Commit creado exitosamente
[1;33m🔍 Verificando cambios pendientes...[0m
[1;33m📝 Cambios detectados. Creando commit automático...[0m
[main 020d6d6] Auto-commit: Actualización automática del portfolio
 Committer: Ana Manzanares <anamanzanares@MacBook-Pro-de-Ana.local>
Your name and email address were configured automatically based
on your username and hostname. Please check that they are accurate.
You can suppress this message by setting them explicitly:

    git config --global user.name "Your Name"
    git config --global user.email you@example.com

After doing this, you may fix the identity used for this commit with:

    git commit --amend --reset-author

 1 file changed, 17 insertions(+)
[0;32m✅ Commit automático creado exitosamente[0m
To https://github.com/anamanz7/my-life.git
   ab51304..9159059  main -> main
[2026-01-18 19:57:50] ✅ Push realizado exitosamente a GitHub
[2026-01-18 19:57:50] === Verificación completada ===
[2026-01-18 20:07:50] === Iniciando verificación automática ===
[2026-01-18 20:07:50] Cambios detectados, creando commit...
[main 137182b] Auto-commit: 1 modificado(s)
 Committer: Ana Manzanares <anamanzanares@MacBook-Pro-de-Ana.local>
Your name and email address were configured automatically based
on your username and hostname. Please check that they are accurate.
You can suppress this message by setting them explicitly:

    git config --global user.name "Your Name"
    git config --global user.email you@example.com

After doing this, you may fix the identity used for this commit with:

    git commit --amend --reset-author

 2 files changed, 25 insertions(+)
[2026-01-18 20:07:50] ✅ Commit creado exitosamente
[1;33m🔍 Verificando cambios pendientes...[0m
[1;33m📝 Cambios detectados. Creando commit automático...[0m
[main f5bdb1c] Auto-commit: Actualización automática del portfolio
 Committer: Ana Manzanares <anamanzanares@MacBook-Pro-de-Ana.local>
Your name and email address were configured automatically based
on your username and hostname. Please check that they are accurate.
You can suppress this message by setting them explicitly:

    git config --global user.name "Your Name"
    git config --global user.email you@example.com

After doing this, you may fix the identity used for this commit with:

    git commit --amend --reset-author

 1 file changed, 17 insertions(+)
[0;32m✅ Commit automático creado exitosamente[0m
To https://github.com/anamanz7/my-life.git
   020d6d6..137182b  main -> main
[2026-01-18 20:07:52] ✅ Push realizado exitosamente a GitHub
[2026-01-18 20:07:52] === Verificación completada ===
[2026-01-18 20:08:47] === Iniciando verificación automática ===
[2026-01-18 20:08:47] Cambios detectados, creando commit...
[main 2029158] Auto-commit: 2 modificado(s)
 Committer: Ana Manzanares <anamanzanares@MacBook-Pro-de-Ana.local>
Your name and email address were configured automatically based
on your username and hostname. Please check that they are accurate.
You can suppress this message by setting them explicitly:

    git config --global user.name "Your Name"
    git config --global user.email you@example.com

After doing this, you may fix the identity used for this commit with:

    git commit --amend --reset-author

 2 files changed, 27 insertions(+), 6 deletions(-)
[2026-01-18 20:08:47] ✅ Commit creado exitosamente
[1;33m🔍 Verificando cambios pendientes...[0m
[1;33m📝 Cambios detectados. Creando commit automático...[0m
[main 1c545a7] Auto-commit: Actualización automática del portfolio
 Committer: Ana Manzanares <anamanzanares@MacBook-Pro-de-Ana.local>
Your name and email address were configured automatically based
on your username and hostname. Please check that they are accurate.
You can suppress this message by setting them explicitly:

    git config --global user.name "Your Name"
    git config --global user.email you@example.com

After doing this, you may fix the identity used for this commit with:

    git commit --amend --reset-author

 1 file changed, 17 insertions(+)
[0;32m✅ Commit automático creado exitosamente[0m
To https://github.com/anamanz7/my-life.git
   f5bdb1c..2029158  main -> main
[2026-01-18 20:08:49] ✅ Push realizado exitosamente a GitHub
[2026-01-18 20:08:49] === Verificación completada ===
[2026-01-18 20:17:52] === Iniciando verificación automática ===
[2026-01-18 20:17:52] Cambios detectados, creando commit...
[main 834dbd9] Auto-commit: 1 modificado(s)
 Committer: Ana Manzanares <anamanzanares@MacBook-Pro-de-Ana.local>
Your name and email address were configured automatically based
on your username and hostname. Please check that they are accurate.
You can suppress this message by setting them explicitly:

    git config --global user.name "Your Name"
    git config --global user.email you@example.com

After doing this, you may fix the identity used for this commit with:

    git commit --amend --reset-author

 2 files changed, 6 insertions(+)
[2026-01-18 20:17:52] ✅ Commit creado exitosamente
[1;33m🔍 Verificando cambios pendientes...[0m
[1;33m📝 Cambios detectados. Creando commit automático...[0m
[main eaa2884] Auto-commit: Actualización automática del portfolio
 Committer: Ana Manzanares <anamanzanares@MacBook-Pro-de-Ana.local>
Your name and email address were configured automatically based
on your username and hostname. Please check that they are accurate.
You can suppress this message by setting them explicitly:

    git config --global user.name "Your Name"
    git config --global user.email you@example.com

After doing this, you may fix the identity used for this commit with:

    git commit --amend --reset-author

 1 file changed, 17 insertions(+)
[0;32m✅ Commit automático creado exitosamente[0m
To https://github.com/anamanz7/anamanzanares.github.io.git
   ea7233f..834dbd9  main -> main
[2026-01-18 20:17:53] ✅ Push realizado exitosamente a GitHub
[2026-01-18 20:17:53] === Verificación completada ===
[2026-01-18 20:27:53] === Iniciando verificación automática ===
[2026-01-18 20:27:54] Cambios detectados, creando commit...
[main 038f5fc] Auto-commit: 1 modificado(s)
 Committer: Ana Manzanares <anamanzanares@MacBook-Pro-de-Ana.local>
Your name and email address were configured automatically based
on your username and hostname. Please check that they are accurate.
You can suppress this message by setting them explicitly:

    git config --global user.name "Your Name"
    git config --global user.email you@example.com

After doing this, you may fix the identity used for this commit with:

    git commit --amend --reset-author

 2 files changed, 6 insertions(+)
[2026-01-18 20:27:54] ✅ Commit creado exitosamente
[1;33m🔍 Verificando cambios pendientes...[0m
[1;33m📝 Cambios detectados. Creando commit automático...[0m
[main 4aa0de4] Auto-commit: Actualización automática del portfolio
 Committer: Ana Manzanares <anamanzanares@MacBook-Pro-de-Ana.local>
Your name and email address were configured automatically based
on your username and hostname. Please check that they are accurate.
You can suppress this message by setting them explicitly:

    git config --global user.name "Your Name"
    git config --global user.email you@example.com

After doing this, you may fix the identity used for this commit with:

    git commit --amend --reset-author

 1 file changed, 17 insertions(+)
[0;32m✅ Commit automático creado exitosamente[0m
To https://github.com/anamanz7/anamanzanares.github.io.git
   17add92..038f5fc  main -> main
[2026-01-18 20:27:56] ✅ Push realizado exitosamente a GitHub
[2026-01-18 20:27:56] === Verificación completada ===
[2026-01-18 20:37:56] === Iniciando verificación automática ===
[2026-01-18 20:37:56] Cambios detectados, creando commit...
[main c7fcc09] Auto-commit: 1 modificado(s)
 Committer: Ana Manzanares <anamanzanares@MacBook-Pro-de-Ana.local>
Your name and email address were configured automatically based
on your username and hostname. Please check that they are accurate.
You can suppress this message by setting them explicitly:

    git config --global user.name "Your Name"
    git config --global user.email you@example.com

After doing this, you may fix the identity used for this commit with:

    git commit --amend --reset-author

 2 files changed, 6 insertions(+)
[2026-01-18 20:37:56] ✅ Commit creado exitosamente
[1;33m🔍 Verificando cambios pendientes...[0m
[1;33m📝 Cambios detectados. Creando commit automático...[0m
[main 7ac1b8a] Auto-commit: Actualización automática del portfolio
 Committer: Ana Manzanares <anamanzanares@MacBook-Pro-de-Ana.local>
Your name and email address were configured automatically based
on your username and hostname. Please check that they are accurate.
You can suppress this message by setting them explicitly:

    git config --global user.name "Your Name"
    git config --global user.email you@example.com

After doing this, you may fix the identity used for this commit with:

    git commit --amend --reset-author

 1 file changed, 17 insertions(+)
[0;32m✅ Commit automático creado exitosamente[0m
To https://github.com/anamanz7/anamanzanares.github.io.git
   4aa0de4..c7fcc09  main -> main
[2026-01-18 20:37:58] ✅ Push realizado exitosamente a GitHub
[2026-01-18 20:37:58] === Verificación completada ===
[2026-01-18 21:10:11] === Iniciando verificación automática ===
[2026-01-18 21:10:11] Cambios detectados, creando commit...
[main 9b06eb4] Auto-commit: 1 modificado(s)
 Committer: Ana Manzanares <anamanzanares@MacBook-Pro-de-Ana.local>
Your name and email address were configured automatically based
on your username and hostname. Please check that they are accurate.
You can suppress this message by setting them explicitly:

    git config --global user.name "Your Name"
    git config --global user.email you@example.com

After doing this, you may fix the identity used for this commit with:

    git commit --amend --reset-author

 2 files changed, 25 insertions(+)
[2026-01-18 21:10:11] ✅ Commit creado exitosamente
[1;33m🔍 Verificando cambios pendientes...[0m
[1;33m📝 Cambios detectados. Creando commit automático...[0m
[main 47a56e9] Auto-commit: Actualización automática del portfolio
 Committer: Ana Manzanares <anamanzanares@MacBook-Pro-de-Ana.local>
Your name and email address were configured automatically based
on your username and hostname. Please check that they are accurate.
You can suppress this message by setting them explicitly:

    git config --global user.name "Your Name"
    git config --global user.email you@example.com

After doing this, you may fix the identity used for this commit with:

    git commit --amend --reset-author

 1 file changed, 17 insertions(+)
[0;32m✅ Commit automático creado exitosamente[0m
To https://github.com/anamanz7/anamanzanares.github.io.git
   7ac1b8a..9b06eb4  main -> main
[2026-01-18 21:10:13] ✅ Push realizado exitosamente a GitHub
[2026-01-18 21:10:13] === Verificación completada ===
[2026-01-19 03:36:21] === Iniciando verificación automática ===
[2026-01-19 03:36:21] Cambios detectados, creando commit...
[main b31b5a5] Auto-commit: 1 modificado(s)
 Committer: Ana Manzanares <anamanzanares@MacBook-Pro-de-Ana.local>
Your name and email address were configured automatically based
on your username and hostname. Please check that they are accurate.
You can suppress this message by setting them explicitly:

    git config --global user.name "Your Name"
    git config --global user.email you@example.com

After doing this, you may fix the identity used for this commit with:

    git commit --amend --reset-author

 2 files changed, 25 insertions(+)
[2026-01-19 03:36:21] ✅ Commit creado exitosamente
[1;33m🔍 Verificando cambios pendientes...[0m
[1;33m📝 Cambios detectados. Creando commit automático...[0m
[main cecff80] Auto-commit: Actualización automática del portfolio
 Committer: Ana Manzanares <anamanzanares@MacBook-Pro-de-Ana.local>
Your name and email address were configured automatically based
on your username and hostname. Please check that they are accurate.
You can suppress this message by setting them explicitly:

    git config --global user.name "Your Name"
    git config --global user.email you@example.com

After doing this, you may fix the identity used for this commit with:

    git commit --amend --reset-author

 1 file changed, 17 insertions(+)
[0;32m✅ Commit automático creado exitosamente[0m
To https://github.com/anamanz7/anamanzanares.github.io.git
   47a56e9..b31b5a5  main -> main
[2026-01-19 03:36:23] ✅ Push realizado exitosamente a GitHub
[2026-01-19 03:36:23] === Verificación completada ===
[2026-01-22 06:59:26] === Iniciando verificación automática ===
[2026-01-22 06:59:26] Cambios detectados, creando commit...
[main 52ce078] Auto-commit: 1 modificado(s)
 Committer: Ana Manzanares <anamanzanares@MacBook-Pro-de-Ana.local>
Your name and email address were configured automatically based
on your username and hostname. Please check that they are accurate.
You can suppress this message by setting them explicitly:

    git config --global user.name "Your Name"
    git config --global user.email you@example.com

After doing this, you may fix the identity used for this commit with:

    git commit --amend --reset-author

 2 files changed, 25 insertions(+)
[2026-01-22 06:59:26] ✅ Commit creado exitosamente
[1;33m🔍 Verificando cambios pendientes...[0m
[1;33m📝 Cambios detectados. Creando commit automático...[0m
[main af96393] Auto-commit: Actualización automática del portfolio
 Committer: Ana Manzanares <anamanzanares@MacBook-Pro-de-Ana.local>
Your name and email address were configured automatically based
on your username and hostname. Please check that they are accurate.
You can suppress this message by setting them explicitly:

    git config --global user.name "Your Name"
    git config --global user.email you@example.com

After doing this, you may fix the identity used for this commit with:

    git commit --amend --reset-author

 1 file changed, 17 insertions(+)
[0;32m✅ Commit automático creado exitosamente[0m
To https://github.com/anamanz7/anamanzanares.github.io.git
   cecff80..52ce078  main -> main
[2026-01-22 06:59:28] ✅ Push realizado exitosamente a GitHub
[2026-01-22 06:59:28] === Verificación completada ===
[2026-01-26 01:24:09] === Iniciando verificación automática ===
[2026-01-26 01:24:09] Cambios detectados, creando commit...
[main d52a2b4] Auto-commit: 1 modificado(s)
 Committer: Ana Manzanares <anamanzanares@MacBook-Pro-de-Ana.local>
Your name and email address were configured automatically based
on your username and hostname. Please check that they are accurate.
You can suppress this message by setting them explicitly:

    git config --global user.name "Your Name"
    git config --global user.email you@example.com

After doing this, you may fix the identity used for this commit with:

    git commit --amend --reset-author

 2 files changed, 25 insertions(+)
[2026-01-26 01:24:09] ✅ Commit creado exitosamente
[1;33m🔍 Verificando cambios pendientes...[0m
[1;33m📝 Cambios detectados. Creando commit automático...[0m
[main a15b395] Auto-commit: Actualización automática del portfolio
 Committer: Ana Manzanares <anamanzanares@MacBook-Pro-de-Ana.local>
Your name and email address were configured automatically based
on your username and hostname. Please check that they are accurate.
You can suppress this message by setting them explicitly:

    git config --global user.name "Your Name"
    git config --global user.email you@example.com

After doing this, you may fix the identity used for this commit with:

    git commit --amend --reset-author

 1 file changed, 17 insertions(+)
[0;32m✅ Commit automático creado exitosamente[0m
To https://github.com/anamanz7/anamanzanares.github.io.git
   af96393..d52a2b4  main -> main
[2026-01-26 01:24:11] ✅ Push realizado exitosamente a GitHub
[2026-01-26 01:24:11] === Verificación completada ===
[2026-01-30 04:01:21] === Iniciando verificación automática ===
[2026-01-30 04:01:21] Cambios detectados, creando commit...
[main 72c6e1d] Auto-commit: 1 modificado(s)
 Committer: Ana Manzanares <anamanzanares@MacBook-Pro-de-Ana.local>
Your name and email address were configured automatically based
on your username and hostname. Please check that they are accurate.
You can suppress this message by setting them explicitly:

    git config --global user.name "Your Name"
    git config --global user.email you@example.com

After doing this, you may fix the identity used for this commit with:

    git commit --amend --reset-author

 2 files changed, 25 insertions(+)
[2026-01-30 04:01:22] ✅ Commit creado exitosamente
fatal: unable to access 'https://github.com/anamanz7/anamanzanares.github.io.git/': Could not resolve host: github.com
[2026-01-30 04:01:22] ❌ Error al hacer push
[2026-02-02 14:12:58] === Iniciando verificación automática ===
[2026-02-02 14:12:58] Cambios detectados, creando commit...
[main 95aab25] Auto-commit: 1 modificado(s)
 Committer: Ana Manzanares <anamanzanares@MacBook-Pro-de-Ana.local>
Your name and email address were configured automatically based
on your username and hostname. Please check that they are accurate.
You can suppress this message by setting them explicitly:

    git config --global user.name "Your Name"
    git config --global user.email you@example.com

After doing this, you may fix the identity used for this commit with:

    git commit --amend --reset-author

 2 files changed, 23 insertions(+)
[2026-02-02 14:12:59] ✅ Commit creado exitosamente
[1;33m🔍 Verificando cambios pendientes...[0m
[1;33m📝 Cambios detectados. Creando commit automático...[0m
[main 0cffae7] Auto-commit: Actualización automática del portfolio
 Committer: Ana Manzanares <anamanzanares@MacBook-Pro-de-Ana.local>
Your name and email address were configured automatically based
on your username and hostname. Please check that they are accurate.
You can suppress this message by setting them explicitly:

    git config --global user.name "Your Name"
    git config --global user.email you@example.com

After doing this, you may fix the identity used for this commit with:

    git commit --amend --reset-author

 1 file changed, 17 insertions(+)
[0;32m✅ Commit automático creado exitosamente[0m
To https://github.com/anamanz7/anamanzanares.github.io.git
   a15b395..95aab25  main -> main
[2026-02-02 14:13:01] ✅ Push realizado exitosamente a GitHub
[2026-02-02 14:13:01] === Verificación completada ===
[2026-02-22 22:29:43] === Iniciando verificación automática ===
[2026-02-22 22:29:52] Cambios detectados, creando commit...
[main 8f6b2b0] Auto-commit: 1 modificado(s)
 Committer: Ana Manzanares <anamanzanares@MacBook-Pro-de-Ana.local>
Your name and email address were configured automatically based
on your username and hostname. Please check that they are accurate.
You can suppress this message by setting them explicitly:

    git config --global user.name "Your Name"
    git config --global user.email you@example.com

After doing this, you may fix the identity used for this commit with:

    git commit --amend --reset-author

 2 files changed, 25 insertions(+)
[2026-02-22 22:30:00] ✅ Commit creado exitosamente
[1;33m🔍 Verificando cambios pendientes...[0m
[1;33m📝 Cambios detectados. Creando commit automático...[0m
[main 08d4a4e] Auto-commit: Actualización automática del portfolio
 Committer: Ana Manzanares <anamanzanares@MacBook-Pro-de-Ana.local>
Your name and email address were configured automatically based
on your username and hostname. Please check that they are accurate.
You can suppress this message by setting them explicitly:

    git config --global user.name "Your Name"
    git config --global user.email you@example.com

After doing this, you may fix the identity used for this commit with:

    git commit --amend --reset-author

 1 file changed, 17 insertions(+)
[0;32m✅ Commit automático creado exitosamente[0m
To https://github.com/anamanz7/anamanzanares.github.io.git
   0cffae7..8f6b2b0  main -> main
[2026-02-22 22:30:29] ✅ Push realizado exitosamente a GitHub
[2026-02-22 22:30:29] === Verificación completada ===
[2026-02-22 22:40:29] === Iniciando verificación automática ===
[2026-02-22 22:40:29] Cambios detectados, creando commit...
[main 0619636] Auto-commit: 1 modificado(s)
 Committer: Ana Manzanares <anamanzanares@MacBook-Pro-de-Ana.local>
Your name and email address were configured automatically based
on your username and hostname. Please check that they are accurate.
You can suppress this message by setting them explicitly:

    git config --global user.name "Your Name"
    git config --global user.email you@example.com

After doing this, you may fix the identity used for this commit with:

    git commit --amend --reset-author

 2 files changed, 25 insertions(+)
[2026-02-22 22:40:29] ✅ Commit creado exitosamente
[1;33m🔍 Verificando cambios pendientes...[0m
[1;33m📝 Cambios detectados. Creando commit automático...[0m
[main 68e3f2c] Auto-commit: Actualización automática del portfolio
 Committer: Ana Manzanares <anamanzanares@MacBook-Pro-de-Ana.local>
Your name and email address were configured automatically based
on your username and hostname. Please check that they are accurate.
You can suppress this message by setting them explicitly:

    git config --global user.name "Your Name"
    git config --global user.email you@example.com

After doing this, you may fix the identity used for this commit with:

    git commit --amend --reset-author

 1 file changed, 17 insertions(+)
[0;32m✅ Commit automático creado exitosamente[0m
To https://github.com/anamanz7/anamanzanares.github.io.git
   08d4a4e..0619636  main -> main
[2026-02-22 22:40:31] ✅ Push realizado exitosamente a GitHub
[2026-02-22 22:40:31] === Verificación completada ===
[2026-02-22 22:50:32] === Iniciando verificación automática ===
[2026-02-22 22:50:34] Cambios detectados, creando commit...
[main 081142c] Auto-commit: 1 modificado(s)
 Committer: Ana Manzanares <anamanzanares@MacBook-Pro-de-Ana.local>
Your name and email address were configured automatically based
on your username and hostname. Please check that they are accurate.
You can suppress this message by setting them explicitly:

    git config --global user.name "Your Name"
    git config --global user.email you@example.com

After doing this, you may fix the identity used for this commit with:

    git commit --amend --reset-author

 2 files changed, 25 insertions(+)
[2026-02-22 22:50:36] ✅ Commit creado exitosamente
[1;33m🔍 Verificando cambios pendientes...[0m
[1;33m📝 Cambios detectados. Creando commit automático...[0m
[main 0cb62f0] Auto-commit: Actualización automática del portfolio
 Committer: Ana Manzanares <anamanzanares@MacBook-Pro-de-Ana.local>
Your name and email address were configured automatically based
on your username and hostname. Please check that they are accurate.
You can suppress this message by setting them explicitly:

    git config --global user.name "Your Name"
    git config --global user.email you@example.com

After doing this, you may fix the identity used for this commit with:

    git commit --amend --reset-author

 1 file changed, 17 insertions(+)
[0;32m✅ Commit automático creado exitosamente[0m
To https://github.com/anamanz7/anamanzanares.github.io.git
   68e3f2c..081142c  main -> main
[2026-02-22 22:51:11] ✅ Push realizado exitosamente a GitHub
[2026-02-22 22:51:11] === Verificación completada ===
[2026-02-22 22:54:18] === Iniciando verificación automática ===
[2026-02-22 22:54:22] Cambios detectados, creando commit...
[main 0582950] Auto-commit: 1 modificado(s)
 Committer: Ana Manzanares <anamanzanares@MacBook-Pro-de-Ana.local>
Your name and email address were configured automatically based
on your username and hostname. Please check that they are accurate.
You can suppress this message by setting them explicitly:

    git config --global user.name "Your Name"
    git config --global user.email you@example.com

After doing this, you may fix the identity used for this commit with:

    git commit --amend --reset-author

 2 files changed, 25 insertions(+)
[2026-02-22 22:54:23] ✅ Commit creado exitosamente
[1;33m🔍 Verificando cambios pendientes...[0m
[1;33m📝 Cambios detectados. Creando commit automático...[0m
[main b4409f8] Auto-commit: Actualización automática del portfolio
 Committer: Ana Manzanares <anamanzanares@MacBook-Pro-de-Ana.local>
Your name and email address were configured automatically based
on your username and hostname. Please check that they are accurate.
You can suppress this message by setting them explicitly:

    git config --global user.name "Your Name"
    git config --global user.email you@example.com

After doing this, you may fix the identity used for this commit with:

    git commit --amend --reset-author

 1 file changed, 17 insertions(+)
[0;32m✅ Commit automático creado exitosamente[0m
To https://github.com/anamanz7/anamanzanares.github.io.git
   0cb62f0..0582950  main -> main
[2026-02-22 22:54:28] ✅ Push realizado exitosamente a GitHub
[2026-02-22 22:54:28] === Verificación completada ===
[2026-02-22 23:04:28] === Iniciando verificación automática ===
[2026-02-22 23:04:28] Cambios detectados, creando commit...
[main c1b16bb] Auto-commit: 1 modificado(s)
 Committer: Ana Manzanares <anamanzanares@MacBook-Pro-de-Ana.local>
Your name and email address were configured automatically based
on your username and hostname. Please check that they are accurate.
You can suppress this message by setting them explicitly:

    git config --global user.name "Your Name"
    git config --global user.email you@example.com

After doing this, you may fix the identity used for this commit with:

    git commit --amend --reset-author

 2 files changed, 25 insertions(+)
[2026-02-22 23:04:28] ✅ Commit creado exitosamente
[1;33m🔍 Verificando cambios pendientes...[0m
[1;33m📝 Cambios detectados. Creando commit automático...[0m
[main fffc77b] Auto-commit: Actualización automática del portfolio
 Committer: Ana Manzanares <anamanzanares@MacBook-Pro-de-Ana.local>
Your name and email address were configured automatically based
on your username and hostname. Please check that they are accurate.
You can suppress this message by setting them explicitly:

    git config --global user.name "Your Name"
    git config --global user.email you@example.com

After doing this, you may fix the identity used for this commit with:

    git commit --amend --reset-author

 1 file changed, 17 insertions(+)
[0;32m✅ Commit automático creado exitosamente[0m
To https://github.com/anamanz7/anamanzanares.github.io.git
   b4409f8..c1b16bb  main -> main
[2026-02-22 23:04:30] ✅ Push realizado exitosamente a GitHub
[2026-02-22 23:04:30] === Verificación completada ===
[2026-02-22 23:14:30] === Iniciando verificación automática ===
[2026-02-22 23:14:30] Cambios detectados, creando commit...
[main eab9658] Auto-commit: 1 modificado(s)
 Committer: Ana Manzanares <anamanzanares@MacBook-Pro-de-Ana.local>
Your name and email address were configured automatically based
on your username and hostname. Please check that they are accurate.
You can suppress this message by setting them explicitly:

    git config --global user.name "Your Name"
    git config --global user.email you@example.com

After doing this, you may fix the identity used for this commit with:

    git commit --amend --reset-author

 2 files changed, 25 insertions(+)
[2026-02-22 23:14:31] ✅ Commit creado exitosamente
[1;33m🔍 Verificando cambios pendientes...[0m
[1;33m📝 Cambios detectados. Creando commit automático...[0m
[main a96bf37] Auto-commit: Actualización automática del portfolio
 Committer: Ana Manzanares <anamanzanares@MacBook-Pro-de-Ana.local>
Your name and email address were configured automatically based
on your username and hostname. Please check that they are accurate.
You can suppress this message by setting them explicitly:

    git config --global user.name "Your Name"
    git config --global user.email you@example.com

After doing this, you may fix the identity used for this commit with:

    git commit --amend --reset-author

 1 file changed, 17 insertions(+)
[0;32m✅ Commit automático creado exitosamente[0m
To https://github.com/anamanz7/anamanzanares.github.io.git
   fffc77b..eab9658  main -> main
[2026-02-22 23:14:32] ✅ Push realizado exitosamente a GitHub
[2026-02-22 23:14:32] === Verificación completada ===
[2026-02-22 23:24:32] === Iniciando verificación automática ===
[2026-02-22 23:24:33] Cambios detectados, creando commit...
[main 956ac34] Auto-commit: 1 modificado(s)
 Committer: Ana Manzanares <anamanzanares@MacBook-Pro-de-Ana.local>
Your name and email address were configured automatically based
on your username and hostname. Please check that they are accurate.
You can suppress this message by setting them explicitly:

    git config --global user.name "Your Name"
    git config --global user.email you@example.com

After doing this, you may fix the identity used for this commit with:

    git commit --amend --reset-author

 2 files changed, 25 insertions(+)
[2026-02-22 23:24:33] ✅ Commit creado exitosamente
[1;33m🔍 Verificando cambios pendientes...[0m
[1;33m📝 Cambios detectados. Creando commit automático...[0m
[main f3ad871] Auto-commit: Actualización automática del portfolio
 Committer: Ana Manzanares <anamanzanares@MacBook-Pro-de-Ana.local>
Your name and email address were configured automatically based
on your username and hostname. Please check that they are accurate.
You can suppress this message by setting them explicitly:

    git config --global user.name "Your Name"
    git config --global user.email you@example.com

After doing this, you may fix the identity used for this commit with:

    git commit --amend --reset-author

 1 file changed, 17 insertions(+)
[0;32m✅ Commit automático creado exitosamente[0m
To https://github.com/anamanz7/anamanzanares.github.io.git
   a96bf37..956ac34  main -> main
[2026-02-22 23:24:34] ✅ Push realizado exitosamente a GitHub
[2026-02-22 23:24:35] === Verificación completada ===
[2026-02-22 23:34:35] === Iniciando verificación automática ===
[2026-02-22 23:34:35] Cambios detectados, creando commit...
[main b9c28a3] Auto-commit: 1 modificado(s)
 Committer: Ana Manzanares <anamanzanares@MacBook-Pro-de-Ana.local>
Your name and email address were configured automatically based
on your username and hostname. Please check that they are accurate.
You can suppress this message by setting them explicitly:

    git config --global user.name "Your Name"
    git config --global user.email you@example.com

After doing this, you may fix the identity used for this commit with:

    git commit --amend --reset-author

 2 files changed, 25 insertions(+)
[2026-02-22 23:34:35] ✅ Commit creado exitosamente
[1;33m🔍 Verificando cambios pendientes...[0m
[1;33m📝 Cambios detectados. Creando commit automático...[0m
[main eb4d183] Auto-commit: Actualización automática del portfolio
 Committer: Ana Manzanares <anamanzanares@MacBook-Pro-de-Ana.local>
Your name and email address were configured automatically based
on your username and hostname. Please check that they are accurate.
You can suppress this message by setting them explicitly:

    git config --global user.name "Your Name"
    git config --global user.email you@example.com

After doing this, you may fix the identity used for this commit with:

    git commit --amend --reset-author

 1 file changed, 17 insertions(+)
[0;32m✅ Commit automático creado exitosamente[0m
To https://github.com/anamanz7/anamanzanares.github.io.git
   f3ad871..b9c28a3  main -> main
[2026-02-22 23:34:37] ✅ Push realizado exitosamente a GitHub
[2026-02-22 23:34:37] === Verificación completada ===
[2026-02-22 23:44:37] === Iniciando verificación automática ===
[2026-02-22 23:44:37] Cambios detectados, creando commit...
[main 23c9eb7] Auto-commit: 1 modificado(s)
 Committer: Ana Manzanares <anamanzanares@MacBook-Pro-de-Ana.local>
Your name and email address were configured automatically based
on your username and hostname. Please check that they are accurate.
You can suppress this message by setting them explicitly:

    git config --global user.name "Your Name"
    git config --global user.email you@example.com

After doing this, you may fix the identity used for this commit with:

    git commit --amend --reset-author

 2 files changed, 25 insertions(+)
[2026-02-22 23:44:38] ✅ Commit creado exitosamente
[1;33m🔍 Verificando cambios pendientes...[0m
[1;33m📝 Cambios detectados. Creando commit automático...[0m
[main dad4917] Auto-commit: Actualización automática del portfolio
 Committer: Ana Manzanares <anamanzanares@MacBook-Pro-de-Ana.local>
Your name and email address were configured automatically based
on your username and hostname. Please check that they are accurate.
You can suppress this message by setting them explicitly:

    git config --global user.name "Your Name"
    git config --global user.email you@example.com

After doing this, you may fix the identity used for this commit with:

    git commit --amend --reset-author

 1 file changed, 17 insertions(+)
[0;32m✅ Commit automático creado exitosamente[0m
To https://github.com/anamanz7/anamanzanares.github.io.git
   eb4d183..23c9eb7  main -> main
[2026-02-22 23:44:40] ✅ Push realizado exitosamente a GitHub
[2026-02-22 23:44:40] === Verificación completada ===
[2026-02-22 23:54:40] === Iniciando verificación automática ===
[2026-02-22 23:54:40] Cambios detectados, creando commit...
[main 8d53bc3] Auto-commit: 1 modificado(s)
 Committer: Ana Manzanares <anamanzanares@MacBook-Pro-de-Ana.local>
Your name and email address were configured automatically based
on your username and hostname. Please check that they are accurate.
You can suppress this message by setting them explicitly:

    git config --global user.name "Your Name"
    git config --global user.email you@example.com

After doing this, you may fix the identity used for this commit with:

    git commit --amend --reset-author

 2 files changed, 25 insertions(+)
[2026-02-22 23:54:41] ✅ Commit creado exitosamente
[1;33m🔍 Verificando cambios pendientes...[0m
[1;33m📝 Cambios detectados. Creando commit automático...[0m
[main 98d6706] Auto-commit: Actualización automática del portfolio
 Committer: Ana Manzanares <anamanzanares@MacBook-Pro-de-Ana.local>
Your name and email address were configured automatically based
on your username and hostname. Please check that they are accurate.
You can suppress this message by setting them explicitly:

    git config --global user.name "Your Name"
    git config --global user.email you@example.com

After doing this, you may fix the identity used for this commit with:

    git commit --amend --reset-author

 1 file changed, 17 insertions(+)
[0;32m✅ Commit automático creado exitosamente[0m
To https://github.com/anamanz7/anamanzanares.github.io.git
   dad4917..8d53bc3  main -> main
[2026-02-22 23:54:43] ✅ Push realizado exitosamente a GitHub
[2026-02-22 23:54:43] === Verificación completada ===
[2026-02-23 00:04:43] === Iniciando verificación automática ===
[2026-02-23 00:04:44] Cambios detectados, creando commit...
[main 9348679] Auto-commit: 1 modificado(s)
 Committer: Ana Manzanares <anamanzanares@MacBook-Pro-de-Ana.local>
Your name and email address were configured automatically based
on your username and hostname. Please check that they are accurate.
You can suppress this message by setting them explicitly:

    git config --global user.name "Your Name"
    git config --global user.email you@example.com

After doing this, you may fix the identity used for this commit with:

    git commit --amend --reset-author

 2 files changed, 25 insertions(+)
[2026-02-23 00:04:44] ✅ Commit creado exitosamente
[1;33m🔍 Verificando cambios pendientes...[0m
[1;33m📝 Cambios detectados. Creando commit automático...[0m
[main 8d845bc] Auto-commit: Actualización automática del portfolio
 Committer: Ana Manzanares <anamanzanares@MacBook-Pro-de-Ana.local>
Your name and email address were configured automatically based
on your username and hostname. Please check that they are accurate.
You can suppress this message by setting them explicitly:

    git config --global user.name "Your Name"
    git config --global user.email you@example.com

After doing this, you may fix the identity used for this commit with:

    git commit --amend --reset-author

 1 file changed, 17 insertions(+)
[0;32m✅ Commit automático creado exitosamente[0m
To https://github.com/anamanz7/anamanzanares.github.io.git
   98d6706..9348679  main -> main
[2026-02-23 00:04:46] ✅ Push realizado exitosamente a GitHub
[2026-02-23 00:04:46] === Verificación completada ===
[2026-02-23 00:14:46] === Iniciando verificación automática ===
[2026-02-23 00:14:46] Cambios detectados, creando commit...
[main 2eef2b7] Auto-commit: 1 modificado(s)
 Committer: Ana Manzanares <anamanzanares@MacBook-Pro-de-Ana.local>
Your name and email address were configured automatically based
on your username and hostname. Please check that they are accurate.
You can suppress this message by setting them explicitly:

    git config --global user.name "Your Name"
    git config --global user.email you@example.com

After doing this, you may fix the identity used for this commit with:

    git commit --amend --reset-author

 2 files changed, 25 insertions(+)
[2026-02-23 00:14:46] ✅ Commit creado exitosamente
[1;33m🔍 Verificando cambios pendientes...[0m
[1;33m📝 Cambios detectados. Creando commit automático...[0m
[main ae2b7b5] Auto-commit: Actualización automática del portfolio
 Committer: Ana Manzanares <anamanzanares@MacBook-Pro-de-Ana.local>
Your name and email address were configured automatically based
on your username and hostname. Please check that they are accurate.
You can suppress this message by setting them explicitly:

    git config --global user.name "Your Name"
    git config --global user.email you@example.com

After doing this, you may fix the identity used for this commit with:

    git commit --amend --reset-author

 1 file changed, 17 insertions(+)
[0;32m✅ Commit automático creado exitosamente[0m
To https://github.com/anamanz7/anamanzanares.github.io.git
   8d845bc..2eef2b7  main -> main
[2026-02-23 00:14:47] ✅ Push realizado exitosamente a GitHub
[2026-02-23 00:14:47] === Verificación completada ===
[2026-02-23 00:24:47] === Iniciando verificación automática ===
[2026-02-23 00:24:47] Cambios detectados, creando commit...
[main 797462d] Auto-commit: 1 modificado(s)
 Committer: Ana Manzanares <anamanzanares@MacBook-Pro-de-Ana.local>
Your name and email address were configured automatically based
on your username and hostname. Please check that they are accurate.
You can suppress this message by setting them explicitly:

    git config --global user.name "Your Name"
    git config --global user.email you@example.com

After doing this, you may fix the identity used for this commit with:

    git commit --amend --reset-author

 2 files changed, 25 insertions(+)
[2026-02-23 00:24:48] ✅ Commit creado exitosamente
[1;33m🔍 Verificando cambios pendientes...[0m
[1;33m📝 Cambios detectados. Creando commit automático...[0m
[main e4ec33b] Auto-commit: Actualización automática del portfolio
 Committer: Ana Manzanares <anamanzanares@MacBook-Pro-de-Ana.local>
Your name and email address were configured automatically based
on your username and hostname. Please check that they are accurate.
You can suppress this message by setting them explicitly:

    git config --global user.name "Your Name"
    git config --global user.email you@example.com

After doing this, you may fix the identity used for this commit with:

    git commit --amend --reset-author

 1 file changed, 17 insertions(+)
[0;32m✅ Commit automático creado exitosamente[0m
To https://github.com/anamanz7/anamanzanares.github.io.git
   ae2b7b5..797462d  main -> main
[2026-02-23 00:24:49] ✅ Push realizado exitosamente a GitHub
[2026-02-23 00:24:49] === Verificación completada ===
[2026-02-23 00:34:49] === Iniciando verificación automática ===
[2026-02-23 00:34:49] Cambios detectados, creando commit...
[main 2ef8944] Auto-commit: 1 modificado(s)
 Committer: Ana Manzanares <anamanzanares@MacBook-Pro-de-Ana.local>
Your name and email address were configured automatically based
on your username and hostname. Please check that they are accurate.
You can suppress this message by setting them explicitly:

    git config --global user.name "Your Name"
    git config --global user.email you@example.com

After doing this, you may fix the identity used for this commit with:

    git commit --amend --reset-author

 2 files changed, 25 insertions(+)
[2026-02-23 00:34:49] ✅ Commit creado exitosamente
[1;33m🔍 Verificando cambios pendientes...[0m
[1;33m📝 Cambios detectados. Creando commit automático...[0m
[main 34659a2] Auto-commit: Actualización automática del portfolio
 Committer: Ana Manzanares <anamanzanares@MacBook-Pro-de-Ana.local>
Your name and email address were configured automatically based
on your username and hostname. Please check that they are accurate.
You can suppress this message by setting them explicitly:

    git config --global user.name "Your Name"
    git config --global user.email you@example.com

After doing this, you may fix the identity used for this commit with:

    git commit --amend --reset-author

 1 file changed, 17 insertions(+)
[0;32m✅ Commit automático creado exitosamente[0m
To https://github.com/anamanz7/anamanzanares.github.io.git
   e4ec33b..2ef8944  main -> main
[2026-02-23 00:34:50] ✅ Push realizado exitosamente a GitHub
[2026-02-23 00:34:50] === Verificación completada ===
[2026-02-23 21:43:05] === Iniciando verificación automática ===
[2026-02-23 21:43:05] Cambios detectados, creando commit...
[main 0fb6956] Auto-commit: 1 modificado(s)
 Committer: Ana Manzanares <anamanzanares@MacBook-Pro-de-Ana.local>
Your name and email address were configured automatically based
on your username and hostname. Please check that they are accurate.
You can suppress this message by setting them explicitly:

    git config --global user.name "Your Name"
    git config --global user.email you@example.com

After doing this, you may fix the identity used for this commit with:

    git commit --amend --reset-author

 2 files changed, 25 insertions(+)
[2026-02-23 21:43:05] ✅ Commit creado exitosamente
[1;33m🔍 Verificando cambios pendientes...[0m
[1;33m📝 Cambios detectados. Creando commit automático...[0m
[main f8ad85a] Auto-commit: Actualización automática del portfolio
 Committer: Ana Manzanares <anamanzanares@MacBook-Pro-de-Ana.local>
Your name and email address were configured automatically based
on your username and hostname. Please check that they are accurate.
You can suppress this message by setting them explicitly:

    git config --global user.name "Your Name"
    git config --global user.email you@example.com

After doing this, you may fix the identity used for this commit with:

    git commit --amend --reset-author

 1 file changed, 17 insertions(+)
[0;32m✅ Commit automático creado exitosamente[0m
To https://github.com/anamanz7/anamanzanares.github.io.git
   34659a2..0fb6956  main -> main
[2026-02-23 21:43:06] ✅ Push realizado exitosamente a GitHub
[2026-02-23 21:43:06] === Verificación completada ===
[2026-02-23 21:53:06] === Iniciando verificación automática ===
[2026-02-23 21:53:07] Cambios detectados, creando commit...
[main 3ace586] Auto-commit: 1 modificado(s)
 Committer: Ana Manzanares <anamanzanares@MacBook-Pro-de-Ana.local>
Your name and email address were configured automatically based
on your username and hostname. Please check that they are accurate.
You can suppress this message by setting them explicitly:

    git config --global user.name "Your Name"
    git config --global user.email you@example.com

After doing this, you may fix the identity used for this commit with:

    git commit --amend --reset-author

 2 files changed, 25 insertions(+)
[2026-02-23 21:53:07] ✅ Commit creado exitosamente
[1;33m🔍 Verificando cambios pendientes...[0m
[1;33m📝 Cambios detectados. Creando commit automático...[0m
[main 6e74bf8] Auto-commit: Actualización automática del portfolio
 Committer: Ana Manzanares <anamanzanares@MacBook-Pro-de-Ana.local>
Your name and email address were configured automatically based
on your username and hostname. Please check that they are accurate.
You can suppress this message by setting them explicitly:

    git config --global user.name "Your Name"
    git config --global user.email you@example.com

After doing this, you may fix the identity used for this commit with:

    git commit --amend --reset-author

 1 file changed, 17 insertions(+)
[0;32m✅ Commit automático creado exitosamente[0m
To https://github.com/anamanz7/anamanzanares.github.io.git
   f8ad85a..3ace586  main -> main
[2026-02-23 21:53:09] ✅ Push realizado exitosamente a GitHub
[2026-02-23 21:53:09] === Verificación completada ===
[2026-02-23 22:03:09] === Iniciando verificación automática ===
[2026-02-23 22:03:10] Cambios detectados, creando commit...
[main 9ef451b] Auto-commit: 1 modificado(s)
 Committer: Ana Manzanares <anamanzanares@MacBook-Pro-de-Ana.local>
Your name and email address were configured automatically based
on your username and hostname. Please check that they are accurate.
You can suppress this message by setting them explicitly:

    git config --global user.name "Your Name"
    git config --global user.email you@example.com

After doing this, you may fix the identity used for this commit with:

    git commit --amend --reset-author

 2 files changed, 25 insertions(+)
[2026-02-23 22:03:10] ✅ Commit creado exitosamente
[1;33m🔍 Verificando cambios pendientes...[0m
[1;33m📝 Cambios detectados. Creando commit automático...[0m
[main d559b1d] Auto-commit: Actualización automática del portfolio
 Committer: Ana Manzanares <anamanzanares@MacBook-Pro-de-Ana.local>
Your name and email address were configured automatically based
on your username and hostname. Please check that they are accurate.
You can suppress this message by setting them explicitly:

    git config --global user.name "Your Name"
    git config --global user.email you@example.com

After doing this, you may fix the identity used for this commit with:

    git commit --amend --reset-author

 1 file changed, 17 insertions(+)
[0;32m✅ Commit automático creado exitosamente[0m
To https://github.com/anamanz7/anamanzanares.github.io.git
   6e74bf8..9ef451b  main -> main
[2026-02-23 22:03:12] ✅ Push realizado exitosamente a GitHub
[2026-02-23 22:03:12] === Verificación completada ===
[2026-02-23 22:13:12] === Iniciando verificación automática ===
[2026-02-23 22:13:12] Cambios detectados, creando commit...
[main dc131bd] Auto-commit: 1 modificado(s)
 Committer: Ana Manzanares <anamanzanares@MacBook-Pro-de-Ana.local>
Your name and email address were configured automatically based
on your username and hostname. Please check that they are accurate.
You can suppress this message by setting them explicitly:

    git config --global user.name "Your Name"
    git config --global user.email you@example.com

After doing this, you may fix the identity used for this commit with:

    git commit --amend --reset-author

 2 files changed, 25 insertions(+)
[2026-02-23 22:13:13] ✅ Commit creado exitosamente
[1;33m🔍 Verificando cambios pendientes...[0m
[1;33m📝 Cambios detectados. Creando commit automático...[0m
[main 44abc3c] Auto-commit: Actualización automática del portfolio
 Committer: Ana Manzanares <anamanzanares@MacBook-Pro-de-Ana.local>
Your name and email address were configured automatically based
on your username and hostname. Please check that they are accurate.
You can suppress this message by setting them explicitly:

    git config --global user.name "Your Name"
    git config --global user.email you@example.com

After doing this, you may fix the identity used for this commit with:

    git commit --amend --reset-author

 1 file changed, 17 insertions(+)
[0;32m✅ Commit automático creado exitosamente[0m
To https://github.com/anamanz7/anamanzanares.github.io.git
   d559b1d..dc131bd  main -> main
[2026-02-23 22:13:14] ✅ Push realizado exitosamente a GitHub
[2026-02-23 22:13:14] === Verificación completada ===
[2026-02-23 22:23:14] === Iniciando verificación automática ===
[2026-02-23 22:23:14] Cambios detectados, creando commit...
[main 7281797] Auto-commit: 1 modificado(s)
 Committer: Ana Manzanares <anamanzanares@MacBook-Pro-de-Ana.local>
Your name and email address were configured automatically based
on your username and hostname. Please check that they are accurate.
You can suppress this message by setting them explicitly:

    git config --global user.name "Your Name"
    git config --global user.email you@example.com

After doing this, you may fix the identity used for this commit with:

    git commit --amend --reset-author

 2 files changed, 25 insertions(+)
[2026-02-23 22:23:14] ✅ Commit creado exitosamente
[1;33m🔍 Verificando cambios pendientes...[0m
[1;33m📝 Cambios detectados. Creando commit automático...[0m
[main 68fc16b] Auto-commit: Actualización automática del portfolio
 Committer: Ana Manzanares <anamanzanares@MacBook-Pro-de-Ana.local>
Your name and email address were configured automatically based
on your username and hostname. Please check that they are accurate.
You can suppress this message by setting them explicitly:

    git config --global user.name "Your Name"
    git config --global user.email you@example.com

After doing this, you may fix the identity used for this commit with:

    git commit --amend --reset-author

 1 file changed, 17 insertions(+)
[0;32m✅ Commit automático creado exitosamente[0m
To https://github.com/anamanz7/anamanzanares.github.io.git
   44abc3c..7281797  main -> main
[2026-02-23 22:23:15] ✅ Push realizado exitosamente a GitHub
[2026-02-23 22:23:15] === Verificación completada ===
[2026-02-23 22:33:15] === Iniciando verificación automática ===
[2026-02-23 22:33:16] Cambios detectados, creando commit...
[main b8b5be9] Auto-commit: 1 modificado(s)
 Committer: Ana Manzanares <anamanzanares@MacBook-Pro-de-Ana.local>
Your name and email address were configured automatically based
on your username and hostname. Please check that they are accurate.
You can suppress this message by setting them explicitly:

    git config --global user.name "Your Name"
    git config --global user.email you@example.com

After doing this, you may fix the identity used for this commit with:

    git commit --amend --reset-author

 2 files changed, 25 insertions(+)
[2026-02-23 22:33:16] ✅ Commit creado exitosamente
[1;33m🔍 Verificando cambios pendientes...[0m
[1;33m📝 Cambios detectados. Creando commit automático...[0m
[main 5bf72ff] Auto-commit: Actualización automática del portfolio
 Committer: Ana Manzanares <anamanzanares@MacBook-Pro-de-Ana.local>
Your name and email address were configured automatically based
on your username and hostname. Please check that they are accurate.
You can suppress this message by setting them explicitly:

    git config --global user.name "Your Name"
    git config --global user.email you@example.com

After doing this, you may fix the identity used for this commit with:

    git commit --amend --reset-author

 1 file changed, 17 insertions(+)
[0;32m✅ Commit automático creado exitosamente[0m
To https://github.com/anamanz7/anamanzanares.github.io.git
   68fc16b..b8b5be9  main -> main
[2026-02-23 22:33:19] ✅ Push realizado exitosamente a GitHub
[2026-02-23 22:33:19] === Verificación completada ===
[2026-02-23 22:43:19] === Iniciando verificación automática ===
[2026-02-23 22:43:19] Cambios detectados, creando commit...
[main ec89628] Auto-commit: 1 modificado(s)
 Committer: Ana Manzanares <anamanzanares@MacBook-Pro-de-Ana.local>
Your name and email address were configured automatically based
on your username and hostname. Please check that they are accurate.
You can suppress this message by setting them explicitly:

    git config --global user.name "Your Name"
    git config --global user.email you@example.com

After doing this, you may fix the identity used for this commit with:

    git commit --amend --reset-author

 2 files changed, 25 insertions(+)
[2026-02-23 22:43:20] ✅ Commit creado exitosamente
[1;33m🔍 Verificando cambios pendientes...[0m
[1;33m📝 Cambios detectados. Creando commit automático...[0m
[main 043bc96] Auto-commit: Actualización automática del portfolio
 Committer: Ana Manzanares <anamanzanares@MacBook-Pro-de-Ana.local>
Your name and email address were configured automatically based
on your username and hostname. Please check that they are accurate.
You can suppress this message by setting them explicitly:

    git config --global user.name "Your Name"
    git config --global user.email you@example.com

After doing this, you may fix the identity used for this commit with:

    git commit --amend --reset-author

 1 file changed, 17 insertions(+)
[0;32m✅ Commit automático creado exitosamente[0m
To https://github.com/anamanz7/anamanzanares.github.io.git
   5bf72ff..ec89628  main -> main
[2026-02-23 22:43:21] ✅ Push realizado exitosamente a GitHub
[2026-02-23 22:43:21] === Verificación completada ===
[2026-02-23 22:53:21] === Iniciando verificación automática ===
[2026-02-23 22:53:21] Cambios detectados, creando commit...
[main 0dfedaf] Auto-commit: 1 modificado(s)
 Committer: Ana Manzanares <anamanzanares@MacBook-Pro-de-Ana.local>
Your name and email address were configured automatically based
on your username and hostname. Please check that they are accurate.
You can suppress this message by setting them explicitly:

    git config --global user.name "Your Name"
    git config --global user.email you@example.com

After doing this, you may fix the identity used for this commit with:

    git commit --amend --reset-author

 2 files changed, 25 insertions(+)
[2026-02-23 22:53:22] ✅ Commit creado exitosamente
[1;33m🔍 Verificando cambios pendientes...[0m
[1;33m📝 Cambios detectados. Creando commit automático...[0m
[main 85fe7d5] Auto-commit: Actualización automática del portfolio
 Committer: Ana Manzanares <anamanzanares@MacBook-Pro-de-Ana.local>
Your name and email address were configured automatically based
on your username and hostname. Please check that they are accurate.
You can suppress this message by setting them explicitly:

    git config --global user.name "Your Name"
    git config --global user.email you@example.com

After doing this, you may fix the identity used for this commit with:

    git commit --amend --reset-author

 1 file changed, 17 insertions(+)
[0;32m✅ Commit automático creado exitosamente[0m
To https://github.com/anamanz7/anamanzanares.github.io.git
   043bc96..0dfedaf  main -> main
[2026-02-23 22:53:24] ✅ Push realizado exitosamente a GitHub
[2026-02-23 22:53:24] === Verificación completada ===
[2026-02-23 23:03:24] === Iniciando verificación automática ===
[2026-02-23 23:03:24] Cambios detectados, creando commit...
[main 11f3c91] Auto-commit: 1 modificado(s)
 Committer: Ana Manzanares <anamanzanares@MacBook-Pro-de-Ana.local>
Your name and email address were configured automatically based
on your username and hostname. Please check that they are accurate.
You can suppress this message by setting them explicitly:

    git config --global user.name "Your Name"
    git config --global user.email you@example.com

After doing this, you may fix the identity used for this commit with:

    git commit --amend --reset-author

 2 files changed, 25 insertions(+)
[2026-02-23 23:03:24] ✅ Commit creado exitosamente
[1;33m🔍 Verificando cambios pendientes...[0m
[1;33m📝 Cambios detectados. Creando commit automático...[0m
[main f26ae2f] Auto-commit: Actualización automática del portfolio
 Committer: Ana Manzanares <anamanzanares@MacBook-Pro-de-Ana.local>
Your name and email address were configured automatically based
on your username and hostname. Please check that they are accurate.
You can suppress this message by setting them explicitly:

    git config --global user.name "Your Name"
    git config --global user.email you@example.com

After doing this, you may fix the identity used for this commit with:

    git commit --amend --reset-author

 1 file changed, 17 insertions(+)
[0;32m✅ Commit automático creado exitosamente[0m
To https://github.com/anamanz7/anamanzanares.github.io.git
   85fe7d5..11f3c91  main -> main
[2026-02-23 23:03:27] ✅ Push realizado exitosamente a GitHub
[2026-02-23 23:03:27] === Verificación completada ===
[2026-02-23 23:13:27] === Iniciando verificación automática ===
[2026-02-23 23:13:27] Cambios detectados, creando commit...
[main 37fbb8a] Auto-commit: 1 modificado(s)
 Committer: Ana Manzanares <anamanzanares@MacBook-Pro-de-Ana.local>
Your name and email address were configured automatically based
on your username and hostname. Please check that they are accurate.
You can suppress this message by setting them explicitly:

    git config --global user.name "Your Name"
    git config --global user.email you@example.com

After doing this, you may fix the identity used for this commit with:

    git commit --amend --reset-author

 2 files changed, 25 insertions(+)
[2026-02-23 23:13:28] ✅ Commit creado exitosamente
[1;33m🔍 Verificando cambios pendientes...[0m
[1;33m📝 Cambios detectados. Creando commit automático...[0m
[main c95d5b2] Auto-commit: Actualización automática del portfolio
 Committer: Ana Manzanares <anamanzanares@MacBook-Pro-de-Ana.local>
Your name and email address were configured automatically based
on your username and hostname. Please check that they are accurate.
You can suppress this message by setting them explicitly:

    git config --global user.name "Your Name"
    git config --global user.email you@example.com

After doing this, you may fix the identity used for this commit with:

    git commit --amend --reset-author

 1 file changed, 17 insertions(+)
[0;32m✅ Commit automático creado exitosamente[0m
To https://github.com/anamanz7/anamanzanares.github.io.git
   f26ae2f..37fbb8a  main -> main
[2026-02-23 23:13:30] ✅ Push realizado exitosamente a GitHub
[2026-02-23 23:13:30] === Verificación completada ===
[2026-02-23 23:23:30] === Iniciando verificación automática ===
[2026-02-23 23:23:30] Cambios detectados, creando commit...
[main 918df5c] Auto-commit: 1 modificado(s)
 Committer: Ana Manzanares <anamanzanares@MacBook-Pro-de-Ana.local>
Your name and email address were configured automatically based
on your username and hostname. Please check that they are accurate.
You can suppress this message by setting them explicitly:

    git config --global user.name "Your Name"
    git config --global user.email you@example.com

After doing this, you may fix the identity used for this commit with:

    git commit --amend --reset-author

 2 files changed, 25 insertions(+)
[2026-02-23 23:23:31] ✅ Commit creado exitosamente
[1;33m🔍 Verificando cambios pendientes...[0m
[1;33m📝 Cambios detectados. Creando commit automático...[0m
[main 4f9567b] Auto-commit: Actualización automática del portfolio
 Committer: Ana Manzanares <anamanzanares@MacBook-Pro-de-Ana.local>
Your name and email address were configured automatically based
on your username and hostname. Please check that they are accurate.
You can suppress this message by setting them explicitly:

    git config --global user.name "Your Name"
    git config --global user.email you@example.com

After doing this, you may fix the identity used for this commit with:

    git commit --amend --reset-author

 1 file changed, 17 insertions(+)
[0;32m✅ Commit automático creado exitosamente[0m
To https://github.com/anamanz7/anamanzanares.github.io.git
   c95d5b2..918df5c  main -> main
[2026-02-23 23:23:34] ✅ Push realizado exitosamente a GitHub
[2026-02-23 23:23:34] === Verificación completada ===
[2026-02-23 23:33:34] === Iniciando verificación automática ===
[2026-02-23 23:33:34] Cambios detectados, creando commit...
[main f8015fa] Auto-commit: 1 modificado(s)
 Committer: Ana Manzanares <anamanzanares@MacBook-Pro-de-Ana.local>
Your name and email address were configured automatically based
on your username and hostname. Please check that they are accurate.
You can suppress this message by setting them explicitly:

    git config --global user.name "Your Name"
    git config --global user.email you@example.com

After doing this, you may fix the identity used for this commit with:

    git commit --amend --reset-author

 2 files changed, 25 insertions(+)
[2026-02-23 23:33:34] ✅ Commit creado exitosamente
[1;33m🔍 Verificando cambios pendientes...[0m
[1;33m📝 Cambios detectados. Creando commit automático...[0m
[main c33d062] Auto-commit: Actualización automática del portfolio
 Committer: Ana Manzanares <anamanzanares@MacBook-Pro-de-Ana.local>
Your name and email address were configured automatically based
on your username and hostname. Please check that they are accurate.
You can suppress this message by setting them explicitly:

    git config --global user.name "Your Name"
    git config --global user.email you@example.com

After doing this, you may fix the identity used for this commit with:

    git commit --amend --reset-author

 1 file changed, 17 insertions(+)
[0;32m✅ Commit automático creado exitosamente[0m
To https://github.com/anamanz7/anamanzanares.github.io.git
   4f9567b..f8015fa  main -> main
[2026-02-23 23:33:37] ✅ Push realizado exitosamente a GitHub
[2026-02-23 23:33:37] === Verificación completada ===
[2026-02-23 23:43:37] === Iniciando verificación automática ===
[2026-02-23 23:43:37] Cambios detectados, creando commit...
[main 03cbba0] Auto-commit: 1 modificado(s)
 Committer: Ana Manzanares <anamanzanares@MacBook-Pro-de-Ana.local>
Your name and email address were configured automatically based
on your username and hostname. Please check that they are accurate.
You can suppress this message by setting them explicitly:

    git config --global user.name "Your Name"
    git config --global user.email you@example.com

After doing this, you may fix the identity used for this commit with:

    git commit --amend --reset-author

 2 files changed, 25 insertions(+)
[2026-02-23 23:43:37] ✅ Commit creado exitosamente
[1;33m🔍 Verificando cambios pendientes...[0m
[1;33m📝 Cambios detectados. Creando commit automático...[0m
[main c2b7e2b] Auto-commit: Actualización automática del portfolio
 Committer: Ana Manzanares <anamanzanares@MacBook-Pro-de-Ana.local>
Your name and email address were configured automatically based
on your username and hostname. Please check that they are accurate.
You can suppress this message by setting them explicitly:

    git config --global user.name "Your Name"
    git config --global user.email you@example.com

After doing this, you may fix the identity used for this commit with:

    git commit --amend --reset-author

 1 file changed, 17 insertions(+)
[0;32m✅ Commit automático creado exitosamente[0m
To https://github.com/anamanz7/anamanzanares.github.io.git
   c33d062..03cbba0  main -> main
[2026-02-23 23:43:39] ✅ Push realizado exitosamente a GitHub
[2026-02-23 23:43:39] === Verificación completada ===
[2026-02-23 23:53:39] === Iniciando verificación automática ===
[2026-02-23 23:53:40] Cambios detectados, creando commit...
[main 11cc128] Auto-commit: 1 modificado(s)
 Committer: Ana Manzanares <anamanzanares@MacBook-Pro-de-Ana.local>
Your name and email address were configured automatically based
on your username and hostname. Please check that they are accurate.
You can suppress this message by setting them explicitly:

    git config --global user.name "Your Name"
    git config --global user.email you@example.com

After doing this, you may fix the identity used for this commit with:

    git commit --amend --reset-author

 2 files changed, 25 insertions(+)
[2026-02-23 23:53:40] ✅ Commit creado exitosamente
[1;33m🔍 Verificando cambios pendientes...[0m
[1;33m📝 Cambios detectados. Creando commit automático...[0m
[main 14c523d] Auto-commit: Actualización automática del portfolio
 Committer: Ana Manzanares <anamanzanares@MacBook-Pro-de-Ana.local>
Your name and email address were configured automatically based
on your username and hostname. Please check that they are accurate.
You can suppress this message by setting them explicitly:

    git config --global user.name "Your Name"
    git config --global user.email you@example.com

After doing this, you may fix the identity used for this commit with:

    git commit --amend --reset-author

 1 file changed, 17 insertions(+)
[0;32m✅ Commit automático creado exitosamente[0m
To https://github.com/anamanz7/anamanzanares.github.io.git
   c2b7e2b..11cc128  main -> main
[2026-02-23 23:53:42] ✅ Push realizado exitosamente a GitHub
[2026-02-23 23:53:42] === Verificación completada ===
[2026-02-24 00:03:42] === Iniciando verificación automática ===
[2026-02-24 00:03:42] Cambios detectados, creando commit...
[main 8be8343] Auto-commit: 1 modificado(s)
 Committer: Ana Manzanares <anamanzanares@MacBook-Pro-de-Ana.local>
Your name and email address were configured automatically based
on your username and hostname. Please check that they are accurate.
You can suppress this message by setting them explicitly:

    git config --global user.name "Your Name"
    git config --global user.email you@example.com

After doing this, you may fix the identity used for this commit with:

    git commit --amend --reset-author

 2 files changed, 25 insertions(+)
[2026-02-24 00:03:43] ✅ Commit creado exitosamente
[1;33m🔍 Verificando cambios pendientes...[0m
[1;33m📝 Cambios detectados. Creando commit automático...[0m
[main a450f6c] Auto-commit: Actualización automática del portfolio
 Committer: Ana Manzanares <anamanzanares@MacBook-Pro-de-Ana.local>
Your name and email address were configured automatically based
on your username and hostname. Please check that they are accurate.
You can suppress this message by setting them explicitly:

    git config --global user.name "Your Name"
    git config --global user.email you@example.com

After doing this, you may fix the identity used for this commit with:

    git commit --amend --reset-author

 1 file changed, 17 insertions(+)
[0;32m✅ Commit automático creado exitosamente[0m
To https://github.com/anamanz7/anamanzanares.github.io.git
   14c523d..8be8343  main -> main
[2026-02-24 00:03:45] ✅ Push realizado exitosamente a GitHub
[2026-02-24 00:03:45] === Verificación completada ===
[2026-02-24 00:31:57] === Iniciando verificación automática ===
[2026-02-24 00:31:57] Cambios detectados, creando commit...
[main f5c2e55] Auto-commit: 1 modificado(s)
 Committer: Ana Manzanares <anamanzanares@MacBook-Pro-de-Ana.local>
Your name and email address were configured automatically based
on your username and hostname. Please check that they are accurate.
You can suppress this message by setting them explicitly:

    git config --global user.name "Your Name"
    git config --global user.email you@example.com

After doing this, you may fix the identity used for this commit with:

    git commit --amend --reset-author

 2 files changed, 25 insertions(+)
[2026-02-24 00:31:57] ✅ Commit creado exitosamente
[1;33m🔍 Verificando cambios pendientes...[0m
[1;33m📝 Cambios detectados. Creando commit automático...[0m
[main 1e12d68] Auto-commit: Actualización automática del portfolio
 Committer: Ana Manzanares <anamanzanares@MacBook-Pro-de-Ana.local>
Your name and email address were configured automatically based
on your username and hostname. Please check that they are accurate.
You can suppress this message by setting them explicitly:

    git config --global user.name "Your Name"
    git config --global user.email you@example.com

After doing this, you may fix the identity used for this commit with:

    git commit --amend --reset-author

 1 file changed, 17 insertions(+)
[0;32m✅ Commit automático creado exitosamente[0m
To https://github.com/anamanz7/anamanzanares.github.io.git
   a450f6c..f5c2e55  main -> main
[2026-02-24 00:31:59] ✅ Push realizado exitosamente a GitHub
[2026-02-24 00:31:59] === Verificación completada ===
[2026-02-24 22:03:31] === Iniciando verificación automática ===
[2026-02-24 22:03:31] Cambios detectados, creando commit...
[main 165b8df] Auto-commit: 1 modificado(s)
 Committer: Ana Manzanares <anamanzanares@MacBook-Pro-de-Ana.local>
Your name and email address were configured automatically based
on your username and hostname. Please check that they are accurate.
You can suppress this message by setting them explicitly:

    git config --global user.name "Your Name"
    git config --global user.email you@example.com

After doing this, you may fix the identity used for this commit with:

    git commit --amend --reset-author

 2 files changed, 25 insertions(+)
[2026-02-24 22:03:31] ✅ Commit creado exitosamente
[1;33m🔍 Verificando cambios pendientes...[0m
[1;33m📝 Cambios detectados. Creando commit automático...[0m
[main 892c1bd] Auto-commit: Actualización automática del portfolio
 Committer: Ana Manzanares <anamanzanares@MacBook-Pro-de-Ana.local>
Your name and email address were configured automatically based
on your username and hostname. Please check that they are accurate.
You can suppress this message by setting them explicitly:

    git config --global user.name "Your Name"
    git config --global user.email you@example.com

After doing this, you may fix the identity used for this commit with:

    git commit --amend --reset-author

 1 file changed, 17 insertions(+)
[0;32m✅ Commit automático creado exitosamente[0m
To https://github.com/anamanz7/anamanzanares.github.io.git
   1e12d68..165b8df  main -> main
[2026-02-24 22:03:33] ✅ Push realizado exitosamente a GitHub
[2026-02-24 22:03:33] === Verificación completada ===
[2026-02-24 22:13:33] === Iniciando verificación automática ===
[2026-02-24 22:13:33] Cambios detectados, creando commit...
[main 1105cbd] Auto-commit: 1 modificado(s)
 Committer: Ana Manzanares <anamanzanares@MacBook-Pro-de-Ana.local>
Your name and email address were configured automatically based
on your username and hostname. Please check that they are accurate.
You can suppress this message by setting them explicitly:

    git config --global user.name "Your Name"
    git config --global user.email you@example.com

After doing this, you may fix the identity used for this commit with:

    git commit --amend --reset-author

 2 files changed, 25 insertions(+)
[2026-02-24 22:13:34] ✅ Commit creado exitosamente
[1;33m🔍 Verificando cambios pendientes...[0m
[1;33m📝 Cambios detectados. Creando commit automático...[0m
[main b507a28] Auto-commit: Actualización automática del portfolio
 Committer: Ana Manzanares <anamanzanares@MacBook-Pro-de-Ana.local>
Your name and email address were configured automatically based
on your username and hostname. Please check that they are accurate.
You can suppress this message by setting them explicitly:

    git config --global user.name "Your Name"
    git config --global user.email you@example.com

After doing this, you may fix the identity used for this commit with:

    git commit --amend --reset-author

 1 file changed, 17 insertions(+)
[0;32m✅ Commit automático creado exitosamente[0m
To https://github.com/anamanz7/anamanzanares.github.io.git
   892c1bd..1105cbd  main -> main
[2026-02-24 22:13:36] ✅ Push realizado exitosamente a GitHub
[2026-02-24 22:13:36] === Verificación completada ===
[2026-02-24 22:23:36] === Iniciando verificación automática ===
[2026-02-24 22:23:36] Cambios detectados, creando commit...
[main 44c0563] Auto-commit: 1 modificado(s)
 Committer: Ana Manzanares <anamanzanares@MacBook-Pro-de-Ana.local>
Your name and email address were configured automatically based
on your username and hostname. Please check that they are accurate.
You can suppress this message by setting them explicitly:

    git config --global user.name "Your Name"
    git config --global user.email you@example.com

After doing this, you may fix the identity used for this commit with:

    git commit --amend --reset-author

 2 files changed, 25 insertions(+)
[2026-02-24 22:23:37] ✅ Commit creado exitosamente
[1;33m🔍 Verificando cambios pendientes...[0m
[1;33m📝 Cambios detectados. Creando commit automático...[0m
[main bf8068b] Auto-commit: Actualización automática del portfolio
 Committer: Ana Manzanares <anamanzanares@MacBook-Pro-de-Ana.local>
Your name and email address were configured automatically based
on your username and hostname. Please check that they are accurate.
You can suppress this message by setting them explicitly:

    git config --global user.name "Your Name"
    git config --global user.email you@example.com

After doing this, you may fix the identity used for this commit with:

    git commit --amend --reset-author

 1 file changed, 17 insertions(+)
[0;32m✅ Commit automático creado exitosamente[0m
To https://github.com/anamanz7/anamanzanares.github.io.git
   b507a28..44c0563  main -> main
[2026-02-24 22:23:39] ✅ Push realizado exitosamente a GitHub
[2026-02-24 22:23:39] === Verificación completada ===
[2026-02-24 22:33:39] === Iniciando verificación automática ===
[2026-02-24 22:33:40] Cambios detectados, creando commit...
[main 018a87e] Auto-commit: 1 modificado(s)
 Committer: Ana Manzanares <anamanzanares@MacBook-Pro-de-Ana.local>
Your name and email address were configured automatically based
on your username and hostname. Please check that they are accurate.
You can suppress this message by setting them explicitly:

    git config --global user.name "Your Name"
    git config --global user.email you@example.com

After doing this, you may fix the identity used for this commit with:

    git commit --amend --reset-author

 2 files changed, 25 insertions(+)
[2026-02-24 22:33:41] ✅ Commit creado exitosamente
[1;33m🔍 Verificando cambios pendientes...[0m
[1;33m📝 Cambios detectados. Creando commit automático...[0m
[main e9449e7] Auto-commit: Actualización automática del portfolio
 Committer: Ana Manzanares <anamanzanares@MacBook-Pro-de-Ana.local>
Your name and email address were configured automatically based
on your username and hostname. Please check that they are accurate.
You can suppress this message by setting them explicitly:

    git config --global user.name "Your Name"
    git config --global user.email you@example.com

After doing this, you may fix the identity used for this commit with:

    git commit --amend --reset-author

 1 file changed, 17 insertions(+)
[0;32m✅ Commit automático creado exitosamente[0m
To https://github.com/anamanz7/anamanzanares.github.io.git
   bf8068b..018a87e  main -> main
[2026-02-24 22:33:45] ✅ Push realizado exitosamente a GitHub
[2026-02-24 22:33:45] === Verificación completada ===
[2026-02-24 22:43:45] === Iniciando verificación automática ===
[2026-02-24 22:43:45] Cambios detectados, creando commit...
[main f9e7e66] Auto-commit: 1 modificado(s)
 Committer: Ana Manzanares <anamanzanares@MacBook-Pro-de-Ana.local>
Your name and email address were configured automatically based
on your username and hostname. Please check that they are accurate.
You can suppress this message by setting them explicitly:

    git config --global user.name "Your Name"
    git config --global user.email you@example.com

After doing this, you may fix the identity used for this commit with:

    git commit --amend --reset-author

 2 files changed, 25 insertions(+)
[2026-02-24 22:43:46] ✅ Commit creado exitosamente
[1;33m🔍 Verificando cambios pendientes...[0m
[1;33m📝 Cambios detectados. Creando commit automático...[0m
[main 7df5efe] Auto-commit: Actualización automática del portfolio
 Committer: Ana Manzanares <anamanzanares@MacBook-Pro-de-Ana.local>
Your name and email address were configured automatically based
on your username and hostname. Please check that they are accurate.
You can suppress this message by setting them explicitly:

    git config --global user.name "Your Name"
    git config --global user.email you@example.com

After doing this, you may fix the identity used for this commit with:

    git commit --amend --reset-author

 1 file changed, 17 insertions(+)
[0;32m✅ Commit automático creado exitosamente[0m
To https://github.com/anamanz7/anamanzanares.github.io.git
   e9449e7..f9e7e66  main -> main
[2026-02-24 22:43:49] ✅ Push realizado exitosamente a GitHub
[2026-02-24 22:43:49] === Verificación completada ===
[2026-02-24 22:53:49] === Iniciando verificación automática ===
[2026-02-24 22:53:49] Cambios detectados, creando commit...
[main dc685a8] Auto-commit: 1 modificado(s)
 Committer: Ana Manzanares <anamanzanares@MacBook-Pro-de-Ana.local>
Your name and email address were configured automatically based
on your username and hostname. Please check that they are accurate.
You can suppress this message by setting them explicitly:

    git config --global user.name "Your Name"
    git config --global user.email you@example.com

After doing this, you may fix the identity used for this commit with:

    git commit --amend --reset-author

 2 files changed, 25 insertions(+)
[2026-02-24 22:53:49] ✅ Commit creado exitosamente
[1;33m🔍 Verificando cambios pendientes...[0m
[1;33m📝 Cambios detectados. Creando commit automático...[0m
[main 508357c] Auto-commit: Actualización automática del portfolio
 Committer: Ana Manzanares <anamanzanares@MacBook-Pro-de-Ana.local>
Your name and email address were configured automatically based
on your username and hostname. Please check that they are accurate.
You can suppress this message by setting them explicitly:

    git config --global user.name "Your Name"
    git config --global user.email you@example.com

After doing this, you may fix the identity used for this commit with:

    git commit --amend --reset-author

 1 file changed, 17 insertions(+)
[0;32m✅ Commit automático creado exitosamente[0m
To https://github.com/anamanz7/anamanzanares.github.io.git
   7df5efe..dc685a8  main -> main
[2026-02-24 22:53:51] ✅ Push realizado exitosamente a GitHub
[2026-02-24 22:53:51] === Verificación completada ===
[2026-02-24 23:03:51] === Iniciando verificación automática ===
[2026-02-24 23:03:51] Cambios detectados, creando commit...
[main 6fbba35] Auto-commit: 1 modificado(s)
 Committer: Ana Manzanares <anamanzanares@MacBook-Pro-de-Ana.local>
Your name and email address were configured automatically based
on your username and hostname. Please check that they are accurate.
You can suppress this message by setting them explicitly:

    git config --global user.name "Your Name"
    git config --global user.email you@example.com

After doing this, you may fix the identity used for this commit with:

    git commit --amend --reset-author

 2 files changed, 25 insertions(+)
[2026-02-24 23:03:52] ✅ Commit creado exitosamente
[1;33m🔍 Verificando cambios pendientes...[0m
[1;33m📝 Cambios detectados. Creando commit automático...[0m
[main 647da89] Auto-commit: Actualización automática del portfolio
 Committer: Ana Manzanares <anamanzanares@MacBook-Pro-de-Ana.local>
Your name and email address were configured automatically based
on your username and hostname. Please check that they are accurate.
You can suppress this message by setting them explicitly:

    git config --global user.name "Your Name"
    git config --global user.email you@example.com

After doing this, you may fix the identity used for this commit with:

    git commit --amend --reset-author

 1 file changed, 17 insertions(+)
[0;32m✅ Commit automático creado exitosamente[0m
To https://github.com/anamanz7/anamanzanares.github.io.git
   508357c..6fbba35  main -> main
[2026-02-24 23:03:54] ✅ Push realizado exitosamente a GitHub
[2026-02-24 23:03:54] === Verificación completada ===
[2026-02-24 23:13:54] === Iniciando verificación automática ===
[2026-02-24 23:13:54] Cambios detectados, creando commit...
[main 3da7aba] Auto-commit: 1 modificado(s)
 Committer: Ana Manzanares <anamanzanares@MacBook-Pro-de-Ana.local>
Your name and email address were configured automatically based
on your username and hostname. Please check that they are accurate.
You can suppress this message by setting them explicitly:

    git config --global user.name "Your Name"
    git config --global user.email you@example.com

After doing this, you may fix the identity used for this commit with:

    git commit --amend --reset-author

 2 files changed, 25 insertions(+)
[2026-02-24 23:13:55] ✅ Commit creado exitosamente
[1;33m🔍 Verificando cambios pendientes...[0m
[1;33m📝 Cambios detectados. Creando commit automático...[0m
[main 4347230] Auto-commit: Actualización automática del portfolio
 Committer: Ana Manzanares <anamanzanares@MacBook-Pro-de-Ana.local>
Your name and email address were configured automatically based
on your username and hostname. Please check that they are accurate.
You can suppress this message by setting them explicitly:

    git config --global user.name "Your Name"
    git config --global user.email you@example.com

After doing this, you may fix the identity used for this commit with:

    git commit --amend --reset-author

 1 file changed, 17 insertions(+)
[0;32m✅ Commit automático creado exitosamente[0m
To https://github.com/anamanz7/anamanzanares.github.io.git
   647da89..3da7aba  main -> main
[2026-02-24 23:13:57] ✅ Push realizado exitosamente a GitHub
[2026-02-24 23:13:57] === Verificación completada ===
[2026-02-24 23:23:57] === Iniciando verificación automática ===
[2026-02-24 23:23:57] Cambios detectados, creando commit...
[main cddc720] Auto-commit: 1 modificado(s)
 Committer: Ana Manzanares <anamanzanares@MacBook-Pro-de-Ana.local>
Your name and email address were configured automatically based
on your username and hostname. Please check that they are accurate.
You can suppress this message by setting them explicitly:

    git config --global user.name "Your Name"
    git config --global user.email you@example.com

After doing this, you may fix the identity used for this commit with:

    git commit --amend --reset-author

 2 files changed, 25 insertions(+)
[2026-02-24 23:23:58] ✅ Commit creado exitosamente
[1;33m🔍 Verificando cambios pendientes...[0m
[1;33m📝 Cambios detectados. Creando commit automático...[0m
[main 2298601] Auto-commit: Actualización automática del portfolio
 Committer: Ana Manzanares <anamanzanares@MacBook-Pro-de-Ana.local>
Your name and email address were configured automatically based
on your username and hostname. Please check that they are accurate.
You can suppress this message by setting them explicitly:

    git config --global user.name "Your Name"
    git config --global user.email you@example.com

After doing this, you may fix the identity used for this commit with:

    git commit --amend --reset-author

 1 file changed, 17 insertions(+)
[0;32m✅ Commit automático creado exitosamente[0m
To https://github.com/anamanz7/anamanzanares.github.io.git
   4347230..cddc720  main -> main
[2026-02-24 23:24:01] ✅ Push realizado exitosamente a GitHub
[2026-02-24 23:24:01] === Verificación completada ===
[2026-02-24 23:34:01] === Iniciando verificación automática ===
[2026-02-24 23:34:01] Cambios detectados, creando commit...
[main 035faa0] Auto-commit: 1 modificado(s)
 Committer: Ana Manzanares <anamanzanares@MacBook-Pro-de-Ana.local>
Your name and email address were configured automatically based
on your username and hostname. Please check that they are accurate.
You can suppress this message by setting them explicitly:

    git config --global user.name "Your Name"
    git config --global user.email you@example.com

After doing this, you may fix the identity used for this commit with:

    git commit --amend --reset-author

 2 files changed, 25 insertions(+)
[2026-02-24 23:34:01] ✅ Commit creado exitosamente
[1;33m🔍 Verificando cambios pendientes...[0m
[1;33m📝 Cambios detectados. Creando commit automático...[0m
[main 8878455] Auto-commit: Actualización automática del portfolio
 Committer: Ana Manzanares <anamanzanares@MacBook-Pro-de-Ana.local>
Your name and email address were configured automatically based
on your username and hostname. Please check that they are accurate.
You can suppress this message by setting them explicitly:

    git config --global user.name "Your Name"
    git config --global user.email you@example.com

After doing this, you may fix the identity used for this commit with:

    git commit --amend --reset-author

 1 file changed, 17 insertions(+)
[0;32m✅ Commit automático creado exitosamente[0m
To https://github.com/anamanz7/anamanzanares.github.io.git
   2298601..035faa0  main -> main
[2026-02-24 23:34:03] ✅ Push realizado exitosamente a GitHub
[2026-02-24 23:34:03] === Verificación completada ===
[2026-02-24 23:44:04] === Iniciando verificación automática ===
[2026-02-24 23:44:04] Cambios detectados, creando commit...
[main 422c704] Auto-commit: 1 modificado(s)
 Committer: Ana Manzanares <anamanzanares@MacBook-Pro-de-Ana.local>
Your name and email address were configured automatically based
on your username and hostname. Please check that they are accurate.
You can suppress this message by setting them explicitly:

    git config --global user.name "Your Name"
    git config --global user.email you@example.com

After doing this, you may fix the identity used for this commit with:

    git commit --amend --reset-author

 2 files changed, 25 insertions(+)
[2026-02-24 23:44:04] ✅ Commit creado exitosamente
[1;33m🔍 Verificando cambios pendientes...[0m
[1;33m📝 Cambios detectados. Creando commit automático...[0m
[main d1c2575] Auto-commit: Actualización automática del portfolio
 Committer: Ana Manzanares <anamanzanares@MacBook-Pro-de-Ana.local>
Your name and email address were configured automatically based
on your username and hostname. Please check that they are accurate.
You can suppress this message by setting them explicitly:

    git config --global user.name "Your Name"
    git config --global user.email you@example.com

After doing this, you may fix the identity used for this commit with:

    git commit --amend --reset-author

 1 file changed, 17 insertions(+)
[0;32m✅ Commit automático creado exitosamente[0m
To https://github.com/anamanz7/anamanzanares.github.io.git
   8878455..422c704  main -> main
[2026-02-24 23:44:06] ✅ Push realizado exitosamente a GitHub
[2026-02-24 23:44:06] === Verificación completada ===
[2026-02-24 23:54:06] === Iniciando verificación automática ===
[2026-02-24 23:54:06] Cambios detectados, creando commit...
[main 41e6c34] Auto-commit: 1 modificado(s)
 Committer: Ana Manzanares <anamanzanares@MacBook-Pro-de-Ana.local>
Your name and email address were configured automatically based
on your username and hostname. Please check that they are accurate.
You can suppress this message by setting them explicitly:

    git config --global user.name "Your Name"
    git config --global user.email you@example.com

After doing this, you may fix the identity used for this commit with:

    git commit --amend --reset-author

 2 files changed, 25 insertions(+)
[2026-02-24 23:54:07] ✅ Commit creado exitosamente
[1;33m🔍 Verificando cambios pendientes...[0m
[1;33m📝 Cambios detectados. Creando commit automático...[0m
[main 711f669] Auto-commit: Actualización automática del portfolio
 Committer: Ana Manzanares <anamanzanares@MacBook-Pro-de-Ana.local>
Your name and email address were configured automatically based
on your username and hostname. Please check that they are accurate.
You can suppress this message by setting them explicitly:

    git config --global user.name "Your Name"
    git config --global user.email you@example.com

After doing this, you may fix the identity used for this commit with:

    git commit --amend --reset-author

 1 file changed, 17 insertions(+)
[0;32m✅ Commit automático creado exitosamente[0m
To https://github.com/anamanz7/anamanzanares.github.io.git
   d1c2575..41e6c34  main -> main
[2026-02-24 23:54:09] ✅ Push realizado exitosamente a GitHub
[2026-02-24 23:54:09] === Verificación completada ===
[2026-02-25 00:04:09] === Iniciando verificación automática ===
[2026-02-25 00:04:09] Cambios detectados, creando commit...
[main 97a588d] Auto-commit: 1 modificado(s)
 Committer: Ana Manzanares <anamanzanares@MacBook-Pro-de-Ana.local>
Your name and email address were configured automatically based
on your username and hostname. Please check that they are accurate.
You can suppress this message by setting them explicitly:

    git config --global user.name "Your Name"
    git config --global user.email you@example.com

After doing this, you may fix the identity used for this commit with:

    git commit --amend --reset-author

 2 files changed, 25 insertions(+)
[2026-02-25 00:04:10] ✅ Commit creado exitosamente
[1;33m🔍 Verificando cambios pendientes...[0m
[1;33m📝 Cambios detectados. Creando commit automático...[0m
[main 6ebbc17] Auto-commit: Actualización automática del portfolio
 Committer: Ana Manzanares <anamanzanares@MacBook-Pro-de-Ana.local>
Your name and email address were configured automatically based
on your username and hostname. Please check that they are accurate.
You can suppress this message by setting them explicitly:

    git config --global user.name "Your Name"
    git config --global user.email you@example.com

After doing this, you may fix the identity used for this commit with:

    git commit --amend --reset-author

 1 file changed, 17 insertions(+)
[0;32m✅ Commit automático creado exitosamente[0m
To https://github.com/anamanz7/anamanzanares.github.io.git
   711f669..97a588d  main -> main
[2026-02-25 00:04:12] ✅ Push realizado exitosamente a GitHub
[2026-02-25 00:04:12] === Verificación completada ===
[2026-02-25 00:14:12] === Iniciando verificación automática ===
[2026-02-25 00:14:12] Cambios detectados, creando commit...
[main 13f70b4] Auto-commit: 1 modificado(s)
 Committer: Ana Manzanares <anamanzanares@MacBook-Pro-de-Ana.local>
Your name and email address were configured automatically based
on your username and hostname. Please check that they are accurate.
You can suppress this message by setting them explicitly:

    git config --global user.name "Your Name"
    git config --global user.email you@example.com

After doing this, you may fix the identity used for this commit with:

    git commit --amend --reset-author

 2 files changed, 25 insertions(+)
[2026-02-25 00:14:13] ✅ Commit creado exitosamente
[1;33m🔍 Verificando cambios pendientes...[0m
[1;33m📝 Cambios detectados. Creando commit automático...[0m
[main 417e191] Auto-commit: Actualización automática del portfolio
 Committer: Ana Manzanares <anamanzanares@MacBook-Pro-de-Ana.local>
Your name and email address were configured automatically based
on your username and hostname. Please check that they are accurate.
You can suppress this message by setting them explicitly:

    git config --global user.name "Your Name"
    git config --global user.email you@example.com

After doing this, you may fix the identity used for this commit with:

    git commit --amend --reset-author

 1 file changed, 17 insertions(+)
[0;32m✅ Commit automático creado exitosamente[0m
To https://github.com/anamanz7/anamanzanares.github.io.git
   6ebbc17..13f70b4  main -> main
[2026-02-25 00:14:15] ✅ Push realizado exitosamente a GitHub
[2026-02-25 00:14:15] === Verificación completada ===
[2026-02-25 00:24:15] === Iniciando verificación automática ===
[2026-02-25 00:24:15] Cambios detectados, creando commit...
[main 594b44e] Auto-commit: 1 modificado(s)
 Committer: Ana Manzanares <anamanzanares@MacBook-Pro-de-Ana.local>
Your name and email address were configured automatically based
on your username and hostname. Please check that they are accurate.
You can suppress this message by setting them explicitly:

    git config --global user.name "Your Name"
    git config --global user.email you@example.com

After doing this, you may fix the identity used for this commit with:

    git commit --amend --reset-author

 2 files changed, 25 insertions(+)
[2026-02-25 00:24:15] ✅ Commit creado exitosamente
[1;33m🔍 Verificando cambios pendientes...[0m
[1;33m📝 Cambios detectados. Creando commit automático...[0m
[main 6be8abf] Auto-commit: Actualización automática del portfolio
 Committer: Ana Manzanares <anamanzanares@MacBook-Pro-de-Ana.local>
Your name and email address were configured automatically based
on your username and hostname. Please check that they are accurate.
You can suppress this message by setting them explicitly:

    git config --global user.name "Your Name"
    git config --global user.email you@example.com

After doing this, you may fix the identity used for this commit with:

    git commit --amend --reset-author

 1 file changed, 17 insertions(+)
[0;32m✅ Commit automático creado exitosamente[0m
To https://github.com/anamanz7/anamanzanares.github.io.git
   417e191..594b44e  main -> main
[2026-02-25 00:24:17] ✅ Push realizado exitosamente a GitHub
[2026-02-25 00:24:17] === Verificación completada ===
[2026-02-25 00:34:17] === Iniciando verificación automática ===
[2026-02-25 00:34:17] Cambios detectados, creando commit...
[main 6be8af0] Auto-commit: 1 modificado(s)
 Committer: Ana Manzanares <anamanzanares@MacBook-Pro-de-Ana.local>
Your name and email address were configured automatically based
on your username and hostname. Please check that they are accurate.
You can suppress this message by setting them explicitly:

    git config --global user.name "Your Name"
    git config --global user.email you@example.com

After doing this, you may fix the identity used for this commit with:

    git commit --amend --reset-author

 2 files changed, 25 insertions(+)
[2026-02-25 00:34:17] ✅ Commit creado exitosamente
[1;33m🔍 Verificando cambios pendientes...[0m
[1;33m📝 Cambios detectados. Creando commit automático...[0m
[main 7341e4f] Auto-commit: Actualización automática del portfolio
 Committer: Ana Manzanares <anamanzanares@MacBook-Pro-de-Ana.local>
Your name and email address were configured automatically based
on your username and hostname. Please check that they are accurate.
You can suppress this message by setting them explicitly:

    git config --global user.name "Your Name"
    git config --global user.email you@example.com

After doing this, you may fix the identity used for this commit with:

    git commit --amend --reset-author

 1 file changed, 17 insertions(+)
[0;32m✅ Commit automático creado exitosamente[0m
To https://github.com/anamanz7/anamanzanares.github.io.git
   6be8abf..6be8af0  main -> main
[2026-02-25 00:34:19] ✅ Push realizado exitosamente a GitHub
[2026-02-25 00:34:19] === Verificación completada ===
[2026-02-25 00:44:20] === Iniciando verificación automática ===
[2026-02-25 00:44:20] Cambios detectados, creando commit...
[main 69b687c] Auto-commit: 1 modificado(s)
 Committer: Ana Manzanares <anamanzanares@MacBook-Pro-de-Ana.local>
Your name and email address were configured automatically based
on your username and hostname. Please check that they are accurate.
You can suppress this message by setting them explicitly:

    git config --global user.name "Your Name"
    git config --global user.email you@example.com

After doing this, you may fix the identity used for this commit with:

    git commit --amend --reset-author

 2 files changed, 25 insertions(+)
[2026-02-25 00:44:20] ✅ Commit creado exitosamente
[1;33m🔍 Verificando cambios pendientes...[0m
[1;33m📝 Cambios detectados. Creando commit automático...[0m
[main 48177b4] Auto-commit: Actualización automática del portfolio
 Committer: Ana Manzanares <anamanzanares@MacBook-Pro-de-Ana.local>
Your name and email address were configured automatically based
on your username and hostname. Please check that they are accurate.
You can suppress this message by setting them explicitly:

    git config --global user.name "Your Name"
    git config --global user.email you@example.com

After doing this, you may fix the identity used for this commit with:

    git commit --amend --reset-author

 1 file changed, 17 insertions(+)
[0;32m✅ Commit automático creado exitosamente[0m
To https://github.com/anamanz7/anamanzanares.github.io.git
   7341e4f..69b687c  main -> main
[2026-02-25 00:44:22] ✅ Push realizado exitosamente a GitHub
[2026-02-25 00:44:22] === Verificación completada ===
[2026-02-25 00:54:22] === Iniciando verificación automática ===
[2026-02-25 00:54:22] Cambios detectados, creando commit...
[main ce548ef] Auto-commit: 1 modificado(s)
 Committer: Ana Manzanares <anamanzanares@MacBook-Pro-de-Ana.local>
Your name and email address were configured automatically based
on your username and hostname. Please check that they are accurate.
You can suppress this message by setting them explicitly:

    git config --global user.name "Your Name"
    git config --global user.email you@example.com

After doing this, you may fix the identity used for this commit with:

    git commit --amend --reset-author

 2 files changed, 25 insertions(+)
[2026-02-25 00:54:22] ✅ Commit creado exitosamente
[1;33m🔍 Verificando cambios pendientes...[0m
[1;33m📝 Cambios detectados. Creando commit automático...[0m
[main 20021ac] Auto-commit: Actualización automática del portfolio
 Committer: Ana Manzanares <anamanzanares@MacBook-Pro-de-Ana.local>
Your name and email address were configured automatically based
on your username and hostname. Please check that they are accurate.
You can suppress this message by setting them explicitly:

    git config --global user.name "Your Name"
    git config --global user.email you@example.com

After doing this, you may fix the identity used for this commit with:

    git commit --amend --reset-author

 1 file changed, 17 insertions(+)
[0;32m✅ Commit automático creado exitosamente[0m
To https://github.com/anamanz7/anamanzanares.github.io.git
   48177b4..ce548ef  main -> main
[2026-02-25 00:54:24] ✅ Push realizado exitosamente a GitHub
[2026-02-25 00:54:24] === Verificación completada ===
[2026-02-25 01:04:24] === Iniciando verificación automática ===
[2026-02-25 01:04:24] Cambios detectados, creando commit...
[main c72f76a] Auto-commit: 1 modificado(s)
 Committer: Ana Manzanares <anamanzanares@MacBook-Pro-de-Ana.local>
Your name and email address were configured automatically based
on your username and hostname. Please check that they are accurate.
You can suppress this message by setting them explicitly:

    git config --global user.name "Your Name"
    git config --global user.email you@example.com

After doing this, you may fix the identity used for this commit with:

    git commit --amend --reset-author

 2 files changed, 25 insertions(+)
[2026-02-25 01:04:24] ✅ Commit creado exitosamente
[1;33m🔍 Verificando cambios pendientes...[0m
[1;33m📝 Cambios detectados. Creando commit automático...[0m
[main e305bca] Auto-commit: Actualización automática del portfolio
 Committer: Ana Manzanares <anamanzanares@MacBook-Pro-de-Ana.local>
Your name and email address were configured automatically based
on your username and hostname. Please check that they are accurate.
You can suppress this message by setting them explicitly:

    git config --global user.name "Your Name"
    git config --global user.email you@example.com

After doing this, you may fix the identity used for this commit with:

    git commit --amend --reset-author

 1 file changed, 17 insertions(+)
[0;32m✅ Commit automático creado exitosamente[0m
To https://github.com/anamanz7/anamanzanares.github.io.git
   20021ac..c72f76a  main -> main
[2026-02-25 01:04:26] ✅ Push realizado exitosamente a GitHub
[2026-02-25 01:04:26] === Verificación completada ===
[2026-02-25 01:14:26] === Iniciando verificación automática ===
[2026-02-25 01:14:26] Cambios detectados, creando commit...
[main c9415ff] Auto-commit: 1 modificado(s)
 Committer: Ana Manzanares <anamanzanares@MacBook-Pro-de-Ana.local>
Your name and email address were configured automatically based
on your username and hostname. Please check that they are accurate.
You can suppress this message by setting them explicitly:

    git config --global user.name "Your Name"
    git config --global user.email you@example.com

After doing this, you may fix the identity used for this commit with:

    git commit --amend --reset-author

 2 files changed, 25 insertions(+)
[2026-02-25 01:14:26] ✅ Commit creado exitosamente
[1;33m🔍 Verificando cambios pendientes...[0m
[1;33m📝 Cambios detectados. Creando commit automático...[0m
[main c936224] Auto-commit: Actualización automática del portfolio
 Committer: Ana Manzanares <anamanzanares@MacBook-Pro-de-Ana.local>
Your name and email address were configured automatically based
on your username and hostname. Please check that they are accurate.
You can suppress this message by setting them explicitly:

    git config --global user.name "Your Name"
    git config --global user.email you@example.com

After doing this, you may fix the identity used for this commit with:

    git commit --amend --reset-author

 1 file changed, 17 insertions(+)
[0;32m✅ Commit automático creado exitosamente[0m
To https://github.com/anamanz7/anamanzanares.github.io.git
   e305bca..c9415ff  main -> main
[2026-02-25 01:14:29] ✅ Push realizado exitosamente a GitHub
[2026-02-25 01:14:29] === Verificación completada ===
[2026-02-25 01:24:29] === Iniciando verificación automática ===
[2026-02-25 01:24:29] Cambios detectados, creando commit...
[main 22e53b6] Auto-commit: 1 modificado(s)
 Committer: Ana Manzanares <anamanzanares@MacBook-Pro-de-Ana.local>
Your name and email address were configured automatically based
on your username and hostname. Please check that they are accurate.
You can suppress this message by setting them explicitly:

    git config --global user.name "Your Name"
    git config --global user.email you@example.com

After doing this, you may fix the identity used for this commit with:

    git commit --amend --reset-author

 2 files changed, 25 insertions(+)
[2026-02-25 01:24:30] ✅ Commit creado exitosamente
[1;33m🔍 Verificando cambios pendientes...[0m
[1;33m📝 Cambios detectados. Creando commit automático...[0m
[main 1062b05] Auto-commit: Actualización automática del portfolio
 Committer: Ana Manzanares <anamanzanares@MacBook-Pro-de-Ana.local>
Your name and email address were configured automatically based
on your username and hostname. Please check that they are accurate.
You can suppress this message by setting them explicitly:

    git config --global user.name "Your Name"
    git config --global user.email you@example.com

After doing this, you may fix the identity used for this commit with:

    git commit --amend --reset-author

 1 file changed, 17 insertions(+)
[0;32m✅ Commit automático creado exitosamente[0m
To https://github.com/anamanz7/anamanzanares.github.io.git
   c936224..22e53b6  main -> main
[2026-02-25 01:24:32] ✅ Push realizado exitosamente a GitHub
[2026-02-25 01:24:32] === Verificación completada ===
[2026-02-25 01:34:32] === Iniciando verificación automática ===
[2026-02-25 01:34:32] Cambios detectados, creando commit...
[main dc4ed84] Auto-commit: 1 modificado(s)
 Committer: Ana Manzanares <anamanzanares@MacBook-Pro-de-Ana.local>
Your name and email address were configured automatically based
on your username and hostname. Please check that they are accurate.
You can suppress this message by setting them explicitly:

    git config --global user.name "Your Name"
    git config --global user.email you@example.com

After doing this, you may fix the identity used for this commit with:

    git commit --amend --reset-author

 2 files changed, 25 insertions(+)
[2026-02-25 01:34:32] ✅ Commit creado exitosamente
[1;33m🔍 Verificando cambios pendientes...[0m
[1;33m📝 Cambios detectados. Creando commit automático...[0m
[main 0e5170f] Auto-commit: Actualización automática del portfolio
 Committer: Ana Manzanares <anamanzanares@MacBook-Pro-de-Ana.local>
Your name and email address were configured automatically based
on your username and hostname. Please check that they are accurate.
You can suppress this message by setting them explicitly:

    git config --global user.name "Your Name"
    git config --global user.email you@example.com

After doing this, you may fix the identity used for this commit with:

    git commit --amend --reset-author

 1 file changed, 17 insertions(+)
[0;32m✅ Commit automático creado exitosamente[0m
To https://github.com/anamanz7/anamanzanares.github.io.git
   1062b05..dc4ed84  main -> main
[2026-02-25 01:34:35] ✅ Push realizado exitosamente a GitHub
[2026-02-25 01:34:35] === Verificación completada ===
[2026-02-25 01:44:35] === Iniciando verificación automática ===
[2026-02-25 01:44:35] Cambios detectados, creando commit...
[main ec6af6b] Auto-commit: 1 modificado(s)
 Committer: Ana Manzanares <anamanzanares@MacBook-Pro-de-Ana.local>
Your name and email address were configured automatically based
on your username and hostname. Please check that they are accurate.
You can suppress this message by setting them explicitly:

    git config --global user.name "Your Name"
    git config --global user.email you@example.com

After doing this, you may fix the identity used for this commit with:

    git commit --amend --reset-author

 2 files changed, 25 insertions(+)
[2026-02-25 01:44:35] ✅ Commit creado exitosamente
[1;33m🔍 Verificando cambios pendientes...[0m
[1;33m📝 Cambios detectados. Creando commit automático...[0m
[main fc734f3] Auto-commit: Actualización automática del portfolio
 Committer: Ana Manzanares <anamanzanares@MacBook-Pro-de-Ana.local>
Your name and email address were configured automatically based
on your username and hostname. Please check that they are accurate.
You can suppress this message by setting them explicitly:

    git config --global user.name "Your Name"
    git config --global user.email you@example.com

After doing this, you may fix the identity used for this commit with:

    git commit --amend --reset-author

 1 file changed, 17 insertions(+)
[0;32m✅ Commit automático creado exitosamente[0m
To https://github.com/anamanz7/anamanzanares.github.io.git
   0e5170f..ec6af6b  main -> main
[2026-02-25 01:44:38] ✅ Push realizado exitosamente a GitHub
[2026-02-25 01:44:38] === Verificación completada ===
[2026-02-25 01:54:38] === Iniciando verificación automática ===
[2026-02-25 01:54:38] Cambios detectados, creando commit...
[main fcaeb68] Auto-commit: 1 modificado(s)
 Committer: Ana Manzanares <anamanzanares@MacBook-Pro-de-Ana.local>
Your name and email address were configured automatically based
on your username and hostname. Please check that they are accurate.
You can suppress this message by setting them explicitly:

    git config --global user.name "Your Name"
    git config --global user.email you@example.com

After doing this, you may fix the identity used for this commit with:

    git commit --amend --reset-author

 2 files changed, 25 insertions(+)
[2026-02-25 01:54:38] ✅ Commit creado exitosamente
[1;33m🔍 Verificando cambios pendientes...[0m
[1;33m📝 Cambios detectados. Creando commit automático...[0m
[main 8720d7f] Auto-commit: Actualización automática del portfolio
 Committer: Ana Manzanares <anamanzanares@MacBook-Pro-de-Ana.local>
Your name and email address were configured automatically based
on your username and hostname. Please check that they are accurate.
You can suppress this message by setting them explicitly:

    git config --global user.name "Your Name"
    git config --global user.email you@example.com

After doing this, you may fix the identity used for this commit with:

    git commit --amend --reset-author

 1 file changed, 17 insertions(+)
[0;32m✅ Commit automático creado exitosamente[0m
To https://github.com/anamanz7/anamanzanares.github.io.git
   fc734f3..fcaeb68  main -> main
[2026-02-25 01:54:41] ✅ Push realizado exitosamente a GitHub
[2026-02-25 01:54:41] === Verificación completada ===
[2026-02-25 16:38:32] === Iniciando verificación automática ===
[2026-02-25 16:38:32] Cambios detectados, creando commit...
[main 4a7564d] Auto-commit: 1 modificado(s)
 Committer: Ana Manzanares <anamanzanares@MacBook-Pro-de-Ana.local>
Your name and email address were configured automatically based
on your username and hostname. Please check that they are accurate.
You can suppress this message by setting them explicitly:

    git config --global user.name "Your Name"
    git config --global user.email you@example.com

After doing this, you may fix the identity used for this commit with:

    git commit --amend --reset-author

 2 files changed, 25 insertions(+)
[2026-02-25 16:38:33] ✅ Commit creado exitosamente
[1;33m🔍 Verificando cambios pendientes...[0m
[1;33m📝 Cambios detectados. Creando commit automático...[0m
[main dd27105] Auto-commit: Actualización automática del portfolio
 Committer: Ana Manzanares <anamanzanares@MacBook-Pro-de-Ana.local>
Your name and email address were configured automatically based
on your username and hostname. Please check that they are accurate.
You can suppress this message by setting them explicitly:

    git config --global user.name "Your Name"
    git config --global user.email you@example.com

After doing this, you may fix the identity used for this commit with:

    git commit --amend --reset-author

 1 file changed, 17 insertions(+)
[0;32m✅ Commit automático creado exitosamente[0m
To https://github.com/anamanz7/anamanzanares.github.io.git
   8720d7f..4a7564d  main -> main
[2026-02-25 16:38:37] ✅ Push realizado exitosamente a GitHub
[2026-02-25 16:38:37] === Verificación completada ===
[2026-02-25 22:05:47] === Iniciando verificación automática ===
[2026-02-25 22:05:47] Cambios detectados, creando commit...
[main f93f3c8] Auto-commit: 1 modificado(s)
 Committer: Ana Manzanares <anamanzanares@MacBook-Pro-de-Ana.local>
Your name and email address were configured automatically based
on your username and hostname. Please check that they are accurate.
You can suppress this message by setting them explicitly:

    git config --global user.name "Your Name"
    git config --global user.email you@example.com

After doing this, you may fix the identity used for this commit with:

    git commit --amend --reset-author

 2 files changed, 25 insertions(+)
[2026-02-25 22:05:47] ✅ Commit creado exitosamente
[1;33m🔍 Verificando cambios pendientes...[0m
[1;33m📝 Cambios detectados. Creando commit automático...[0m
[main cc59577] Auto-commit: Actualización automática del portfolio
 Committer: Ana Manzanares <anamanzanares@MacBook-Pro-de-Ana.local>
Your name and email address were configured automatically based
on your username and hostname. Please check that they are accurate.
You can suppress this message by setting them explicitly:

    git config --global user.name "Your Name"
    git config --global user.email you@example.com

After doing this, you may fix the identity used for this commit with:

    git commit --amend --reset-author

 1 file changed, 17 insertions(+)
[0;32m✅ Commit automático creado exitosamente[0m
To https://github.com/anamanz7/anamanzanares.github.io.git
   dd27105..f93f3c8  main -> main
[2026-02-25 22:05:49] ✅ Push realizado exitosamente a GitHub
[2026-02-25 22:05:49] === Verificación completada ===
[2026-02-25 22:15:49] === Iniciando verificación automática ===
[2026-02-25 22:15:49] Cambios detectados, creando commit...
[main f710e02] Auto-commit: 1 modificado(s)
 Committer: Ana Manzanares <anamanzanares@MacBook-Pro-de-Ana.local>
Your name and email address were configured automatically based
on your username and hostname. Please check that they are accurate.
You can suppress this message by setting them explicitly:

    git config --global user.name "Your Name"
    git config --global user.email you@example.com

After doing this, you may fix the identity used for this commit with:

    git commit --amend --reset-author

 2 files changed, 25 insertions(+)
[2026-02-25 22:15:49] ✅ Commit creado exitosamente
[1;33m🔍 Verificando cambios pendientes...[0m
[1;33m📝 Cambios detectados. Creando commit automático...[0m
[main c5037c1] Auto-commit: Actualización automática del portfolio
 Committer: Ana Manzanares <anamanzanares@MacBook-Pro-de-Ana.local>
Your name and email address were configured automatically based
on your username and hostname. Please check that they are accurate.
You can suppress this message by setting them explicitly:

    git config --global user.name "Your Name"
    git config --global user.email you@example.com

After doing this, you may fix the identity used for this commit with:

    git commit --amend --reset-author

 1 file changed, 17 insertions(+)
[0;32m✅ Commit automático creado exitosamente[0m
To https://github.com/anamanz7/anamanzanares.github.io.git
   cc59577..f710e02  main -> main
[2026-02-25 22:15:51] ✅ Push realizado exitosamente a GitHub
[2026-02-25 22:15:51] === Verificación completada ===
[2026-02-25 22:25:51] === Iniciando verificación automática ===
[2026-02-25 22:25:51] Cambios detectados, creando commit...
[main 3b1ac59] Auto-commit: 1 modificado(s)
 Committer: Ana Manzanares <anamanzanares@MacBook-Pro-de-Ana.local>
Your name and email address were configured automatically based
on your username and hostname. Please check that they are accurate.
You can suppress this message by setting them explicitly:

    git config --global user.name "Your Name"
    git config --global user.email you@example.com

After doing this, you may fix the identity used for this commit with:

    git commit --amend --reset-author

 2 files changed, 25 insertions(+)
[2026-02-25 22:25:51] ✅ Commit creado exitosamente
[1;33m🔍 Verificando cambios pendientes...[0m
[1;33m📝 Cambios detectados. Creando commit automático...[0m
[main 0f99178] Auto-commit: Actualización automática del portfolio
 Committer: Ana Manzanares <anamanzanares@MacBook-Pro-de-Ana.local>
Your name and email address were configured automatically based
on your username and hostname. Please check that they are accurate.
You can suppress this message by setting them explicitly:

    git config --global user.name "Your Name"
    git config --global user.email you@example.com

After doing this, you may fix the identity used for this commit with:

    git commit --amend --reset-author

 1 file changed, 17 insertions(+)
[0;32m✅ Commit automático creado exitosamente[0m
To https://github.com/anamanz7/anamanzanares.github.io.git
   c5037c1..3b1ac59  main -> main
[2026-02-25 22:25:54] ✅ Push realizado exitosamente a GitHub
[2026-02-25 22:25:54] === Verificación completada ===
[2026-02-25 22:35:54] === Iniciando verificación automática ===
[2026-02-25 22:35:54] Cambios detectados, creando commit...
[main 32de7f2] Auto-commit: 1 modificado(s)
 Committer: Ana Manzanares <anamanzanares@MacBook-Pro-de-Ana.local>
Your name and email address were configured automatically based
on your username and hostname. Please check that they are accurate.
You can suppress this message by setting them explicitly:

    git config --global user.name "Your Name"
    git config --global user.email you@example.com

After doing this, you may fix the identity used for this commit with:

    git commit --amend --reset-author

 2 files changed, 25 insertions(+)
[2026-02-25 22:35:54] ✅ Commit creado exitosamente
[1;33m🔍 Verificando cambios pendientes...[0m
[1;33m📝 Cambios detectados. Creando commit automático...[0m
[main 9375858] Auto-commit: Actualización automática del portfolio
 Committer: Ana Manzanares <anamanzanares@MacBook-Pro-de-Ana.local>
Your name and email address were configured automatically based
on your username and hostname. Please check that they are accurate.
You can suppress this message by setting them explicitly:

    git config --global user.name "Your Name"
    git config --global user.email you@example.com

After doing this, you may fix the identity used for this commit with:

    git commit --amend --reset-author

 1 file changed, 17 insertions(+)
[0;32m✅ Commit automático creado exitosamente[0m
To https://github.com/anamanz7/anamanzanares.github.io.git
   0f99178..32de7f2  main -> main
[2026-02-25 22:35:56] ✅ Push realizado exitosamente a GitHub
[2026-02-25 22:35:56] === Verificación completada ===
[2026-02-25 22:45:56] === Iniciando verificación automática ===
[2026-02-25 22:45:56] Cambios detectados, creando commit...
[main cd68128] Auto-commit: 1 modificado(s)
 Committer: Ana Manzanares <anamanzanares@MacBook-Pro-de-Ana.local>
Your name and email address were configured automatically based
on your username and hostname. Please check that they are accurate.
You can suppress this message by setting them explicitly:

    git config --global user.name "Your Name"
    git config --global user.email you@example.com

After doing this, you may fix the identity used for this commit with:

    git commit --amend --reset-author

 2 files changed, 25 insertions(+)
[2026-02-25 22:45:56] ✅ Commit creado exitosamente
[1;33m🔍 Verificando cambios pendientes...[0m
[1;33m📝 Cambios detectados. Creando commit automático...[0m
[main 6a80c59] Auto-commit: Actualización automática del portfolio
 Committer: Ana Manzanares <anamanzanares@MacBook-Pro-de-Ana.local>
Your name and email address were configured automatically based
on your username and hostname. Please check that they are accurate.
You can suppress this message by setting them explicitly:

    git config --global user.name "Your Name"
    git config --global user.email you@example.com

After doing this, you may fix the identity used for this commit with:

    git commit --amend --reset-author

 1 file changed, 17 insertions(+)
[0;32m✅ Commit automático creado exitosamente[0m
To https://github.com/anamanz7/anamanzanares.github.io.git
   9375858..cd68128  main -> main
[2026-02-25 22:45:59] ✅ Push realizado exitosamente a GitHub
[2026-02-25 22:45:59] === Verificación completada ===
[2026-02-25 22:55:59] === Iniciando verificación automática ===
[2026-02-25 22:55:59] Cambios detectados, creando commit...
[main 816b5e4] Auto-commit: 1 modificado(s)
 Committer: Ana Manzanares <anamanzanares@MacBook-Pro-de-Ana.local>
Your name and email address were configured automatically based
on your username and hostname. Please check that they are accurate.
You can suppress this message by setting them explicitly:

    git config --global user.name "Your Name"
    git config --global user.email you@example.com

After doing this, you may fix the identity used for this commit with:

    git commit --amend --reset-author

 2 files changed, 25 insertions(+)
[2026-02-25 22:55:59] ✅ Commit creado exitosamente
[1;33m🔍 Verificando cambios pendientes...[0m
[1;33m📝 Cambios detectados. Creando commit automático...[0m
[main 0fdc73e] Auto-commit: Actualización automática del portfolio
 Committer: Ana Manzanares <anamanzanares@MacBook-Pro-de-Ana.local>
Your name and email address were configured automatically based
on your username and hostname. Please check that they are accurate.
You can suppress this message by setting them explicitly:

    git config --global user.name "Your Name"
    git config --global user.email you@example.com

After doing this, you may fix the identity used for this commit with:

    git commit --amend --reset-author

 1 file changed, 17 insertions(+)
[0;32m✅ Commit automático creado exitosamente[0m
To https://github.com/anamanz7/anamanzanares.github.io.git
   6a80c59..816b5e4  main -> main
[2026-02-25 22:56:01] ✅ Push realizado exitosamente a GitHub
[2026-02-25 22:56:01] === Verificación completada ===
[2026-02-25 23:06:01] === Iniciando verificación automática ===
[2026-02-25 23:06:01] Cambios detectados, creando commit...
[main fdfa171] Auto-commit: 1 modificado(s)
 Committer: Ana Manzanares <anamanzanares@MacBook-Pro-de-Ana.local>
Your name and email address were configured automatically based
on your username and hostname. Please check that they are accurate.
You can suppress this message by setting them explicitly:

    git config --global user.name "Your Name"
    git config --global user.email you@example.com

After doing this, you may fix the identity used for this commit with:

    git commit --amend --reset-author

 2 files changed, 25 insertions(+)
[2026-02-25 23:06:02] ✅ Commit creado exitosamente
[1;33m🔍 Verificando cambios pendientes...[0m
[1;33m📝 Cambios detectados. Creando commit automático...[0m
[main 3fb832d] Auto-commit: Actualización automática del portfolio
 Committer: Ana Manzanares <anamanzanares@MacBook-Pro-de-Ana.local>
Your name and email address were configured automatically based
on your username and hostname. Please check that they are accurate.
You can suppress this message by setting them explicitly:

    git config --global user.name "Your Name"
    git config --global user.email you@example.com

After doing this, you may fix the identity used for this commit with:

    git commit --amend --reset-author

 1 file changed, 17 insertions(+)
[0;32m✅ Commit automático creado exitosamente[0m
To https://github.com/anamanz7/anamanzanares.github.io.git
   0fdc73e..fdfa171  main -> main
[2026-02-25 23:06:03] ✅ Push realizado exitosamente a GitHub
[2026-02-25 23:06:03] === Verificación completada ===
[2026-02-25 23:16:03] === Iniciando verificación automática ===
[2026-02-25 23:16:03] Cambios detectados, creando commit...
[main 7488720] Auto-commit: 1 modificado(s)
 Committer: Ana Manzanares <anamanzanares@MacBook-Pro-de-Ana.local>
Your name and email address were configured automatically based
on your username and hostname. Please check that they are accurate.
You can suppress this message by setting them explicitly:

    git config --global user.name "Your Name"
    git config --global user.email you@example.com

After doing this, you may fix the identity used for this commit with:

    git commit --amend --reset-author

 2 files changed, 25 insertions(+)
[2026-02-25 23:16:04] ✅ Commit creado exitosamente
[1;33m🔍 Verificando cambios pendientes...[0m
[1;33m📝 Cambios detectados. Creando commit automático...[0m
[main d90d2ed] Auto-commit: Actualización automática del portfolio
 Committer: Ana Manzanares <anamanzanares@MacBook-Pro-de-Ana.local>
Your name and email address were configured automatically based
on your username and hostname. Please check that they are accurate.
You can suppress this message by setting them explicitly:

    git config --global user.name "Your Name"
    git config --global user.email you@example.com

After doing this, you may fix the identity used for this commit with:

    git commit --amend --reset-author

 1 file changed, 17 insertions(+)
[0;32m✅ Commit automático creado exitosamente[0m
To https://github.com/anamanz7/anamanzanares.github.io.git
   3fb832d..7488720  main -> main
[2026-02-25 23:16:05] ✅ Push realizado exitosamente a GitHub
[2026-02-25 23:16:05] === Verificación completada ===
[2026-02-25 23:26:05] === Iniciando verificación automática ===
[2026-02-25 23:26:05] Cambios detectados, creando commit...
[main 3a6d21c] Auto-commit: 1 modificado(s)
 Committer: Ana Manzanares <anamanzanares@MacBook-Pro-de-Ana.local>
Your name and email address were configured automatically based
on your username and hostname. Please check that they are accurate.
You can suppress this message by setting them explicitly:

    git config --global user.name "Your Name"
    git config --global user.email you@example.com

After doing this, you may fix the identity used for this commit with:

    git commit --amend --reset-author

 2 files changed, 25 insertions(+)
[2026-02-25 23:26:06] ✅ Commit creado exitosamente
[1;33m🔍 Verificando cambios pendientes...[0m
[1;33m📝 Cambios detectados. Creando commit automático...[0m
[main 3845204] Auto-commit: Actualización automática del portfolio
 Committer: Ana Manzanares <anamanzanares@MacBook-Pro-de-Ana.local>
Your name and email address were configured automatically based
on your username and hostname. Please check that they are accurate.
You can suppress this message by setting them explicitly:

    git config --global user.name "Your Name"
    git config --global user.email you@example.com

After doing this, you may fix the identity used for this commit with:

    git commit --amend --reset-author

 1 file changed, 17 insertions(+)
[0;32m✅ Commit automático creado exitosamente[0m
To https://github.com/anamanz7/anamanzanares.github.io.git
   d90d2ed..3a6d21c  main -> main
[2026-02-25 23:26:08] ✅ Push realizado exitosamente a GitHub
[2026-02-25 23:26:08] === Verificación completada ===
[2026-02-25 23:36:08] === Iniciando verificación automática ===
[2026-02-25 23:36:08] Cambios detectados, creando commit...
[main 6e49055] Auto-commit: 1 modificado(s)
 Committer: Ana Manzanares <anamanzanares@MacBook-Pro-de-Ana.local>
Your name and email address were configured automatically based
on your username and hostname. Please check that they are accurate.
You can suppress this message by setting them explicitly:

    git config --global user.name "Your Name"
    git config --global user.email you@example.com

After doing this, you may fix the identity used for this commit with:

    git commit --amend --reset-author

 2 files changed, 25 insertions(+)
[2026-02-25 23:36:09] ✅ Commit creado exitosamente
[1;33m🔍 Verificando cambios pendientes...[0m
[1;33m📝 Cambios detectados. Creando commit automático...[0m
[main 82556ca] Auto-commit: Actualización automática del portfolio
 Committer: Ana Manzanares <anamanzanares@MacBook-Pro-de-Ana.local>
Your name and email address were configured automatically based
on your username and hostname. Please check that they are accurate.
You can suppress this message by setting them explicitly:

    git config --global user.name "Your Name"
    git config --global user.email you@example.com

After doing this, you may fix the identity used for this commit with:

    git commit --amend --reset-author

 1 file changed, 17 insertions(+)
[0;32m✅ Commit automático creado exitosamente[0m
To https://github.com/anamanz7/anamanzanares.github.io.git
   3845204..6e49055  main -> main
[2026-02-25 23:36:11] ✅ Push realizado exitosamente a GitHub
[2026-02-25 23:36:11] === Verificación completada ===
[2026-02-25 23:46:11] === Iniciando verificación automática ===
[2026-02-25 23:46:11] Cambios detectados, creando commit...
[main 75994dc] Auto-commit: 1 modificado(s)
 Committer: Ana Manzanares <anamanzanares@MacBook-Pro-de-Ana.local>
Your name and email address were configured automatically based
on your username and hostname. Please check that they are accurate.
You can suppress this message by setting them explicitly:

    git config --global user.name "Your Name"
    git config --global user.email you@example.com

After doing this, you may fix the identity used for this commit with:

    git commit --amend --reset-author

 2 files changed, 25 insertions(+)
[2026-02-25 23:46:11] ✅ Commit creado exitosamente
[1;33m🔍 Verificando cambios pendientes...[0m
[1;33m📝 Cambios detectados. Creando commit automático...[0m
[main 686d7b7] Auto-commit: Actualización automática del portfolio
 Committer: Ana Manzanares <anamanzanares@MacBook-Pro-de-Ana.local>
Your name and email address were configured automatically based
on your username and hostname. Please check that they are accurate.
You can suppress this message by setting them explicitly:

    git config --global user.name "Your Name"
    git config --global user.email you@example.com

After doing this, you may fix the identity used for this commit with:

    git commit --amend --reset-author

 1 file changed, 17 insertions(+)
[0;32m✅ Commit automático creado exitosamente[0m
To https://github.com/anamanz7/anamanzanares.github.io.git
   82556ca..75994dc  main -> main
[2026-02-25 23:46:13] ✅ Push realizado exitosamente a GitHub
[2026-02-25 23:46:13] === Verificación completada ===
[2026-02-25 23:56:13] === Iniciando verificación automática ===
[2026-02-25 23:56:13] Cambios detectados, creando commit...
[main cb8223d] Auto-commit: 1 modificado(s)
 Committer: Ana Manzanares <anamanzanares@MacBook-Pro-de-Ana.local>
Your name and email address were configured automatically based
on your username and hostname. Please check that they are accurate.
You can suppress this message by setting them explicitly:

    git config --global user.name "Your Name"
    git config --global user.email you@example.com

After doing this, you may fix the identity used for this commit with:

    git commit --amend --reset-author

 2 files changed, 25 insertions(+)
[2026-02-25 23:56:13] ✅ Commit creado exitosamente
[1;33m🔍 Verificando cambios pendientes...[0m
[1;33m📝 Cambios detectados. Creando commit automático...[0m
[main 3e09f6d] Auto-commit: Actualización automática del portfolio
 Committer: Ana Manzanares <anamanzanares@MacBook-Pro-de-Ana.local>
Your name and email address were configured automatically based
on your username and hostname. Please check that they are accurate.
You can suppress this message by setting them explicitly:

    git config --global user.name "Your Name"
    git config --global user.email you@example.com

After doing this, you may fix the identity used for this commit with:

    git commit --amend --reset-author

 1 file changed, 17 insertions(+)
[0;32m✅ Commit automático creado exitosamente[0m
To https://github.com/anamanz7/anamanzanares.github.io.git
   686d7b7..cb8223d  main -> main
[2026-02-25 23:56:15] ✅ Push realizado exitosamente a GitHub
[2026-02-25 23:56:15] === Verificación completada ===
[2026-02-26 00:06:15] === Iniciando verificación automática ===
[2026-02-26 00:06:16] Cambios detectados, creando commit...
[main 2355e9b] Auto-commit: 1 modificado(s)
 Committer: Ana Manzanares <anamanzanares@MacBook-Pro-de-Ana.local>
Your name and email address were configured automatically based
on your username and hostname. Please check that they are accurate.
You can suppress this message by setting them explicitly:

    git config --global user.name "Your Name"
    git config --global user.email you@example.com

After doing this, you may fix the identity used for this commit with:

    git commit --amend --reset-author

 2 files changed, 25 insertions(+)
[2026-02-26 00:06:18] ✅ Commit creado exitosamente
[1;33m🔍 Verificando cambios pendientes...[0m
[1;33m📝 Cambios detectados. Creando commit automático...[0m
[main e6ee59e] Auto-commit: Actualización automática del portfolio
 Committer: Ana Manzanares <anamanzanares@MacBook-Pro-de-Ana.local>
Your name and email address were configured automatically based
on your username and hostname. Please check that they are accurate.
You can suppress this message by setting them explicitly:

    git config --global user.name "Your Name"
    git config --global user.email you@example.com

After doing this, you may fix the identity used for this commit with:

    git commit --amend --reset-author

 1 file changed, 17 insertions(+)
[0;32m✅ Commit automático creado exitosamente[0m
To https://github.com/anamanz7/anamanzanares.github.io.git
   3e09f6d..2355e9b  main -> main
[2026-02-26 00:06:22] ✅ Push realizado exitosamente a GitHub
[2026-02-26 00:06:22] === Verificación completada ===
[2026-02-26 00:16:22] === Iniciando verificación automática ===
[2026-02-26 00:16:23] Cambios detectados, creando commit...
[main 29b09cc] Auto-commit: 1 modificado(s)
 Committer: Ana Manzanares <anamanzanares@MacBook-Pro-de-Ana.local>
Your name and email address were configured automatically based
on your username and hostname. Please check that they are accurate.
You can suppress this message by setting them explicitly:

    git config --global user.name "Your Name"
    git config --global user.email you@example.com

After doing this, you may fix the identity used for this commit with:

    git commit --amend --reset-author

 2 files changed, 25 insertions(+)
[2026-02-26 00:16:23] ✅ Commit creado exitosamente
[1;33m🔍 Verificando cambios pendientes...[0m
[1;33m📝 Cambios detectados. Creando commit automático...[0m
[main cc39851] Auto-commit: Actualización automática del portfolio
 Committer: Ana Manzanares <anamanzanares@MacBook-Pro-de-Ana.local>
Your name and email address were configured automatically based
on your username and hostname. Please check that they are accurate.
You can suppress this message by setting them explicitly:

    git config --global user.name "Your Name"
    git config --global user.email you@example.com

After doing this, you may fix the identity used for this commit with:

    git commit --amend --reset-author

 1 file changed, 17 insertions(+)
[0;32m✅ Commit automático creado exitosamente[0m
To https://github.com/anamanz7/anamanzanares.github.io.git
   e6ee59e..29b09cc  main -> main
[2026-02-26 00:16:25] ✅ Push realizado exitosamente a GitHub
[2026-02-26 00:16:25] === Verificación completada ===
[2026-02-26 00:26:25] === Iniciando verificación automática ===
[2026-02-26 00:26:26] Cambios detectados, creando commit...
[main 8f86205] Auto-commit: 1 modificado(s)
 Committer: Ana Manzanares <anamanzanares@MacBook-Pro-de-Ana.local>
Your name and email address were configured automatically based
on your username and hostname. Please check that they are accurate.
You can suppress this message by setting them explicitly:

    git config --global user.name "Your Name"
    git config --global user.email you@example.com

After doing this, you may fix the identity used for this commit with:

    git commit --amend --reset-author

 2 files changed, 25 insertions(+)
[2026-02-26 00:26:26] ✅ Commit creado exitosamente
[1;33m🔍 Verificando cambios pendientes...[0m
[1;33m📝 Cambios detectados. Creando commit automático...[0m
[main d0f8c0c] Auto-commit: Actualización automática del portfolio
 Committer: Ana Manzanares <anamanzanares@MacBook-Pro-de-Ana.local>
Your name and email address were configured automatically based
on your username and hostname. Please check that they are accurate.
You can suppress this message by setting them explicitly:

    git config --global user.name "Your Name"
    git config --global user.email you@example.com

After doing this, you may fix the identity used for this commit with:

    git commit --amend --reset-author

 1 file changed, 17 insertions(+)
[0;32m✅ Commit automático creado exitosamente[0m
To https://github.com/anamanz7/anamanzanares.github.io.git
   cc39851..8f86205  main -> main
[2026-02-26 00:26:28] ✅ Push realizado exitosamente a GitHub
[2026-02-26 00:26:28] === Verificación completada ===
[2026-02-26 00:36:28] === Iniciando verificación automática ===
[2026-02-26 00:36:29] Cambios detectados, creando commit...
[main 669c89a] Auto-commit: 1 modificado(s)
 Committer: Ana Manzanares <anamanzanares@MacBook-Pro-de-Ana.local>
Your name and email address were configured automatically based
on your username and hostname. Please check that they are accurate.
You can suppress this message by setting them explicitly:

    git config --global user.name "Your Name"
    git config --global user.email you@example.com

After doing this, you may fix the identity used for this commit with:

    git commit --amend --reset-author

 2 files changed, 25 insertions(+)
[2026-02-26 00:36:29] ✅ Commit creado exitosamente
[1;33m🔍 Verificando cambios pendientes...[0m
[1;33m📝 Cambios detectados. Creando commit automático...[0m
[main 957ed0a] Auto-commit: Actualización automática del portfolio
 Committer: Ana Manzanares <anamanzanares@MacBook-Pro-de-Ana.local>
Your name and email address were configured automatically based
on your username and hostname. Please check that they are accurate.
You can suppress this message by setting them explicitly:

    git config --global user.name "Your Name"
    git config --global user.email you@example.com

After doing this, you may fix the identity used for this commit with:

    git commit --amend --reset-author

 1 file changed, 17 insertions(+)
[0;32m✅ Commit automático creado exitosamente[0m
To https://github.com/anamanz7/anamanzanares.github.io.git
   d0f8c0c..669c89a  main -> main
[2026-02-26 00:36:33] ✅ Push realizado exitosamente a GitHub
[2026-02-26 00:36:33] === Verificación completada ===
[2026-02-26 22:17:45] === Iniciando verificación automática ===
[2026-02-26 22:17:47] Cambios detectados, creando commit...
[main 8d47ff4] Auto-commit: 1 modificado(s)
 Committer: Ana Manzanares <anamanzanares@MacBook-Pro-de-Ana.local>
Your name and email address were configured automatically based
on your username and hostname. Please check that they are accurate.
You can suppress this message by setting them explicitly:

    git config --global user.name "Your Name"
    git config --global user.email you@example.com

After doing this, you may fix the identity used for this commit with:

    git commit --amend --reset-author

 2 files changed, 25 insertions(+)
[2026-02-26 22:17:47] ✅ Commit creado exitosamente
[1;33m🔍 Verificando cambios pendientes...[0m
[1;33m📝 Cambios detectados. Creando commit automático...[0m
[main a76e1c5] Auto-commit: Actualización automática del portfolio
 Committer: Ana Manzanares <anamanzanares@MacBook-Pro-de-Ana.local>
Your name and email address were configured automatically based
on your username and hostname. Please check that they are accurate.
You can suppress this message by setting them explicitly:

    git config --global user.name "Your Name"
    git config --global user.email you@example.com

After doing this, you may fix the identity used for this commit with:

    git commit --amend --reset-author

 1 file changed, 17 insertions(+)
[0;32m✅ Commit automático creado exitosamente[0m
To https://github.com/anamanz7/anamanzanares.github.io.git
   957ed0a..8d47ff4  main -> main
[2026-02-26 22:17:52] ✅ Push realizado exitosamente a GitHub
[2026-02-26 22:17:52] === Verificación completada ===
[2026-02-26 22:27:52] === Iniciando verificación automática ===
[2026-02-26 22:27:52] Cambios detectados, creando commit...
[main 59e8235] Auto-commit: 1 modificado(s)
 Committer: Ana Manzanares <anamanzanares@MacBook-Pro-de-Ana.local>
Your name and email address were configured automatically based
on your username and hostname. Please check that they are accurate.
You can suppress this message by setting them explicitly:

    git config --global user.name "Your Name"
    git config --global user.email you@example.com

After doing this, you may fix the identity used for this commit with:

    git commit --amend --reset-author

 2 files changed, 25 insertions(+)
[2026-02-26 22:27:52] ✅ Commit creado exitosamente
[1;33m🔍 Verificando cambios pendientes...[0m
[1;33m📝 Cambios detectados. Creando commit automático...[0m
[main c94c509] Auto-commit: Actualización automática del portfolio
 Committer: Ana Manzanares <anamanzanares@MacBook-Pro-de-Ana.local>
Your name and email address were configured automatically based
on your username and hostname. Please check that they are accurate.
You can suppress this message by setting them explicitly:

    git config --global user.name "Your Name"
    git config --global user.email you@example.com

After doing this, you may fix the identity used for this commit with:

    git commit --amend --reset-author

 1 file changed, 17 insertions(+)
[0;32m✅ Commit automático creado exitosamente[0m
To https://github.com/anamanz7/anamanzanares.github.io.git
   a76e1c5..59e8235  main -> main
[2026-02-26 22:27:55] ✅ Push realizado exitosamente a GitHub
[2026-02-26 22:27:55] === Verificación completada ===
[2026-02-26 22:37:55] === Iniciando verificación automática ===
[2026-02-26 22:37:55] Cambios detectados, creando commit...
[main be89894] Auto-commit: 1 modificado(s)
 Committer: Ana Manzanares <anamanzanares@MacBook-Pro-de-Ana.local>
Your name and email address were configured automatically based
on your username and hostname. Please check that they are accurate.
You can suppress this message by setting them explicitly:

    git config --global user.name "Your Name"
    git config --global user.email you@example.com

After doing this, you may fix the identity used for this commit with:

    git commit --amend --reset-author

 2 files changed, 25 insertions(+)
[2026-02-26 22:37:55] ✅ Commit creado exitosamente
[1;33m🔍 Verificando cambios pendientes...[0m
[1;33m📝 Cambios detectados. Creando commit automático...[0m
[main 8e1a9d5] Auto-commit: Actualización automática del portfolio
 Committer: Ana Manzanares <anamanzanares@MacBook-Pro-de-Ana.local>
Your name and email address were configured automatically based
on your username and hostname. Please check that they are accurate.
You can suppress this message by setting them explicitly:

    git config --global user.name "Your Name"
    git config --global user.email you@example.com

After doing this, you may fix the identity used for this commit with:

    git commit --amend --reset-author

 1 file changed, 17 insertions(+)
[0;32m✅ Commit automático creado exitosamente[0m
To https://github.com/anamanz7/anamanzanares.github.io.git
   c94c509..be89894  main -> main
[2026-02-26 22:37:58] ✅ Push realizado exitosamente a GitHub
[2026-02-26 22:37:58] === Verificación completada ===
[2026-02-26 22:47:58] === Iniciando verificación automática ===
[2026-02-26 22:47:58] Cambios detectados, creando commit...
[main 80adaf1] Auto-commit: 1 modificado(s)
 Committer: Ana Manzanares <anamanzanares@MacBook-Pro-de-Ana.local>
Your name and email address were configured automatically based
on your username and hostname. Please check that they are accurate.
You can suppress this message by setting them explicitly:

    git config --global user.name "Your Name"
    git config --global user.email you@example.com

After doing this, you may fix the identity used for this commit with:

    git commit --amend --reset-author

 2 files changed, 25 insertions(+)
[2026-02-26 22:47:58] ✅ Commit creado exitosamente
[1;33m🔍 Verificando cambios pendientes...[0m
[1;33m📝 Cambios detectados. Creando commit automático...[0m
[main 6369605] Auto-commit: Actualización automática del portfolio
 Committer: Ana Manzanares <anamanzanares@MacBook-Pro-de-Ana.local>
Your name and email address were configured automatically based
on your username and hostname. Please check that they are accurate.
You can suppress this message by setting them explicitly:

    git config --global user.name "Your Name"
    git config --global user.email you@example.com

After doing this, you may fix the identity used for this commit with:

    git commit --amend --reset-author

 1 file changed, 17 insertions(+)
[0;32m✅ Commit automático creado exitosamente[0m
To https://github.com/anamanz7/anamanzanares.github.io.git
   8e1a9d5..80adaf1  main -> main
[2026-02-26 22:48:00] ✅ Push realizado exitosamente a GitHub
[2026-02-26 22:48:00] === Verificación completada ===
[2026-02-26 22:58:00] === Iniciando verificación automática ===
[2026-02-26 22:58:00] Cambios detectados, creando commit...
[main f9879c3] Auto-commit: 1 modificado(s)
 Committer: Ana Manzanares <anamanzanares@MacBook-Pro-de-Ana.local>
Your name and email address were configured automatically based
on your username and hostname. Please check that they are accurate.
You can suppress this message by setting them explicitly:

    git config --global user.name "Your Name"
    git config --global user.email you@example.com

After doing this, you may fix the identity used for this commit with:

    git commit --amend --reset-author

 2 files changed, 25 insertions(+)
[2026-02-26 22:58:00] ✅ Commit creado exitosamente
[1;33m🔍 Verificando cambios pendientes...[0m
[1;33m📝 Cambios detectados. Creando commit automático...[0m
[main 142575d] Auto-commit: Actualización automática del portfolio
 Committer: Ana Manzanares <anamanzanares@MacBook-Pro-de-Ana.local>
Your name and email address were configured automatically based
on your username and hostname. Please check that they are accurate.
You can suppress this message by setting them explicitly:

    git config --global user.name "Your Name"
    git config --global user.email you@example.com

After doing this, you may fix the identity used for this commit with:

    git commit --amend --reset-author

 1 file changed, 17 insertions(+)
[0;32m✅ Commit automático creado exitosamente[0m
To https://github.com/anamanz7/anamanzanares.github.io.git
   6369605..f9879c3  main -> main
[2026-02-26 22:58:03] ✅ Push realizado exitosamente a GitHub
[2026-02-26 22:58:03] === Verificación completada ===
[2026-02-26 23:08:03] === Iniciando verificación automática ===
[2026-02-26 23:08:03] Cambios detectados, creando commit...
[main ce1606b] Auto-commit: 1 modificado(s)
 Committer: Ana Manzanares <anamanzanares@MacBook-Pro-de-Ana.local>
Your name and email address were configured automatically based
on your username and hostname. Please check that they are accurate.
You can suppress this message by setting them explicitly:

    git config --global user.name "Your Name"
    git config --global user.email you@example.com

After doing this, you may fix the identity used for this commit with:

    git commit --amend --reset-author

 2 files changed, 25 insertions(+)
[2026-02-26 23:08:03] ✅ Commit creado exitosamente
[1;33m🔍 Verificando cambios pendientes...[0m
[1;33m📝 Cambios detectados. Creando commit automático...[0m
[main 259c0c5] Auto-commit: Actualización automática del portfolio
 Committer: Ana Manzanares <anamanzanares@MacBook-Pro-de-Ana.local>
Your name and email address were configured automatically based
on your username and hostname. Please check that they are accurate.
You can suppress this message by setting them explicitly:

    git config --global user.name "Your Name"
    git config --global user.email you@example.com

After doing this, you may fix the identity used for this commit with:

    git commit --amend --reset-author

 1 file changed, 17 insertions(+)
[0;32m✅ Commit automático creado exitosamente[0m
To https://github.com/anamanz7/anamanzanares.github.io.git
   142575d..ce1606b  main -> main
[2026-02-26 23:08:05] ✅ Push realizado exitosamente a GitHub
[2026-02-26 23:08:05] === Verificación completada ===
[2026-02-26 23:18:05] === Iniciando verificación automática ===
[2026-02-26 23:18:06] Cambios detectados, creando commit...
[main 3361040] Auto-commit: 1 modificado(s)
 Committer: Ana Manzanares <anamanzanares@MacBook-Pro-de-Ana.local>
Your name and email address were configured automatically based
on your username and hostname. Please check that they are accurate.
You can suppress this message by setting them explicitly:

    git config --global user.name "Your Name"
    git config --global user.email you@example.com

After doing this, you may fix the identity used for this commit with:

    git commit --amend --reset-author

 2 files changed, 25 insertions(+)
[2026-02-26 23:18:06] ✅ Commit creado exitosamente
[1;33m🔍 Verificando cambios pendientes...[0m
[1;33m📝 Cambios detectados. Creando commit automático...[0m
[main 57c3a2f] Auto-commit: Actualización automática del portfolio
 Committer: Ana Manzanares <anamanzanares@MacBook-Pro-de-Ana.local>
Your name and email address were configured automatically based
on your username and hostname. Please check that they are accurate.
You can suppress this message by setting them explicitly:

    git config --global user.name "Your Name"
    git config --global user.email you@example.com

After doing this, you may fix the identity used for this commit with:

    git commit --amend --reset-author

 1 file changed, 17 insertions(+)
[0;32m✅ Commit automático creado exitosamente[0m
To https://github.com/anamanz7/anamanzanares.github.io.git
   259c0c5..3361040  main -> main
[2026-02-26 23:18:09] ✅ Push realizado exitosamente a GitHub
[2026-02-26 23:18:09] === Verificación completada ===
[2026-02-26 23:28:09] === Iniciando verificación automática ===
[2026-02-26 23:28:09] Cambios detectados, creando commit...
[main 2286758] Auto-commit: 1 modificado(s)
 Committer: Ana Manzanares <anamanzanares@MacBook-Pro-de-Ana.local>
Your name and email address were configured automatically based
on your username and hostname. Please check that they are accurate.
You can suppress this message by setting them explicitly:

    git config --global user.name "Your Name"
    git config --global user.email you@example.com

After doing this, you may fix the identity used for this commit with:

    git commit --amend --reset-author

 2 files changed, 25 insertions(+)
[2026-02-26 23:28:10] ✅ Commit creado exitosamente
[1;33m🔍 Verificando cambios pendientes...[0m
[1;33m📝 Cambios detectados. Creando commit automático...[0m
[main eb42001] Auto-commit: Actualización automática del portfolio
 Committer: Ana Manzanares <anamanzanares@MacBook-Pro-de-Ana.local>
Your name and email address were configured automatically based
on your username and hostname. Please check that they are accurate.
You can suppress this message by setting them explicitly:

    git config --global user.name "Your Name"
    git config --global user.email you@example.com

After doing this, you may fix the identity used for this commit with:

    git commit --amend --reset-author

 1 file changed, 17 insertions(+)
[0;32m✅ Commit automático creado exitosamente[0m
To https://github.com/anamanz7/anamanzanares.github.io.git
   57c3a2f..2286758  main -> main
[2026-02-26 23:28:12] ✅ Push realizado exitosamente a GitHub
[2026-02-26 23:28:12] === Verificación completada ===
[2026-02-26 23:38:12] === Iniciando verificación automática ===
[2026-02-26 23:38:12] Cambios detectados, creando commit...
[main f57eb33] Auto-commit: 1 modificado(s)
 Committer: Ana Manzanares <anamanzanares@MacBook-Pro-de-Ana.local>
Your name and email address were configured automatically based
on your username and hostname. Please check that they are accurate.
You can suppress this message by setting them explicitly:

    git config --global user.name "Your Name"
    git config --global user.email you@example.com

After doing this, you may fix the identity used for this commit with:

    git commit --amend --reset-author

 2 files changed, 25 insertions(+)
[2026-02-26 23:38:13] ✅ Commit creado exitosamente
[1;33m🔍 Verificando cambios pendientes...[0m
[1;33m📝 Cambios detectados. Creando commit automático...[0m
[main 7de68ae] Auto-commit: Actualización automática del portfolio
 Committer: Ana Manzanares <anamanzanares@MacBook-Pro-de-Ana.local>
Your name and email address were configured automatically based
on your username and hostname. Please check that they are accurate.
You can suppress this message by setting them explicitly:

    git config --global user.name "Your Name"
    git config --global user.email you@example.com

After doing this, you may fix the identity used for this commit with:

    git commit --amend --reset-author

 1 file changed, 17 insertions(+)
[0;32m✅ Commit automático creado exitosamente[0m
To https://github.com/anamanz7/anamanzanares.github.io.git
   eb42001..f57eb33  main -> main
[2026-02-26 23:38:14] ✅ Push realizado exitosamente a GitHub
[2026-02-26 23:38:14] === Verificación completada ===
[2026-02-26 23:48:14] === Iniciando verificación automática ===
[2026-02-26 23:48:14] Cambios detectados, creando commit...
[main 179807f] Auto-commit: 1 modificado(s)
 Committer: Ana Manzanares <anamanzanares@MacBook-Pro-de-Ana.local>
Your name and email address were configured automatically based
on your username and hostname. Please check that they are accurate.
You can suppress this message by setting them explicitly:

    git config --global user.name "Your Name"
    git config --global user.email you@example.com

After doing this, you may fix the identity used for this commit with:

    git commit --amend --reset-author

 2 files changed, 25 insertions(+)
[2026-02-26 23:48:15] ✅ Commit creado exitosamente
[1;33m🔍 Verificando cambios pendientes...[0m
[1;33m📝 Cambios detectados. Creando commit automático...[0m
[main e90e809] Auto-commit: Actualización automática del portfolio
 Committer: Ana Manzanares <anamanzanares@MacBook-Pro-de-Ana.local>
Your name and email address were configured automatically based
on your username and hostname. Please check that they are accurate.
You can suppress this message by setting them explicitly:

    git config --global user.name "Your Name"
    git config --global user.email you@example.com

After doing this, you may fix the identity used for this commit with:

    git commit --amend --reset-author

 1 file changed, 17 insertions(+)
[0;32m✅ Commit automático creado exitosamente[0m
To https://github.com/anamanz7/anamanzanares.github.io.git
   7de68ae..179807f  main -> main
[2026-02-26 23:48:17] ✅ Push realizado exitosamente a GitHub
[2026-02-26 23:48:17] === Verificación completada ===
[2026-02-26 23:58:17] === Iniciando verificación automática ===
[2026-02-26 23:58:17] Cambios detectados, creando commit...
[main c511061] Auto-commit: 1 modificado(s)
 Committer: Ana Manzanares <anamanzanares@MacBook-Pro-de-Ana.local>
Your name and email address were configured automatically based
on your username and hostname. Please check that they are accurate.
You can suppress this message by setting them explicitly:

    git config --global user.name "Your Name"
    git config --global user.email you@example.com

After doing this, you may fix the identity used for this commit with:

    git commit --amend --reset-author

 2 files changed, 25 insertions(+)
[2026-02-26 23:58:17] ✅ Commit creado exitosamente
[1;33m🔍 Verificando cambios pendientes...[0m
[1;33m📝 Cambios detectados. Creando commit automático...[0m
[main cdeb172] Auto-commit: Actualización automática del portfolio
 Committer: Ana Manzanares <anamanzanares@MacBook-Pro-de-Ana.local>
Your name and email address were configured automatically based
on your username and hostname. Please check that they are accurate.
You can suppress this message by setting them explicitly:

    git config --global user.name "Your Name"
    git config --global user.email you@example.com

After doing this, you may fix the identity used for this commit with:

    git commit --amend --reset-author

 1 file changed, 17 insertions(+)
[0;32m✅ Commit automático creado exitosamente[0m
To https://github.com/anamanz7/anamanzanares.github.io.git
   e90e809..c511061  main -> main
[2026-02-26 23:58:19] ✅ Push realizado exitosamente a GitHub
[2026-02-26 23:58:19] === Verificación completada ===
[2026-02-27 00:08:19] === Iniciando verificación automática ===
[2026-02-27 00:08:19] Cambios detectados, creando commit...
[main 7d7e560] Auto-commit: 1 modificado(s)
 Committer: Ana Manzanares <anamanzanares@MacBook-Pro-de-Ana.local>
Your name and email address were configured automatically based
on your username and hostname. Please check that they are accurate.
You can suppress this message by setting them explicitly:

    git config --global user.name "Your Name"
    git config --global user.email you@example.com

After doing this, you may fix the identity used for this commit with:

    git commit --amend --reset-author

 2 files changed, 25 insertions(+)
[2026-02-27 00:08:19] ✅ Commit creado exitosamente
[1;33m🔍 Verificando cambios pendientes...[0m
[1;33m📝 Cambios detectados. Creando commit automático...[0m
[main ea0b8cc] Auto-commit: Actualización automática del portfolio
 Committer: Ana Manzanares <anamanzanares@MacBook-Pro-de-Ana.local>
Your name and email address were configured automatically based
on your username and hostname. Please check that they are accurate.
You can suppress this message by setting them explicitly:

    git config --global user.name "Your Name"
    git config --global user.email you@example.com

After doing this, you may fix the identity used for this commit with:

    git commit --amend --reset-author

 1 file changed, 17 insertions(+)
[0;32m✅ Commit automático creado exitosamente[0m
To https://github.com/anamanz7/anamanzanares.github.io.git
   cdeb172..7d7e560  main -> main
[2026-02-27 00:08:22] ✅ Push realizado exitosamente a GitHub
[2026-02-27 00:08:22] === Verificación completada ===
[2026-02-27 00:18:22] === Iniciando verificación automática ===
[2026-02-27 00:18:22] Cambios detectados, creando commit...
[main 7ae41c1] Auto-commit: 1 modificado(s)
 Committer: Ana Manzanares <anamanzanares@MacBook-Pro-de-Ana.local>
Your name and email address were configured automatically based
on your username and hostname. Please check that they are accurate.
You can suppress this message by setting them explicitly:

    git config --global user.name "Your Name"
    git config --global user.email you@example.com

After doing this, you may fix the identity used for this commit with:

    git commit --amend --reset-author

 2 files changed, 25 insertions(+)
[2026-02-27 00:18:22] ✅ Commit creado exitosamente
[1;33m🔍 Verificando cambios pendientes...[0m
[1;33m📝 Cambios detectados. Creando commit automático...[0m
[main adc156d] Auto-commit: Actualización automática del portfolio
 Committer: Ana Manzanares <anamanzanares@MacBook-Pro-de-Ana.local>
Your name and email address were configured automatically based
on your username and hostname. Please check that they are accurate.
You can suppress this message by setting them explicitly:

    git config --global user.name "Your Name"
    git config --global user.email you@example.com

After doing this, you may fix the identity used for this commit with:

    git commit --amend --reset-author

 1 file changed, 17 insertions(+)
[0;32m✅ Commit automático creado exitosamente[0m
To https://github.com/anamanz7/anamanzanares.github.io.git
   ea0b8cc..7ae41c1  main -> main
[2026-02-27 00:18:24] ✅ Push realizado exitosamente a GitHub
[2026-02-27 00:18:24] === Verificación completada ===
[2026-02-27 00:28:24] === Iniciando verificación automática ===
[2026-02-27 00:28:24] Cambios detectados, creando commit...
[main dbc51a6] Auto-commit: 1 modificado(s)
 Committer: Ana Manzanares <anamanzanares@MacBook-Pro-de-Ana.local>
Your name and email address were configured automatically based
on your username and hostname. Please check that they are accurate.
You can suppress this message by setting them explicitly:

    git config --global user.name "Your Name"
    git config --global user.email you@example.com

After doing this, you may fix the identity used for this commit with:

    git commit --amend --reset-author

 2 files changed, 25 insertions(+)
[2026-02-27 00:28:25] ✅ Commit creado exitosamente
[1;33m🔍 Verificando cambios pendientes...[0m
[1;33m📝 Cambios detectados. Creando commit automático...[0m
[main d0552c7] Auto-commit: Actualización automática del portfolio
 Committer: Ana Manzanares <anamanzanares@MacBook-Pro-de-Ana.local>
Your name and email address were configured automatically based
on your username and hostname. Please check that they are accurate.
You can suppress this message by setting them explicitly:

    git config --global user.name "Your Name"
    git config --global user.email you@example.com

After doing this, you may fix the identity used for this commit with:

    git commit --amend --reset-author

 1 file changed, 17 insertions(+)
[0;32m✅ Commit automático creado exitosamente[0m
To https://github.com/anamanz7/anamanzanares.github.io.git
   adc156d..dbc51a6  main -> main
[2026-02-27 00:28:26] ✅ Push realizado exitosamente a GitHub
[2026-02-27 00:28:26] === Verificación completada ===
[2026-02-27 00:38:26] === Iniciando verificación automática ===
[2026-02-27 00:38:26] Cambios detectados, creando commit...
[main a12f0a2] Auto-commit: 1 modificado(s)
 Committer: Ana Manzanares <anamanzanares@MacBook-Pro-de-Ana.local>
Your name and email address were configured automatically based
on your username and hostname. Please check that they are accurate.
You can suppress this message by setting them explicitly:

    git config --global user.name "Your Name"
    git config --global user.email you@example.com

After doing this, you may fix the identity used for this commit with:

    git commit --amend --reset-author

 2 files changed, 25 insertions(+)
[2026-02-27 00:38:27] ✅ Commit creado exitosamente
[1;33m🔍 Verificando cambios pendientes...[0m
[1;33m📝 Cambios detectados. Creando commit automático...[0m
[main 1b14ea0] Auto-commit: Actualización automática del portfolio
 Committer: Ana Manzanares <anamanzanares@MacBook-Pro-de-Ana.local>
Your name and email address were configured automatically based
on your username and hostname. Please check that they are accurate.
You can suppress this message by setting them explicitly:

    git config --global user.name "Your Name"
    git config --global user.email you@example.com

After doing this, you may fix the identity used for this commit with:

    git commit --amend --reset-author

 1 file changed, 17 insertions(+)
[0;32m✅ Commit automático creado exitosamente[0m
To https://github.com/anamanz7/anamanzanares.github.io.git
   d0552c7..a12f0a2  main -> main
[2026-02-27 00:38:29] ✅ Push realizado exitosamente a GitHub
[2026-02-27 00:38:29] === Verificación completada ===
[2026-02-27 00:48:29] === Iniciando verificación automática ===
[2026-02-27 00:48:29] Cambios detectados, creando commit...
[main 1cd81ee] Auto-commit: 1 modificado(s)
 Committer: Ana Manzanares <anamanzanares@MacBook-Pro-de-Ana.local>
Your name and email address were configured automatically based
on your username and hostname. Please check that they are accurate.
You can suppress this message by setting them explicitly:

    git config --global user.name "Your Name"
    git config --global user.email you@example.com

After doing this, you may fix the identity used for this commit with:

    git commit --amend --reset-author

 2 files changed, 25 insertions(+)
[2026-02-27 00:48:29] ✅ Commit creado exitosamente
[1;33m🔍 Verificando cambios pendientes...[0m
[1;33m📝 Cambios detectados. Creando commit automático...[0m
[main 063ef33] Auto-commit: Actualización automática del portfolio
 Committer: Ana Manzanares <anamanzanares@MacBook-Pro-de-Ana.local>
Your name and email address were configured automatically based
on your username and hostname. Please check that they are accurate.
You can suppress this message by setting them explicitly:

    git config --global user.name "Your Name"
    git config --global user.email you@example.com

After doing this, you may fix the identity used for this commit with:

    git commit --amend --reset-author

 1 file changed, 17 insertions(+)
[0;32m✅ Commit automático creado exitosamente[0m
To https://github.com/anamanz7/anamanzanares.github.io.git
   1b14ea0..1cd81ee  main -> main
[2026-02-27 00:48:31] ✅ Push realizado exitosamente a GitHub
[2026-02-27 00:48:31] === Verificación completada ===
[2026-02-27 22:45:57] === Iniciando verificación automática ===
[2026-02-27 22:46:00] Cambios detectados, creando commit...
[main 1303303] Auto-commit: 1 modificado(s)
 Committer: Ana Manzanares <anamanzanares@MacBook-Pro-de-Ana.local>
Your name and email address were configured automatically based
on your username and hostname. Please check that they are accurate.
You can suppress this message by setting them explicitly:

    git config --global user.name "Your Name"
    git config --global user.email you@example.com

After doing this, you may fix the identity used for this commit with:

    git commit --amend --reset-author

 2 files changed, 25 insertions(+)
[2026-02-27 22:46:01] ✅ Commit creado exitosamente
[1;33m🔍 Verificando cambios pendientes...[0m
[1;33m📝 Cambios detectados. Creando commit automático...[0m
[main 9a99be1] Auto-commit: Actualización automática del portfolio
 Committer: Ana Manzanares <anamanzanares@MacBook-Pro-de-Ana.local>
Your name and email address were configured automatically based
on your username and hostname. Please check that they are accurate.
You can suppress this message by setting them explicitly:

    git config --global user.name "Your Name"
    git config --global user.email you@example.com

After doing this, you may fix the identity used for this commit with:

    git commit --amend --reset-author

 1 file changed, 17 insertions(+)
[0;32m✅ Commit automático creado exitosamente[0m
To https://github.com/anamanz7/anamanzanares.github.io.git
   063ef33..1303303  main -> main
[2026-02-27 22:46:05] ✅ Push realizado exitosamente a GitHub
[2026-02-27 22:46:05] === Verificación completada ===
[2026-02-27 22:56:05] === Iniciando verificación automática ===
[2026-02-27 22:56:05] Cambios detectados, creando commit...
[main d39e4cc] Auto-commit: 1 modificado(s)
 Committer: Ana Manzanares <anamanzanares@MacBook-Pro-de-Ana.local>
Your name and email address were configured automatically based
on your username and hostname. Please check that they are accurate.
You can suppress this message by setting them explicitly:

    git config --global user.name "Your Name"
    git config --global user.email you@example.com

After doing this, you may fix the identity used for this commit with:

    git commit --amend --reset-author

 2 files changed, 25 insertions(+)
[2026-02-27 22:56:05] ✅ Commit creado exitosamente
[1;33m🔍 Verificando cambios pendientes...[0m
[1;33m📝 Cambios detectados. Creando commit automático...[0m
[main 490006f] Auto-commit: Actualización automática del portfolio
 Committer: Ana Manzanares <anamanzanares@MacBook-Pro-de-Ana.local>
Your name and email address were configured automatically based
on your username and hostname. Please check that they are accurate.
You can suppress this message by setting them explicitly:

    git config --global user.name "Your Name"
    git config --global user.email you@example.com

After doing this, you may fix the identity used for this commit with:

    git commit --amend --reset-author

 1 file changed, 17 insertions(+)
[0;32m✅ Commit automático creado exitosamente[0m
To https://github.com/anamanz7/anamanzanares.github.io.git
   9a99be1..d39e4cc  main -> main
[2026-02-27 22:56:07] ✅ Push realizado exitosamente a GitHub
[2026-02-27 22:56:07] === Verificación completada ===
[2026-02-27 23:06:07] === Iniciando verificación automática ===
[2026-02-27 23:06:07] Cambios detectados, creando commit...
[main 441753d] Auto-commit: 1 modificado(s)
 Committer: Ana Manzanares <anamanzanares@MacBook-Pro-de-Ana.local>
Your name and email address were configured automatically based
on your username and hostname. Please check that they are accurate.
You can suppress this message by setting them explicitly:

    git config --global user.name "Your Name"
    git config --global user.email you@example.com

After doing this, you may fix the identity used for this commit with:

    git commit --amend --reset-author

 2 files changed, 25 insertions(+)
[2026-02-27 23:06:08] ✅ Commit creado exitosamente
[1;33m🔍 Verificando cambios pendientes...[0m
[1;33m📝 Cambios detectados. Creando commit automático...[0m
[main 54975d0] Auto-commit: Actualización automática del portfolio
 Committer: Ana Manzanares <anamanzanares@MacBook-Pro-de-Ana.local>
Your name and email address were configured automatically based
on your username and hostname. Please check that they are accurate.
You can suppress this message by setting them explicitly:

    git config --global user.name "Your Name"
    git config --global user.email you@example.com

After doing this, you may fix the identity used for this commit with:

    git commit --amend --reset-author

 1 file changed, 17 insertions(+)
[0;32m✅ Commit automático creado exitosamente[0m
To https://github.com/anamanz7/anamanzanares.github.io.git
   490006f..441753d  main -> main
[2026-02-27 23:06:11] ✅ Push realizado exitosamente a GitHub
[2026-02-27 23:06:11] === Verificación completada ===
[2026-02-27 23:16:11] === Iniciando verificación automática ===
[2026-02-27 23:16:11] Cambios detectados, creando commit...
[main 42ceca7] Auto-commit: 1 modificado(s)
 Committer: Ana Manzanares <anamanzanares@MacBook-Pro-de-Ana.local>
Your name and email address were configured automatically based
on your username and hostname. Please check that they are accurate.
You can suppress this message by setting them explicitly:

    git config --global user.name "Your Name"
    git config --global user.email you@example.com

After doing this, you may fix the identity used for this commit with:

    git commit --amend --reset-author

 2 files changed, 25 insertions(+)
[2026-02-27 23:16:11] ✅ Commit creado exitosamente
[1;33m🔍 Verificando cambios pendientes...[0m
[1;33m📝 Cambios detectados. Creando commit automático...[0m
[main b22f2ee] Auto-commit: Actualización automática del portfolio
 Committer: Ana Manzanares <anamanzanares@MacBook-Pro-de-Ana.local>
Your name and email address were configured automatically based
on your username and hostname. Please check that they are accurate.
You can suppress this message by setting them explicitly:

    git config --global user.name "Your Name"
    git config --global user.email you@example.com

After doing this, you may fix the identity used for this commit with:

    git commit --amend --reset-author

 1 file changed, 17 insertions(+)
[0;32m✅ Commit automático creado exitosamente[0m
To https://github.com/anamanz7/anamanzanares.github.io.git
   54975d0..42ceca7  main -> main
[2026-02-27 23:16:12] ✅ Push realizado exitosamente a GitHub
[2026-02-27 23:16:12] === Verificación completada ===
[2026-02-27 23:26:13] === Iniciando verificación automática ===
[2026-02-27 23:26:13] Cambios detectados, creando commit...
[main 22dc871] Auto-commit: 1 modificado(s)
 Committer: Ana Manzanares <anamanzanares@MacBook-Pro-de-Ana.local>
Your name and email address were configured automatically based
on your username and hostname. Please check that they are accurate.
You can suppress this message by setting them explicitly:

    git config --global user.name "Your Name"
    git config --global user.email you@example.com

After doing this, you may fix the identity used for this commit with:

    git commit --amend --reset-author

 2 files changed, 25 insertions(+)
[2026-02-27 23:26:13] ✅ Commit creado exitosamente
[1;33m🔍 Verificando cambios pendientes...[0m
[1;33m📝 Cambios detectados. Creando commit automático...[0m
[main c5edb5c] Auto-commit: Actualización automática del portfolio
 Committer: Ana Manzanares <anamanzanares@MacBook-Pro-de-Ana.local>
Your name and email address were configured automatically based
on your username and hostname. Please check that they are accurate.
You can suppress this message by setting them explicitly:

    git config --global user.name "Your Name"
    git config --global user.email you@example.com

After doing this, you may fix the identity used for this commit with:

    git commit --amend --reset-author

 1 file changed, 17 insertions(+)
[0;32m✅ Commit automático creado exitosamente[0m
To https://github.com/anamanz7/anamanzanares.github.io.git
   b22f2ee..22dc871  main -> main
[2026-02-27 23:26:14] ✅ Push realizado exitosamente a GitHub
[2026-02-27 23:26:14] === Verificación completada ===
[2026-02-27 23:36:14] === Iniciando verificación automática ===
[2026-02-27 23:36:14] Cambios detectados, creando commit...
[main e659a4a] Auto-commit: 1 modificado(s)
 Committer: Ana Manzanares <anamanzanares@MacBook-Pro-de-Ana.local>
Your name and email address were configured automatically based
on your username and hostname. Please check that they are accurate.
You can suppress this message by setting them explicitly:

    git config --global user.name "Your Name"
    git config --global user.email you@example.com

After doing this, you may fix the identity used for this commit with:

    git commit --amend --reset-author

 2 files changed, 25 insertions(+)
[2026-02-27 23:36:15] ✅ Commit creado exitosamente
[1;33m🔍 Verificando cambios pendientes...[0m
[1;33m📝 Cambios detectados. Creando commit automático...[0m
[main 7880a92] Auto-commit: Actualización automática del portfolio
 Committer: Ana Manzanares <anamanzanares@MacBook-Pro-de-Ana.local>
Your name and email address were configured automatically based
on your username and hostname. Please check that they are accurate.
You can suppress this message by setting them explicitly:

    git config --global user.name "Your Name"
    git config --global user.email you@example.com

After doing this, you may fix the identity used for this commit with:

    git commit --amend --reset-author

 1 file changed, 17 insertions(+)
[0;32m✅ Commit automático creado exitosamente[0m
To https://github.com/anamanz7/anamanzanares.github.io.git
   c5edb5c..e659a4a  main -> main
[2026-02-27 23:36:16] ✅ Push realizado exitosamente a GitHub
[2026-02-27 23:36:16] === Verificación completada ===
[2026-02-27 23:46:16] === Iniciando verificación automática ===
[2026-02-27 23:46:16] Cambios detectados, creando commit...
[main 5e77dc5] Auto-commit: 1 modificado(s)
 Committer: Ana Manzanares <anamanzanares@MacBook-Pro-de-Ana.local>
Your name and email address were configured automatically based
on your username and hostname. Please check that they are accurate.
You can suppress this message by setting them explicitly:

    git config --global user.name "Your Name"
    git config --global user.email you@example.com

After doing this, you may fix the identity used for this commit with:

    git commit --amend --reset-author

 2 files changed, 25 insertions(+)
[2026-02-27 23:46:17] ✅ Commit creado exitosamente
[1;33m🔍 Verificando cambios pendientes...[0m
[1;33m📝 Cambios detectados. Creando commit automático...[0m
[main 99777bd] Auto-commit: Actualización automática del portfolio
 Committer: Ana Manzanares <anamanzanares@MacBook-Pro-de-Ana.local>
Your name and email address were configured automatically based
on your username and hostname. Please check that they are accurate.
You can suppress this message by setting them explicitly:

    git config --global user.name "Your Name"
    git config --global user.email you@example.com

After doing this, you may fix the identity used for this commit with:

    git commit --amend --reset-author

 1 file changed, 17 insertions(+)
[0;32m✅ Commit automático creado exitosamente[0m
To https://github.com/anamanz7/anamanzanares.github.io.git
   7880a92..5e77dc5  main -> main
[2026-02-27 23:46:18] ✅ Push realizado exitosamente a GitHub
[2026-02-27 23:46:18] === Verificación completada ===
[2026-02-27 23:56:19] === Iniciando verificación automática ===
[2026-02-27 23:56:19] Cambios detectados, creando commit...
[main 93244d8] Auto-commit: 1 modificado(s)
 Committer: Ana Manzanares <anamanzanares@MacBook-Pro-de-Ana.local>
Your name and email address were configured automatically based
on your username and hostname. Please check that they are accurate.
You can suppress this message by setting them explicitly:

    git config --global user.name "Your Name"
    git config --global user.email you@example.com

After doing this, you may fix the identity used for this commit with:

    git commit --amend --reset-author

 2 files changed, 25 insertions(+)
[2026-02-27 23:56:19] ✅ Commit creado exitosamente
[1;33m🔍 Verificando cambios pendientes...[0m
[1;33m📝 Cambios detectados. Creando commit automático...[0m
[main 2d941a5] Auto-commit: Actualización automática del portfolio
 Committer: Ana Manzanares <anamanzanares@MacBook-Pro-de-Ana.local>
Your name and email address were configured automatically based
on your username and hostname. Please check that they are accurate.
You can suppress this message by setting them explicitly:

    git config --global user.name "Your Name"
    git config --global user.email you@example.com

After doing this, you may fix the identity used for this commit with:

    git commit --amend --reset-author

 1 file changed, 17 insertions(+)
[0;32m✅ Commit automático creado exitosamente[0m
To https://github.com/anamanz7/anamanzanares.github.io.git
   99777bd..93244d8  main -> main
[2026-02-27 23:56:21] ✅ Push realizado exitosamente a GitHub
[2026-02-27 23:56:21] === Verificación completada ===
[2026-02-28 00:06:21] === Iniciando verificación automática ===
[2026-02-28 00:06:21] Cambios detectados, creando commit...
[main 5c3bce7] Auto-commit: 1 modificado(s)
 Committer: Ana Manzanares <anamanzanares@MacBook-Pro-de-Ana.local>
Your name and email address were configured automatically based
on your username and hostname. Please check that they are accurate.
You can suppress this message by setting them explicitly:

    git config --global user.name "Your Name"
    git config --global user.email you@example.com

After doing this, you may fix the identity used for this commit with:

    git commit --amend --reset-author

 2 files changed, 25 insertions(+)
[2026-02-28 00:06:22] ✅ Commit creado exitosamente
[1;33m🔍 Verificando cambios pendientes...[0m
[1;33m📝 Cambios detectados. Creando commit automático...[0m
[main bbcbe28] Auto-commit: Actualización automática del portfolio
 Committer: Ana Manzanares <anamanzanares@MacBook-Pro-de-Ana.local>
Your name and email address were configured automatically based
on your username and hostname. Please check that they are accurate.
You can suppress this message by setting them explicitly:

    git config --global user.name "Your Name"
    git config --global user.email you@example.com

After doing this, you may fix the identity used for this commit with:

    git commit --amend --reset-author

 1 file changed, 17 insertions(+)
[0;32m✅ Commit automático creado exitosamente[0m
To https://github.com/anamanz7/anamanzanares.github.io.git
   2d941a5..5c3bce7  main -> main
[2026-02-28 00:06:24] ✅ Push realizado exitosamente a GitHub
[2026-02-28 00:06:24] === Verificación completada ===
[2026-02-28 00:16:24] === Iniciando verificación automática ===
[2026-02-28 00:16:25] Cambios detectados, creando commit...
[main 85083fd] Auto-commit: 1 modificado(s)
 Committer: Ana Manzanares <anamanzanares@MacBook-Pro-de-Ana.local>
Your name and email address were configured automatically based
on your username and hostname. Please check that they are accurate.
You can suppress this message by setting them explicitly:

    git config --global user.name "Your Name"
    git config --global user.email you@example.com

After doing this, you may fix the identity used for this commit with:

    git commit --amend --reset-author

 2 files changed, 25 insertions(+)
[2026-02-28 00:16:25] ✅ Commit creado exitosamente
[1;33m🔍 Verificando cambios pendientes...[0m
[1;33m📝 Cambios detectados. Creando commit automático...[0m
[main 7f158ea] Auto-commit: Actualización automática del portfolio
 Committer: Ana Manzanares <anamanzanares@MacBook-Pro-de-Ana.local>
Your name and email address were configured automatically based
on your username and hostname. Please check that they are accurate.
You can suppress this message by setting them explicitly:

    git config --global user.name "Your Name"
    git config --global user.email you@example.com

After doing this, you may fix the identity used for this commit with:

    git commit --amend --reset-author

 1 file changed, 17 insertions(+)
[0;32m✅ Commit automático creado exitosamente[0m
To https://github.com/anamanz7/anamanzanares.github.io.git
   bbcbe28..85083fd  main -> main
[2026-02-28 00:16:27] ✅ Push realizado exitosamente a GitHub
[2026-02-28 00:16:27] === Verificación completada ===
[2026-02-28 00:26:27] === Iniciando verificación automática ===
[2026-02-28 00:26:27] Cambios detectados, creando commit...
[main ddddf8b] Auto-commit: 1 modificado(s)
 Committer: Ana Manzanares <anamanzanares@MacBook-Pro-de-Ana.local>
Your name and email address were configured automatically based
on your username and hostname. Please check that they are accurate.
You can suppress this message by setting them explicitly:

    git config --global user.name "Your Name"
    git config --global user.email you@example.com

After doing this, you may fix the identity used for this commit with:

    git commit --amend --reset-author

 2 files changed, 25 insertions(+)
[2026-02-28 00:26:27] ✅ Commit creado exitosamente
[1;33m🔍 Verificando cambios pendientes...[0m
[1;33m📝 Cambios detectados. Creando commit automático...[0m
[main 861ebfe] Auto-commit: Actualización automática del portfolio
 Committer: Ana Manzanares <anamanzanares@MacBook-Pro-de-Ana.local>
Your name and email address were configured automatically based
on your username and hostname. Please check that they are accurate.
You can suppress this message by setting them explicitly:

    git config --global user.name "Your Name"
    git config --global user.email you@example.com

After doing this, you may fix the identity used for this commit with:

    git commit --amend --reset-author

 1 file changed, 17 insertions(+)
[0;32m✅ Commit automático creado exitosamente[0m
To https://github.com/anamanz7/anamanzanares.github.io.git
   7f158ea..ddddf8b  main -> main
[2026-02-28 00:26:30] ✅ Push realizado exitosamente a GitHub
[2026-02-28 00:26:30] === Verificación completada ===
[2026-02-28 23:09:30] === Iniciando verificación automática ===
[2026-02-28 23:09:33] Cambios detectados, creando commit...
[main 8be7630] Auto-commit: 1 modificado(s)
 Committer: Ana Manzanares <anamanzanares@MacBook-Pro-de-Ana.local>
Your name and email address were configured automatically based
on your username and hostname. Please check that they are accurate.
You can suppress this message by setting them explicitly:

    git config --global user.name "Your Name"
    git config --global user.email you@example.com

After doing this, you may fix the identity used for this commit with:

    git commit --amend --reset-author

 2 files changed, 25 insertions(+)
[2026-02-28 23:09:34] ✅ Commit creado exitosamente
[1;33m🔍 Verificando cambios pendientes...[0m
[1;33m📝 Cambios detectados. Creando commit automático...[0m
[main 2cecceb] Auto-commit: Actualización automática del portfolio
 Committer: Ana Manzanares <anamanzanares@MacBook-Pro-de-Ana.local>
Your name and email address were configured automatically based
on your username and hostname. Please check that they are accurate.
You can suppress this message by setting them explicitly:

    git config --global user.name "Your Name"
    git config --global user.email you@example.com

After doing this, you may fix the identity used for this commit with:

    git commit --amend --reset-author

 1 file changed, 17 insertions(+)
[0;32m✅ Commit automático creado exitosamente[0m
To https://github.com/anamanz7/anamanzanares.github.io.git
   861ebfe..8be7630  main -> main
[2026-02-28 23:09:39] ✅ Push realizado exitosamente a GitHub
[2026-02-28 23:09:39] === Verificación completada ===
[2026-02-28 23:19:39] === Iniciando verificación automática ===
[2026-02-28 23:19:39] Cambios detectados, creando commit...
[main 465d3c4] Auto-commit: 1 modificado(s)
 Committer: Ana Manzanares <anamanzanares@MacBook-Pro-de-Ana.local>
Your name and email address were configured automatically based
on your username and hostname. Please check that they are accurate.
You can suppress this message by setting them explicitly:

    git config --global user.name "Your Name"
    git config --global user.email you@example.com

After doing this, you may fix the identity used for this commit with:

    git commit --amend --reset-author

 2 files changed, 25 insertions(+)
[2026-02-28 23:19:40] ✅ Commit creado exitosamente
[1;33m🔍 Verificando cambios pendientes...[0m
[1;33m📝 Cambios detectados. Creando commit automático...[0m
[main 005b45f] Auto-commit: Actualización automática del portfolio
 Committer: Ana Manzanares <anamanzanares@MacBook-Pro-de-Ana.local>
Your name and email address were configured automatically based
on your username and hostname. Please check that they are accurate.
You can suppress this message by setting them explicitly:

    git config --global user.name "Your Name"
    git config --global user.email you@example.com

After doing this, you may fix the identity used for this commit with:

    git commit --amend --reset-author

 1 file changed, 17 insertions(+)
[0;32m✅ Commit automático creado exitosamente[0m
To https://github.com/anamanz7/anamanzanares.github.io.git
   2cecceb..465d3c4  main -> main
[2026-02-28 23:19:41] ✅ Push realizado exitosamente a GitHub
[2026-02-28 23:19:41] === Verificación completada ===
[2026-02-28 23:29:41] === Iniciando verificación automática ===
[2026-02-28 23:29:41] Cambios detectados, creando commit...
[main f91ddc4] Auto-commit: 1 modificado(s)
 Committer: Ana Manzanares <anamanzanares@MacBook-Pro-de-Ana.local>
Your name and email address were configured automatically based
on your username and hostname. Please check that they are accurate.
You can suppress this message by setting them explicitly:

    git config --global user.name "Your Name"
    git config --global user.email you@example.com

After doing this, you may fix the identity used for this commit with:

    git commit --amend --reset-author

 2 files changed, 25 insertions(+)
[2026-02-28 23:29:42] ✅ Commit creado exitosamente
[1;33m🔍 Verificando cambios pendientes...[0m
[1;33m📝 Cambios detectados. Creando commit automático...[0m
[main bfb6f8b] Auto-commit: Actualización automática del portfolio
 Committer: Ana Manzanares <anamanzanares@MacBook-Pro-de-Ana.local>
Your name and email address were configured automatically based
on your username and hostname. Please check that they are accurate.
You can suppress this message by setting them explicitly:

    git config --global user.name "Your Name"
    git config --global user.email you@example.com

After doing this, you may fix the identity used for this commit with:

    git commit --amend --reset-author

 1 file changed, 17 insertions(+)
[0;32m✅ Commit automático creado exitosamente[0m
To https://github.com/anamanz7/anamanzanares.github.io.git
   005b45f..f91ddc4  main -> main
[2026-02-28 23:29:45] ✅ Push realizado exitosamente a GitHub
[2026-02-28 23:29:45] === Verificación completada ===
[2026-02-28 23:39:45] === Iniciando verificación automática ===
[2026-02-28 23:39:45] Cambios detectados, creando commit...
[main 6878cc4] Auto-commit: 1 modificado(s)
 Committer: Ana Manzanares <anamanzanares@MacBook-Pro-de-Ana.local>
Your name and email address were configured automatically based
on your username and hostname. Please check that they are accurate.
You can suppress this message by setting them explicitly:

    git config --global user.name "Your Name"
    git config --global user.email you@example.com

After doing this, you may fix the identity used for this commit with:

    git commit --amend --reset-author

 2 files changed, 25 insertions(+)
[2026-02-28 23:39:45] ✅ Commit creado exitosamente
[1;33m🔍 Verificando cambios pendientes...[0m
[1;33m📝 Cambios detectados. Creando commit automático...[0m
[main 8e9f51e] Auto-commit: Actualización automática del portfolio
 Committer: Ana Manzanares <anamanzanares@MacBook-Pro-de-Ana.local>
Your name and email address were configured automatically based
on your username and hostname. Please check that they are accurate.
You can suppress this message by setting them explicitly:

    git config --global user.name "Your Name"
    git config --global user.email you@example.com

After doing this, you may fix the identity used for this commit with:

    git commit --amend --reset-author

 1 file changed, 17 insertions(+)
[0;32m✅ Commit automático creado exitosamente[0m
To https://github.com/anamanz7/anamanzanares.github.io.git
   bfb6f8b..6878cc4  main -> main
[2026-02-28 23:39:47] ✅ Push realizado exitosamente a GitHub
[2026-02-28 23:39:47] === Verificación completada ===
[2026-02-28 23:49:47] === Iniciando verificación automática ===
[2026-02-28 23:49:47] Cambios detectados, creando commit...
[main 14ff44c] Auto-commit: 1 modificado(s)
 Committer: Ana Manzanares <anamanzanares@MacBook-Pro-de-Ana.local>
Your name and email address were configured automatically based
on your username and hostname. Please check that they are accurate.
You can suppress this message by setting them explicitly:

    git config --global user.name "Your Name"
    git config --global user.email you@example.com

After doing this, you may fix the identity used for this commit with:

    git commit --amend --reset-author

 2 files changed, 25 insertions(+)
[2026-02-28 23:49:48] ✅ Commit creado exitosamente
[1;33m🔍 Verificando cambios pendientes...[0m
[1;33m📝 Cambios detectados. Creando commit automático...[0m
[main 58350fc] Auto-commit: Actualización automática del portfolio
 Committer: Ana Manzanares <anamanzanares@MacBook-Pro-de-Ana.local>
Your name and email address were configured automatically based
on your username and hostname. Please check that they are accurate.
You can suppress this message by setting them explicitly:

    git config --global user.name "Your Name"
    git config --global user.email you@example.com

After doing this, you may fix the identity used for this commit with:

    git commit --amend --reset-author

 1 file changed, 17 insertions(+)
[0;32m✅ Commit automático creado exitosamente[0m
To https://github.com/anamanz7/anamanzanares.github.io.git
   8e9f51e..14ff44c  main -> main
[2026-02-28 23:49:50] ✅ Push realizado exitosamente a GitHub
[2026-02-28 23:49:50] === Verificación completada ===
[2026-02-28 23:59:50] === Iniciando verificación automática ===
[2026-02-28 23:59:50] Cambios detectados, creando commit...
[main 59f6934] Auto-commit: 1 modificado(s)
 Committer: Ana Manzanares <anamanzanares@MacBook-Pro-de-Ana.local>
Your name and email address were configured automatically based
on your username and hostname. Please check that they are accurate.
You can suppress this message by setting them explicitly:

    git config --global user.name "Your Name"
    git config --global user.email you@example.com

After doing this, you may fix the identity used for this commit with:

    git commit --amend --reset-author

 2 files changed, 25 insertions(+)
[2026-02-28 23:59:50] ✅ Commit creado exitosamente
[1;33m🔍 Verificando cambios pendientes...[0m
[1;33m📝 Cambios detectados. Creando commit automático...[0m
[main 45db145] Auto-commit: Actualización automática del portfolio
 Committer: Ana Manzanares <anamanzanares@MacBook-Pro-de-Ana.local>
Your name and email address were configured automatically based
on your username and hostname. Please check that they are accurate.
You can suppress this message by setting them explicitly:

    git config --global user.name "Your Name"
    git config --global user.email you@example.com

After doing this, you may fix the identity used for this commit with:

    git commit --amend --reset-author

 1 file changed, 17 insertions(+)
[0;32m✅ Commit automático creado exitosamente[0m
To https://github.com/anamanz7/anamanzanares.github.io.git
   58350fc..59f6934  main -> main
[2026-02-28 23:59:53] ✅ Push realizado exitosamente a GitHub
[2026-02-28 23:59:53] === Verificación completada ===
[2026-03-01 00:09:53] === Iniciando verificación automática ===
[2026-03-01 00:09:53] Cambios detectados, creando commit...
[main a2c1f08] Auto-commit: 1 modificado(s)
 Committer: Ana Manzanares <anamanzanares@MacBook-Pro-de-Ana.local>
Your name and email address were configured automatically based
on your username and hostname. Please check that they are accurate.
You can suppress this message by setting them explicitly:

    git config --global user.name "Your Name"
    git config --global user.email you@example.com

After doing this, you may fix the identity used for this commit with:

    git commit --amend --reset-author

 2 files changed, 25 insertions(+)
[2026-03-01 00:09:53] ✅ Commit creado exitosamente
[1;33m🔍 Verificando cambios pendientes...[0m
[1;33m📝 Cambios detectados. Creando commit automático...[0m
[main eafff5b] Auto-commit: Actualización automática del portfolio
 Committer: Ana Manzanares <anamanzanares@MacBook-Pro-de-Ana.local>
Your name and email address were configured automatically based
on your username and hostname. Please check that they are accurate.
You can suppress this message by setting them explicitly:

    git config --global user.name "Your Name"
    git config --global user.email you@example.com

After doing this, you may fix the identity used for this commit with:

    git commit --amend --reset-author

 1 file changed, 17 insertions(+)
[0;32m✅ Commit automático creado exitosamente[0m
To https://github.com/anamanz7/anamanzanares.github.io.git
   45db145..a2c1f08  main -> main
[2026-03-01 00:09:55] ✅ Push realizado exitosamente a GitHub
[2026-03-01 00:09:55] === Verificación completada ===
[2026-03-01 00:19:55] === Iniciando verificación automática ===
[2026-03-01 00:19:56] Cambios detectados, creando commit...
[main 31eecef] Auto-commit: 1 modificado(s)
 Committer: Ana Manzanares <anamanzanares@MacBook-Pro-de-Ana.local>
Your name and email address were configured automatically based
on your username and hostname. Please check that they are accurate.
You can suppress this message by setting them explicitly:

    git config --global user.name "Your Name"
    git config --global user.email you@example.com

After doing this, you may fix the identity used for this commit with:

    git commit --amend --reset-author

 2 files changed, 25 insertions(+)
[2026-03-01 00:19:56] ✅ Commit creado exitosamente
[1;33m🔍 Verificando cambios pendientes...[0m
[1;33m📝 Cambios detectados. Creando commit automático...[0m
[main 9b44e17] Auto-commit: Actualización automática del portfolio
 Committer: Ana Manzanares <anamanzanares@MacBook-Pro-de-Ana.local>
Your name and email address were configured automatically based
on your username and hostname. Please check that they are accurate.
You can suppress this message by setting them explicitly:

    git config --global user.name "Your Name"
    git config --global user.email you@example.com

After doing this, you may fix the identity used for this commit with:

    git commit --amend --reset-author

 1 file changed, 17 insertions(+)
[0;32m✅ Commit automático creado exitosamente[0m
To https://github.com/anamanz7/anamanzanares.github.io.git
   eafff5b..31eecef  main -> main
[2026-03-01 00:19:57] ✅ Push realizado exitosamente a GitHub
[2026-03-01 00:19:57] === Verificación completada ===
[2026-03-01 00:29:57] === Iniciando verificación automática ===
[2026-03-01 00:29:57] Cambios detectados, creando commit...
[main 5ec0c1e] Auto-commit: 1 modificado(s)
 Committer: Ana Manzanares <anamanzanares@MacBook-Pro-de-Ana.local>
Your name and email address were configured automatically based
on your username and hostname. Please check that they are accurate.
You can suppress this message by setting them explicitly:

    git config --global user.name "Your Name"
    git config --global user.email you@example.com

After doing this, you may fix the identity used for this commit with:

    git commit --amend --reset-author

 2 files changed, 25 insertions(+)
[2026-03-01 00:29:58] ✅ Commit creado exitosamente
[1;33m🔍 Verificando cambios pendientes...[0m
[1;33m📝 Cambios detectados. Creando commit automático...[0m
[main 88db34c] Auto-commit: Actualización automática del portfolio
 Committer: Ana Manzanares <anamanzanares@MacBook-Pro-de-Ana.local>
Your name and email address were configured automatically based
on your username and hostname. Please check that they are accurate.
You can suppress this message by setting them explicitly:

    git config --global user.name "Your Name"
    git config --global user.email you@example.com

After doing this, you may fix the identity used for this commit with:

    git commit --amend --reset-author

 1 file changed, 17 insertions(+)
[0;32m✅ Commit automático creado exitosamente[0m
To https://github.com/anamanz7/anamanzanares.github.io.git
   9b44e17..5ec0c1e  main -> main
[2026-03-01 00:30:00] ✅ Push realizado exitosamente a GitHub
[2026-03-01 00:30:00] === Verificación completada ===
[2026-03-01 00:40:00] === Iniciando verificación automática ===
[2026-03-01 00:40:01] Cambios detectados, creando commit...
[main 56f39b7] Auto-commit: 1 modificado(s)
 Committer: Ana Manzanares <anamanzanares@MacBook-Pro-de-Ana.local>
Your name and email address were configured automatically based
on your username and hostname. Please check that they are accurate.
You can suppress this message by setting them explicitly:

    git config --global user.name "Your Name"
    git config --global user.email you@example.com

After doing this, you may fix the identity used for this commit with:

    git commit --amend --reset-author

 2 files changed, 25 insertions(+)
[2026-03-01 00:40:01] ✅ Commit creado exitosamente
[1;33m🔍 Verificando cambios pendientes...[0m
[1;33m📝 Cambios detectados. Creando commit automático...[0m
[main e6e74a2] Auto-commit: Actualización automática del portfolio
 Committer: Ana Manzanares <anamanzanares@MacBook-Pro-de-Ana.local>
Your name and email address were configured automatically based
on your username and hostname. Please check that they are accurate.
You can suppress this message by setting them explicitly:

    git config --global user.name "Your Name"
    git config --global user.email you@example.com

After doing this, you may fix the identity used for this commit with:

    git commit --amend --reset-author

 1 file changed, 17 insertions(+)
[0;32m✅ Commit automático creado exitosamente[0m
To https://github.com/anamanz7/anamanzanares.github.io.git
   88db34c..56f39b7  main -> main
[2026-03-01 00:40:04] ✅ Push realizado exitosamente a GitHub
[2026-03-01 00:40:04] === Verificación completada ===
[2026-03-01 00:50:04] === Iniciando verificación automática ===
[2026-03-01 00:50:04] Cambios detectados, creando commit...
[main 87c4159] Auto-commit: 1 modificado(s)
 Committer: Ana Manzanares <anamanzanares@MacBook-Pro-de-Ana.local>
Your name and email address were configured automatically based
on your username and hostname. Please check that they are accurate.
You can suppress this message by setting them explicitly:

    git config --global user.name "Your Name"
    git config --global user.email you@example.com

After doing this, you may fix the identity used for this commit with:

    git commit --amend --reset-author

 2 files changed, 25 insertions(+)
[2026-03-01 00:50:05] ✅ Commit creado exitosamente
[1;33m🔍 Verificando cambios pendientes...[0m
[1;33m📝 Cambios detectados. Creando commit automático...[0m
[main 1e97e04] Auto-commit: Actualización automática del portfolio
 Committer: Ana Manzanares <anamanzanares@MacBook-Pro-de-Ana.local>
Your name and email address were configured automatically based
on your username and hostname. Please check that they are accurate.
You can suppress this message by setting them explicitly:

    git config --global user.name "Your Name"
    git config --global user.email you@example.com

After doing this, you may fix the identity used for this commit with:

    git commit --amend --reset-author

 1 file changed, 17 insertions(+)
[0;32m✅ Commit automático creado exitosamente[0m
To https://github.com/anamanz7/anamanzanares.github.io.git
   e6e74a2..87c4159  main -> main
[2026-03-01 00:50:07] ✅ Push realizado exitosamente a GitHub
[2026-03-01 00:50:07] === Verificación completada ===
[2026-03-01 01:00:07] === Iniciando verificación automática ===
[2026-03-01 01:00:07] Cambios detectados, creando commit...
[main 68ddacd] Auto-commit: 1 modificado(s)
 Committer: Ana Manzanares <anamanzanares@MacBook-Pro-de-Ana.local>
Your name and email address were configured automatically based
on your username and hostname. Please check that they are accurate.
You can suppress this message by setting them explicitly:

    git config --global user.name "Your Name"
    git config --global user.email you@example.com

After doing this, you may fix the identity used for this commit with:

    git commit --amend --reset-author

 2 files changed, 25 insertions(+)
[2026-03-01 01:00:07] ✅ Commit creado exitosamente
[1;33m🔍 Verificando cambios pendientes...[0m
[1;33m📝 Cambios detectados. Creando commit automático...[0m
[main db7b7d1] Auto-commit: Actualización automática del portfolio
 Committer: Ana Manzanares <anamanzanares@MacBook-Pro-de-Ana.local>
Your name and email address were configured automatically based
on your username and hostname. Please check that they are accurate.
You can suppress this message by setting them explicitly:

    git config --global user.name "Your Name"
    git config --global user.email you@example.com

After doing this, you may fix the identity used for this commit with:

    git commit --amend --reset-author

 1 file changed, 17 insertions(+)
[0;32m✅ Commit automático creado exitosamente[0m
To https://github.com/anamanz7/anamanzanares.github.io.git
   1e97e04..68ddacd  main -> main
[2026-03-01 01:00:09] ✅ Push realizado exitosamente a GitHub
[2026-03-01 01:00:09] === Verificación completada ===
[2026-03-01 01:10:09] === Iniciando verificación automática ===
[2026-03-01 01:10:09] Cambios detectados, creando commit...
[main c7e699a] Auto-commit: 1 modificado(s)
 Committer: Ana Manzanares <anamanzanares@MacBook-Pro-de-Ana.local>
Your name and email address were configured automatically based
on your username and hostname. Please check that they are accurate.
You can suppress this message by setting them explicitly:

    git config --global user.name "Your Name"
    git config --global user.email you@example.com

After doing this, you may fix the identity used for this commit with:

    git commit --amend --reset-author

 2 files changed, 25 insertions(+)
[2026-03-01 01:10:09] ✅ Commit creado exitosamente
[1;33m🔍 Verificando cambios pendientes...[0m
[1;33m📝 Cambios detectados. Creando commit automático...[0m
[main f15c9c9] Auto-commit: Actualización automática del portfolio
 Committer: Ana Manzanares <anamanzanares@MacBook-Pro-de-Ana.local>
Your name and email address were configured automatically based
on your username and hostname. Please check that they are accurate.
You can suppress this message by setting them explicitly:

    git config --global user.name "Your Name"
    git config --global user.email you@example.com

After doing this, you may fix the identity used for this commit with:

    git commit --amend --reset-author

 1 file changed, 17 insertions(+)
[0;32m✅ Commit automático creado exitosamente[0m
To https://github.com/anamanz7/anamanzanares.github.io.git
   db7b7d1..c7e699a  main -> main
[2026-03-01 01:10:12] ✅ Push realizado exitosamente a GitHub
[2026-03-01 01:10:12] === Verificación completada ===
[2026-03-01 01:20:12] === Iniciando verificación automática ===
[2026-03-01 01:20:12] Cambios detectados, creando commit...
[main cca1dde] Auto-commit: 1 modificado(s)
 Committer: Ana Manzanares <anamanzanares@MacBook-Pro-de-Ana.local>
Your name and email address were configured automatically based
on your username and hostname. Please check that they are accurate.
You can suppress this message by setting them explicitly:

    git config --global user.name "Your Name"
    git config --global user.email you@example.com

After doing this, you may fix the identity used for this commit with:

    git commit --amend --reset-author

 2 files changed, 25 insertions(+)
[2026-03-01 01:20:12] ✅ Commit creado exitosamente
[1;33m🔍 Verificando cambios pendientes...[0m
[1;33m📝 Cambios detectados. Creando commit automático...[0m
[main 85abe34] Auto-commit: Actualización automática del portfolio
 Committer: Ana Manzanares <anamanzanares@MacBook-Pro-de-Ana.local>
Your name and email address were configured automatically based
on your username and hostname. Please check that they are accurate.
You can suppress this message by setting them explicitly:

    git config --global user.name "Your Name"
    git config --global user.email you@example.com

After doing this, you may fix the identity used for this commit with:

    git commit --amend --reset-author

 1 file changed, 17 insertions(+)
[0;32m✅ Commit automático creado exitosamente[0m
To https://github.com/anamanz7/anamanzanares.github.io.git
   f15c9c9..cca1dde  main -> main
[2026-03-01 01:20:14] ✅ Push realizado exitosamente a GitHub
[2026-03-01 01:20:14] === Verificación completada ===
[2026-03-01 01:30:14] === Iniciando verificación automática ===
[2026-03-01 01:30:14] Cambios detectados, creando commit...
[main 460bcc6] Auto-commit: 1 modificado(s)
 Committer: Ana Manzanares <anamanzanares@MacBook-Pro-de-Ana.local>
Your name and email address were configured automatically based
on your username and hostname. Please check that they are accurate.
You can suppress this message by setting them explicitly:

    git config --global user.name "Your Name"
    git config --global user.email you@example.com

After doing this, you may fix the identity used for this commit with:

    git commit --amend --reset-author

 2 files changed, 25 insertions(+)
[2026-03-01 01:30:14] ✅ Commit creado exitosamente
[1;33m🔍 Verificando cambios pendientes...[0m
[1;33m📝 Cambios detectados. Creando commit automático...[0m
[main ebee1ce] Auto-commit: Actualización automática del portfolio
 Committer: Ana Manzanares <anamanzanares@MacBook-Pro-de-Ana.local>
Your name and email address were configured automatically based
on your username and hostname. Please check that they are accurate.
You can suppress this message by setting them explicitly:

    git config --global user.name "Your Name"
    git config --global user.email you@example.com

After doing this, you may fix the identity used for this commit with:

    git commit --amend --reset-author

 1 file changed, 17 insertions(+)
[0;32m✅ Commit automático creado exitosamente[0m
To https://github.com/anamanz7/anamanzanares.github.io.git
   85abe34..460bcc6  main -> main
[2026-03-01 01:30:16] ✅ Push realizado exitosamente a GitHub
[2026-03-01 01:30:16] === Verificación completada ===
[2026-03-01 22:24:13] === Iniciando verificación automática ===
[2026-03-01 22:24:13] Cambios detectados, creando commit...
[main 45deb50] Auto-commit: 1 modificado(s)
 Committer: Ana Manzanares <anamanzanares@MacBook-Pro-de-Ana.local>
Your name and email address were configured automatically based
on your username and hostname. Please check that they are accurate.
You can suppress this message by setting them explicitly:

    git config --global user.name "Your Name"
    git config --global user.email you@example.com

After doing this, you may fix the identity used for this commit with:

    git commit --amend --reset-author

 2 files changed, 25 insertions(+)
[2026-03-01 22:24:14] ✅ Commit creado exitosamente
[1;33m🔍 Verificando cambios pendientes...[0m
[1;33m📝 Cambios detectados. Creando commit automático...[0m
[main fc5ac7a] Auto-commit: Actualización automática del portfolio
 Committer: Ana Manzanares <anamanzanares@MacBook-Pro-de-Ana.local>
Your name and email address were configured automatically based
on your username and hostname. Please check that they are accurate.
You can suppress this message by setting them explicitly:

    git config --global user.name "Your Name"
    git config --global user.email you@example.com

After doing this, you may fix the identity used for this commit with:

    git commit --amend --reset-author

 1 file changed, 17 insertions(+)
[0;32m✅ Commit automático creado exitosamente[0m
To https://github.com/anamanz7/anamanzanares.github.io.git
   ebee1ce..45deb50  main -> main
[2026-03-01 22:24:16] ✅ Push realizado exitosamente a GitHub
[2026-03-01 22:24:16] === Verificación completada ===
[2026-03-01 22:34:16] === Iniciando verificación automática ===
[2026-03-01 22:34:16] Cambios detectados, creando commit...
[main 389ba39] Auto-commit: 1 modificado(s)
 Committer: Ana Manzanares <anamanzanares@MacBook-Pro-de-Ana.local>
Your name and email address were configured automatically based
on your username and hostname. Please check that they are accurate.
You can suppress this message by setting them explicitly:

    git config --global user.name "Your Name"
    git config --global user.email you@example.com

After doing this, you may fix the identity used for this commit with:

    git commit --amend --reset-author

 2 files changed, 25 insertions(+)
[2026-03-01 22:34:16] ✅ Commit creado exitosamente
[1;33m🔍 Verificando cambios pendientes...[0m
[1;33m📝 Cambios detectados. Creando commit automático...[0m
[main 9b5a7c8] Auto-commit: Actualización automática del portfolio
 Committer: Ana Manzanares <anamanzanares@MacBook-Pro-de-Ana.local>
Your name and email address were configured automatically based
on your username and hostname. Please check that they are accurate.
You can suppress this message by setting them explicitly:

    git config --global user.name "Your Name"
    git config --global user.email you@example.com

After doing this, you may fix the identity used for this commit with:

    git commit --amend --reset-author

 1 file changed, 17 insertions(+)
[0;32m✅ Commit automático creado exitosamente[0m
To https://github.com/anamanz7/anamanzanares.github.io.git
   fc5ac7a..389ba39  main -> main
[2026-03-01 22:34:18] ✅ Push realizado exitosamente a GitHub
[2026-03-01 22:34:19] === Verificación completada ===
[2026-03-01 22:44:19] === Iniciando verificación automática ===
[2026-03-01 22:44:19] Cambios detectados, creando commit...
[main 6f6141b] Auto-commit: 1 modificado(s)
 Committer: Ana Manzanares <anamanzanares@MacBook-Pro-de-Ana.local>
Your name and email address were configured automatically based
on your username and hostname. Please check that they are accurate.
You can suppress this message by setting them explicitly:

    git config --global user.name "Your Name"
    git config --global user.email you@example.com

After doing this, you may fix the identity used for this commit with:

    git commit --amend --reset-author

 2 files changed, 25 insertions(+)
[2026-03-01 22:44:19] ✅ Commit creado exitosamente
[1;33m🔍 Verificando cambios pendientes...[0m
[1;33m📝 Cambios detectados. Creando commit automático...[0m
[main 6d25484] Auto-commit: Actualización automática del portfolio
 Committer: Ana Manzanares <anamanzanares@MacBook-Pro-de-Ana.local>
Your name and email address were configured automatically based
on your username and hostname. Please check that they are accurate.
You can suppress this message by setting them explicitly:

    git config --global user.name "Your Name"
    git config --global user.email you@example.com

After doing this, you may fix the identity used for this commit with:

    git commit --amend --reset-author

 1 file changed, 17 insertions(+)
[0;32m✅ Commit automático creado exitosamente[0m
To https://github.com/anamanz7/anamanzanares.github.io.git
   9b5a7c8..6f6141b  main -> main
[2026-03-01 22:44:21] ✅ Push realizado exitosamente a GitHub
[2026-03-01 22:44:21] === Verificación completada ===
[2026-03-01 22:54:21] === Iniciando verificación automática ===
[2026-03-01 22:54:21] Cambios detectados, creando commit...
[main b56f4a1] Auto-commit: 1 modificado(s)
 Committer: Ana Manzanares <anamanzanares@MacBook-Pro-de-Ana.local>
Your name and email address were configured automatically based
on your username and hostname. Please check that they are accurate.
You can suppress this message by setting them explicitly:

    git config --global user.name "Your Name"
    git config --global user.email you@example.com

After doing this, you may fix the identity used for this commit with:

    git commit --amend --reset-author

 2 files changed, 25 insertions(+)
[2026-03-01 22:54:21] ✅ Commit creado exitosamente
[1;33m🔍 Verificando cambios pendientes...[0m
[1;33m📝 Cambios detectados. Creando commit automático...[0m
[main 42afc8c] Auto-commit: Actualización automática del portfolio
 Committer: Ana Manzanares <anamanzanares@MacBook-Pro-de-Ana.local>
Your name and email address were configured automatically based
on your username and hostname. Please check that they are accurate.
You can suppress this message by setting them explicitly:

    git config --global user.name "Your Name"
    git config --global user.email you@example.com

After doing this, you may fix the identity used for this commit with:

    git commit --amend --reset-author

 1 file changed, 17 insertions(+)
[0;32m✅ Commit automático creado exitosamente[0m
To https://github.com/anamanz7/anamanzanares.github.io.git
   6d25484..b56f4a1  main -> main
[2026-03-01 22:54:24] ✅ Push realizado exitosamente a GitHub
[2026-03-01 22:54:24] === Verificación completada ===
[2026-03-01 23:04:24] === Iniciando verificación automática ===
[2026-03-01 23:04:24] Cambios detectados, creando commit...
[main b9b0254] Auto-commit: 1 modificado(s)
 Committer: Ana Manzanares <anamanzanares@MacBook-Pro-de-Ana.local>
Your name and email address were configured automatically based
on your username and hostname. Please check that they are accurate.
You can suppress this message by setting them explicitly:

    git config --global user.name "Your Name"
    git config --global user.email you@example.com

After doing this, you may fix the identity used for this commit with:

    git commit --amend --reset-author

 2 files changed, 25 insertions(+)
[2026-03-01 23:04:24] ✅ Commit creado exitosamente
[1;33m🔍 Verificando cambios pendientes...[0m
[1;33m📝 Cambios detectados. Creando commit automático...[0m
[main ff2e538] Auto-commit: Actualización automática del portfolio
 Committer: Ana Manzanares <anamanzanares@MacBook-Pro-de-Ana.local>
Your name and email address were configured automatically based
on your username and hostname. Please check that they are accurate.
You can suppress this message by setting them explicitly:

    git config --global user.name "Your Name"
    git config --global user.email you@example.com

After doing this, you may fix the identity used for this commit with:

    git commit --amend --reset-author

 1 file changed, 17 insertions(+)
[0;32m✅ Commit automático creado exitosamente[0m
To https://github.com/anamanz7/anamanzanares.github.io.git
   42afc8c..b9b0254  main -> main
[2026-03-01 23:04:27] ✅ Push realizado exitosamente a GitHub
[2026-03-01 23:04:27] === Verificación completada ===
[2026-03-01 23:14:27] === Iniciando verificación automática ===
[2026-03-01 23:14:27] Cambios detectados, creando commit...
[main fde0fe9] Auto-commit: 1 modificado(s)
 Committer: Ana Manzanares <anamanzanares@MacBook-Pro-de-Ana.local>
Your name and email address were configured automatically based
on your username and hostname. Please check that they are accurate.
You can suppress this message by setting them explicitly:

    git config --global user.name "Your Name"
    git config --global user.email you@example.com

After doing this, you may fix the identity used for this commit with:

    git commit --amend --reset-author

 2 files changed, 25 insertions(+)
[2026-03-01 23:14:28] ✅ Commit creado exitosamente
[1;33m🔍 Verificando cambios pendientes...[0m
[1;33m📝 Cambios detectados. Creando commit automático...[0m
[main 1e22bf5] Auto-commit: Actualización automática del portfolio
 Committer: Ana Manzanares <anamanzanares@MacBook-Pro-de-Ana.local>
Your name and email address were configured automatically based
on your username and hostname. Please check that they are accurate.
You can suppress this message by setting them explicitly:

    git config --global user.name "Your Name"
    git config --global user.email you@example.com

After doing this, you may fix the identity used for this commit with:

    git commit --amend --reset-author

 1 file changed, 17 insertions(+)
[0;32m✅ Commit automático creado exitosamente[0m
To https://github.com/anamanz7/anamanzanares.github.io.git
   ff2e538..fde0fe9  main -> main
[2026-03-01 23:14:30] ✅ Push realizado exitosamente a GitHub
[2026-03-01 23:14:30] === Verificación completada ===
[2026-03-01 23:24:30] === Iniciando verificación automática ===
[2026-03-01 23:24:30] Cambios detectados, creando commit...
[main 34f2369] Auto-commit: 1 modificado(s)
 Committer: Ana Manzanares <anamanzanares@MacBook-Pro-de-Ana.local>
Your name and email address were configured automatically based
on your username and hostname. Please check that they are accurate.
You can suppress this message by setting them explicitly:

    git config --global user.name "Your Name"
    git config --global user.email you@example.com

After doing this, you may fix the identity used for this commit with:

    git commit --amend --reset-author

 2 files changed, 25 insertions(+)
[2026-03-01 23:24:31] ✅ Commit creado exitosamente
[1;33m🔍 Verificando cambios pendientes...[0m
[1;33m📝 Cambios detectados. Creando commit automático...[0m
[main 310f1e2] Auto-commit: Actualización automática del portfolio
 Committer: Ana Manzanares <anamanzanares@MacBook-Pro-de-Ana.local>
Your name and email address were configured automatically based
on your username and hostname. Please check that they are accurate.
You can suppress this message by setting them explicitly:

    git config --global user.name "Your Name"
    git config --global user.email you@example.com

After doing this, you may fix the identity used for this commit with:

    git commit --amend --reset-author

 1 file changed, 17 insertions(+)
[0;32m✅ Commit automático creado exitosamente[0m
To https://github.com/anamanz7/anamanzanares.github.io.git
   1e22bf5..34f2369  main -> main
[2026-03-01 23:24:34] ✅ Push realizado exitosamente a GitHub
[2026-03-01 23:24:34] === Verificación completada ===
[2026-03-01 23:34:34] === Iniciando verificación automática ===
[2026-03-01 23:34:34] Cambios detectados, creando commit...
[main 4af3309] Auto-commit: 1 modificado(s)
 Committer: Ana Manzanares <anamanzanares@MacBook-Pro-de-Ana.local>
Your name and email address were configured automatically based
on your username and hostname. Please check that they are accurate.
You can suppress this message by setting them explicitly:

    git config --global user.name "Your Name"
    git config --global user.email you@example.com

After doing this, you may fix the identity used for this commit with:

    git commit --amend --reset-author

 2 files changed, 25 insertions(+)
[2026-03-01 23:34:34] ✅ Commit creado exitosamente
[1;33m🔍 Verificando cambios pendientes...[0m
[1;33m📝 Cambios detectados. Creando commit automático...[0m
[main 9ad4f7b] Auto-commit: Actualización automática del portfolio
 Committer: Ana Manzanares <anamanzanares@MacBook-Pro-de-Ana.local>
Your name and email address were configured automatically based
on your username and hostname. Please check that they are accurate.
You can suppress this message by setting them explicitly:

    git config --global user.name "Your Name"
    git config --global user.email you@example.com

After doing this, you may fix the identity used for this commit with:

    git commit --amend --reset-author

 1 file changed, 17 insertions(+)
[0;32m✅ Commit automático creado exitosamente[0m
To https://github.com/anamanz7/anamanzanares.github.io.git
   310f1e2..4af3309  main -> main
[2026-03-01 23:34:36] ✅ Push realizado exitosamente a GitHub
[2026-03-01 23:34:36] === Verificación completada ===
[2026-03-01 23:44:36] === Iniciando verificación automática ===
[2026-03-01 23:44:36] Cambios detectados, creando commit...
[main 0370416] Auto-commit: 1 modificado(s)
 Committer: Ana Manzanares <anamanzanares@MacBook-Pro-de-Ana.local>
Your name and email address were configured automatically based
on your username and hostname. Please check that they are accurate.
You can suppress this message by setting them explicitly:

    git config --global user.name "Your Name"
    git config --global user.email you@example.com

After doing this, you may fix the identity used for this commit with:

    git commit --amend --reset-author

 2 files changed, 25 insertions(+)
[2026-03-01 23:44:36] ✅ Commit creado exitosamente
[1;33m🔍 Verificando cambios pendientes...[0m
[1;33m📝 Cambios detectados. Creando commit automático...[0m
[main 208fe80] Auto-commit: Actualización automática del portfolio
 Committer: Ana Manzanares <anamanzanares@MacBook-Pro-de-Ana.local>
Your name and email address were configured automatically based
on your username and hostname. Please check that they are accurate.
You can suppress this message by setting them explicitly:

    git config --global user.name "Your Name"
    git config --global user.email you@example.com

After doing this, you may fix the identity used for this commit with:

    git commit --amend --reset-author

 1 file changed, 17 insertions(+)
[0;32m✅ Commit automático creado exitosamente[0m
To https://github.com/anamanz7/anamanzanares.github.io.git
   9ad4f7b..0370416  main -> main
[2026-03-01 23:44:38] ✅ Push realizado exitosamente a GitHub
[2026-03-01 23:44:38] === Verificación completada ===
[2026-03-02 15:58:27] === Iniciando verificación automática ===
[2026-03-02 15:58:31] Cambios detectados, creando commit...
[main 5a8185b] Auto-commit: 1 modificado(s)
 Committer: Ana Manzanares <anamanzanares@MacBook-Pro-de-Ana.local>
Your name and email address were configured automatically based
on your username and hostname. Please check that they are accurate.
You can suppress this message by setting them explicitly:

    git config --global user.name "Your Name"
    git config --global user.email you@example.com

After doing this, you may fix the identity used for this commit with:

    git commit --amend --reset-author

 2 files changed, 25 insertions(+)
[2026-03-02 15:58:33] ✅ Commit creado exitosamente
fatal: unable to access 'https://github.com/anamanz7/anamanzanares.github.io.git/': Could not resolve host: github.com
[2026-03-02 15:58:44] ❌ Error al hacer push
[2026-03-02 16:08:44] === Iniciando verificación automática ===
[2026-03-02 16:08:44] Cambios detectados, creando commit...
[main 6a303f9] Auto-commit: 1 modificado(s)
 Committer: Ana Manzanares <anamanzanares@MacBook-Pro-de-Ana.local>
Your name and email address were configured automatically based
on your username and hostname. Please check that they are accurate.
You can suppress this message by setting them explicitly:

    git config --global user.name "Your Name"
    git config --global user.email you@example.com

After doing this, you may fix the identity used for this commit with:

    git commit --amend --reset-author

 2 files changed, 23 insertions(+)
[2026-03-02 16:08:44] ✅ Commit creado exitosamente
[1;33m🔍 Verificando cambios pendientes...[0m
[1;33m📝 Cambios detectados. Creando commit automático...[0m
[main 409a2a9] Auto-commit: Actualización automática del portfolio
 Committer: Ana Manzanares <anamanzanares@MacBook-Pro-de-Ana.local>
Your name and email address were configured automatically based
on your username and hostname. Please check that they are accurate.
You can suppress this message by setting them explicitly:

    git config --global user.name "Your Name"
    git config --global user.email you@example.com

After doing this, you may fix the identity used for this commit with:

    git commit --amend --reset-author

 1 file changed, 17 insertions(+)
[0;32m✅ Commit automático creado exitosamente[0m
To https://github.com/anamanz7/anamanzanares.github.io.git
   208fe80..6a303f9  main -> main
[2026-03-02 16:08:47] ✅ Push realizado exitosamente a GitHub
[2026-03-02 16:08:47] === Verificación completada ===
[2026-03-02 16:18:47] === Iniciando verificación automática ===
[2026-03-02 16:18:47] Cambios detectados, creando commit...
[main b7c6611] Auto-commit: 1 modificado(s)
 Committer: Ana Manzanares <anamanzanares@MacBook-Pro-de-Ana.local>
Your name and email address were configured automatically based
on your username and hostname. Please check that they are accurate.
You can suppress this message by setting them explicitly:

    git config --global user.name "Your Name"
    git config --global user.email you@example.com

After doing this, you may fix the identity used for this commit with:

    git commit --amend --reset-author

 2 files changed, 25 insertions(+)
[2026-03-02 16:18:47] ✅ Commit creado exitosamente
[1;33m🔍 Verificando cambios pendientes...[0m
[1;33m📝 Cambios detectados. Creando commit automático...[0m
[main dfaaf14] Auto-commit: Actualización automática del portfolio
 Committer: Ana Manzanares <anamanzanares@MacBook-Pro-de-Ana.local>
Your name and email address were configured automatically based
on your username and hostname. Please check that they are accurate.
You can suppress this message by setting them explicitly:

    git config --global user.name "Your Name"
    git config --global user.email you@example.com

After doing this, you may fix the identity used for this commit with:

    git commit --amend --reset-author

 1 file changed, 17 insertions(+)
[0;32m✅ Commit automático creado exitosamente[0m
To https://github.com/anamanz7/anamanzanares.github.io.git
   409a2a9..b7c6611  main -> main
[2026-03-02 16:18:49] ✅ Push realizado exitosamente a GitHub
[2026-03-02 16:18:49] === Verificación completada ===
[2026-03-02 16:28:49] === Iniciando verificación automática ===
[2026-03-02 16:28:49] Cambios detectados, creando commit...
[main deb8f53] Auto-commit: 1 modificado(s)
 Committer: Ana Manzanares <anamanzanares@MacBook-Pro-de-Ana.local>
Your name and email address were configured automatically based
on your username and hostname. Please check that they are accurate.
You can suppress this message by setting them explicitly:

    git config --global user.name "Your Name"
    git config --global user.email you@example.com

After doing this, you may fix the identity used for this commit with:

    git commit --amend --reset-author

 2 files changed, 25 insertions(+)
[2026-03-02 16:28:49] ✅ Commit creado exitosamente
[1;33m🔍 Verificando cambios pendientes...[0m
[1;33m📝 Cambios detectados. Creando commit automático...[0m
[main fddd1cb] Auto-commit: Actualización automática del portfolio
 Committer: Ana Manzanares <anamanzanares@MacBook-Pro-de-Ana.local>
Your name and email address were configured automatically based
on your username and hostname. Please check that they are accurate.
You can suppress this message by setting them explicitly:

    git config --global user.name "Your Name"
    git config --global user.email you@example.com

After doing this, you may fix the identity used for this commit with:

    git commit --amend --reset-author

 1 file changed, 17 insertions(+)
[0;32m✅ Commit automático creado exitosamente[0m
To https://github.com/anamanz7/anamanzanares.github.io.git
   dfaaf14..deb8f53  main -> main
[2026-03-02 16:28:51] ✅ Push realizado exitosamente a GitHub
[2026-03-02 16:28:51] === Verificación completada ===
[2026-03-02 16:38:51] === Iniciando verificación automática ===
[2026-03-02 16:38:51] Cambios detectados, creando commit...
[main 83edd75] Auto-commit: 1 modificado(s)
 Committer: Ana Manzanares <anamanzanares@MacBook-Pro-de-Ana.local>
Your name and email address were configured automatically based
on your username and hostname. Please check that they are accurate.
You can suppress this message by setting them explicitly:

    git config --global user.name "Your Name"
    git config --global user.email you@example.com

After doing this, you may fix the identity used for this commit with:

    git commit --amend --reset-author

 2 files changed, 25 insertions(+)
[2026-03-02 16:38:51] ✅ Commit creado exitosamente
[1;33m🔍 Verificando cambios pendientes...[0m
[1;33m📝 Cambios detectados. Creando commit automático...[0m
[main 76f8445] Auto-commit: Actualización automática del portfolio
 Committer: Ana Manzanares <anamanzanares@MacBook-Pro-de-Ana.local>
Your name and email address were configured automatically based
on your username and hostname. Please check that they are accurate.
You can suppress this message by setting them explicitly:

    git config --global user.name "Your Name"
    git config --global user.email you@example.com

After doing this, you may fix the identity used for this commit with:

    git commit --amend --reset-author

 1 file changed, 17 insertions(+)
[0;32m✅ Commit automático creado exitosamente[0m
To https://github.com/anamanz7/anamanzanares.github.io.git
   fddd1cb..83edd75  main -> main
[2026-03-02 16:38:53] ✅ Push realizado exitosamente a GitHub
[2026-03-02 16:38:53] === Verificación completada ===
[2026-03-02 16:48:53] === Iniciando verificación automática ===
[2026-03-02 16:48:53] Cambios detectados, creando commit...
[main 7848d4a] Auto-commit: 1 modificado(s)
 Committer: Ana Manzanares <anamanzanares@MacBook-Pro-de-Ana.local>
Your name and email address were configured automatically based
on your username and hostname. Please check that they are accurate.
You can suppress this message by setting them explicitly:

    git config --global user.name "Your Name"
    git config --global user.email you@example.com

After doing this, you may fix the identity used for this commit with:

    git commit --amend --reset-author

 2 files changed, 25 insertions(+)
[2026-03-02 16:48:53] ✅ Commit creado exitosamente
[1;33m🔍 Verificando cambios pendientes...[0m
[1;33m📝 Cambios detectados. Creando commit automático...[0m
[main 685337e] Auto-commit: Actualización automática del portfolio
 Committer: Ana Manzanares <anamanzanares@MacBook-Pro-de-Ana.local>
Your name and email address were configured automatically based
on your username and hostname. Please check that they are accurate.
You can suppress this message by setting them explicitly:

    git config --global user.name "Your Name"
    git config --global user.email you@example.com

After doing this, you may fix the identity used for this commit with:

    git commit --amend --reset-author

 1 file changed, 17 insertions(+)
[0;32m✅ Commit automático creado exitosamente[0m
To https://github.com/anamanz7/anamanzanares.github.io.git
   76f8445..7848d4a  main -> main
[2026-03-02 16:48:55] ✅ Push realizado exitosamente a GitHub
[2026-03-02 16:48:55] === Verificación completada ===
[2026-03-02 16:58:55] === Iniciando verificación automática ===
[2026-03-02 16:58:55] Cambios detectados, creando commit...
[main 50f0252] Auto-commit: 3 modificado(s)
 Committer: Ana Manzanares <anamanzanares@MacBook-Pro-de-Ana.local>
Your name and email address were configured automatically based
on your username and hostname. Please check that they are accurate.
You can suppress this message by setting them explicitly:

    git config --global user.name "Your Name"
    git config --global user.email you@example.com

After doing this, you may fix the identity used for this commit with:

    git commit --amend --reset-author

 4 files changed, 205 insertions(+), 1 deletion(-)
[2026-03-02 16:58:55] ✅ Commit creado exitosamente
[1;33m🔍 Verificando cambios pendientes...[0m
[1;33m📝 Cambios detectados. Creando commit automático...[0m
[main 11b5fc2] Auto-commit: Actualización automática del portfolio
 Committer: Ana Manzanares <anamanzanares@MacBook-Pro-de-Ana.local>
Your name and email address were configured automatically based
on your username and hostname. Please check that they are accurate.
You can suppress this message by setting them explicitly:

    git config --global user.name "Your Name"
    git config --global user.email you@example.com

After doing this, you may fix the identity used for this commit with:

    git commit --amend --reset-author

 1 file changed, 17 insertions(+)
[0;32m✅ Commit automático creado exitosamente[0m
To https://github.com/anamanz7/anamanzanares.github.io.git
   685337e..50f0252  main -> main
[2026-03-02 16:58:57] ✅ Push realizado exitosamente a GitHub
[2026-03-02 16:58:57] === Verificación completada ===
[2026-03-02 17:08:57] === Iniciando verificación automática ===
[2026-03-02 17:08:57] Cambios detectados, creando commit...
[main 6138794] Auto-commit: 3 modificado(s), 1 nuevo(s)
 Committer: Ana Manzanares <anamanzanares@MacBook-Pro-de-Ana.local>
Your name and email address were configured automatically based
on your username and hostname. Please check that they are accurate.
You can suppress this message by setting them explicitly:

    git config --global user.name "Your Name"
    git config --global user.email you@example.com

After doing this, you may fix the identity used for this commit with:

    git commit --amend --reset-author

 5 files changed, 400 insertions(+), 190 deletions(-)
 create mode 100644 PORTFOLIO/CLAUDE.md
[2026-03-02 17:08:57] ✅ Commit creado exitosamente
[1;33m🔍 Verificando cambios pendientes...[0m
[1;33m📝 Cambios detectados. Creando commit automático...[0m
[main ff96c43] Auto-commit: Actualización automática del portfolio
 Committer: Ana Manzanares <anamanzanares@MacBook-Pro-de-Ana.local>
Your name and email address were configured automatically based
on your username and hostname. Please check that they are accurate.
You can suppress this message by setting them explicitly:

    git config --global user.name "Your Name"
    git config --global user.email you@example.com

After doing this, you may fix the identity used for this commit with:

    git commit --amend --reset-author

 1 file changed, 18 insertions(+)
[0;32m✅ Commit automático creado exitosamente[0m
To https://github.com/anamanz7/anamanzanares.github.io.git
   11b5fc2..6138794  main -> main
[2026-03-02 17:08:59] ✅ Push realizado exitosamente a GitHub
[2026-03-02 17:08:59] === Verificación completada ===
[2026-03-02 17:18:59] === Iniciando verificación automática ===
[2026-03-02 17:18:59] Cambios detectados, creando commit...
[main 695e639] Auto-commit: 1 modificado(s)
 Committer: Ana Manzanares <anamanzanares@MacBook-Pro-de-Ana.local>
Your name and email address were configured automatically based
on your username and hostname. Please check that they are accurate.
You can suppress this message by setting them explicitly:

    git config --global user.name "Your Name"
    git config --global user.email you@example.com

After doing this, you may fix the identity used for this commit with:

    git commit --amend --reset-author

 2 files changed, 25 insertions(+)
[2026-03-02 17:19:00] ✅ Commit creado exitosamente
[1;33m🔍 Verificando cambios pendientes...[0m
[1;33m📝 Cambios detectados. Creando commit automático...[0m
[main a1868f0] Auto-commit: Actualización automática del portfolio
 Committer: Ana Manzanares <anamanzanares@MacBook-Pro-de-Ana.local>
Your name and email address were configured automatically based
on your username and hostname. Please check that they are accurate.
You can suppress this message by setting them explicitly:

    git config --global user.name "Your Name"
    git config --global user.email you@example.com

After doing this, you may fix the identity used for this commit with:

    git commit --amend --reset-author

 1 file changed, 17 insertions(+)
[0;32m✅ Commit automático creado exitosamente[0m
To https://github.com/anamanz7/anamanzanares.github.io.git
   ff96c43..695e639  main -> main
[2026-03-02 17:19:02] ✅ Push realizado exitosamente a GitHub
[2026-03-02 17:19:02] === Verificación completada ===
[2026-03-02 17:29:02] === Iniciando verificación automática ===
[2026-03-02 17:29:02] Cambios detectados, creando commit...
[main 8c2c35d] Auto-commit: 1 modificado(s)
 Committer: Ana Manzanares <anamanzanares@MacBook-Pro-de-Ana.local>
Your name and email address were configured automatically based
on your username and hostname. Please check that they are accurate.
You can suppress this message by setting them explicitly:

    git config --global user.name "Your Name"
    git config --global user.email you@example.com

After doing this, you may fix the identity used for this commit with:

    git commit --amend --reset-author

 2 files changed, 25 insertions(+)
[2026-03-02 17:29:02] ✅ Commit creado exitosamente
[1;33m🔍 Verificando cambios pendientes...[0m
[1;33m📝 Cambios detectados. Creando commit automático...[0m
[main 0c2aa31] Auto-commit: Actualización automática del portfolio
 Committer: Ana Manzanares <anamanzanares@MacBook-Pro-de-Ana.local>
Your name and email address were configured automatically based
on your username and hostname. Please check that they are accurate.
You can suppress this message by setting them explicitly:

    git config --global user.name "Your Name"
    git config --global user.email you@example.com

After doing this, you may fix the identity used for this commit with:

    git commit --amend --reset-author

 1 file changed, 17 insertions(+)
[0;32m✅ Commit automático creado exitosamente[0m
To https://github.com/anamanz7/anamanzanares.github.io.git
   a1868f0..8c2c35d  main -> main
[2026-03-02 17:29:04] ✅ Push realizado exitosamente a GitHub
[2026-03-02 17:29:04] === Verificación completada ===
[2026-03-02 17:39:04] === Iniciando verificación automática ===
[2026-03-02 17:39:04] Cambios detectados, creando commit...
[main c4fc63e] Auto-commit: 1 modificado(s)
 Committer: Ana Manzanares <anamanzanares@MacBook-Pro-de-Ana.local>
Your name and email address were configured automatically based
on your username and hostname. Please check that they are accurate.
You can suppress this message by setting them explicitly:

    git config --global user.name "Your Name"
    git config --global user.email you@example.com

After doing this, you may fix the identity used for this commit with:

    git commit --amend --reset-author

 2 files changed, 25 insertions(+)
[2026-03-02 17:39:04] ✅ Commit creado exitosamente
[1;33m🔍 Verificando cambios pendientes...[0m
[1;33m📝 Cambios detectados. Creando commit automático...[0m
[main a9de547] Auto-commit: Actualización automática del portfolio
 Committer: Ana Manzanares <anamanzanares@MacBook-Pro-de-Ana.local>
Your name and email address were configured automatically based
on your username and hostname. Please check that they are accurate.
You can suppress this message by setting them explicitly:

    git config --global user.name "Your Name"
    git config --global user.email you@example.com

After doing this, you may fix the identity used for this commit with:

    git commit --amend --reset-author

 1 file changed, 17 insertions(+)
[0;32m✅ Commit automático creado exitosamente[0m
To https://github.com/anamanz7/anamanzanares.github.io.git
   0c2aa31..c4fc63e  main -> main
[2026-03-02 17:39:06] ✅ Push realizado exitosamente a GitHub
[2026-03-02 17:39:06] === Verificación completada ===
[2026-03-02 17:49:06] === Iniciando verificación automática ===
[2026-03-02 17:49:06] Cambios detectados, creando commit...
[main 6730226] Auto-commit: 1 modificado(s)
 Committer: Ana Manzanares <anamanzanares@MacBook-Pro-de-Ana.local>
Your name and email address were configured automatically based
on your username and hostname. Please check that they are accurate.
You can suppress this message by setting them explicitly:

    git config --global user.name "Your Name"
    git config --global user.email you@example.com

After doing this, you may fix the identity used for this commit with:

    git commit --amend --reset-author

 2 files changed, 25 insertions(+)
[2026-03-02 17:49:06] ✅ Commit creado exitosamente
[1;33m🔍 Verificando cambios pendientes...[0m
[1;33m📝 Cambios detectados. Creando commit automático...[0m
[main 832f103] Auto-commit: Actualización automática del portfolio
 Committer: Ana Manzanares <anamanzanares@MacBook-Pro-de-Ana.local>
Your name and email address were configured automatically based
on your username and hostname. Please check that they are accurate.
You can suppress this message by setting them explicitly:

    git config --global user.name "Your Name"
    git config --global user.email you@example.com

After doing this, you may fix the identity used for this commit with:

    git commit --amend --reset-author

 1 file changed, 17 insertions(+)
[0;32m✅ Commit automático creado exitosamente[0m
To https://github.com/anamanz7/anamanzanares.github.io.git
   a9de547..6730226  main -> main
[2026-03-02 17:49:08] ✅ Push realizado exitosamente a GitHub
[2026-03-02 17:49:08] === Verificación completada ===
[2026-03-02 17:59:08] === Iniciando verificación automática ===
[2026-03-02 17:59:08] Cambios detectados, creando commit...
[main 27ac3ec] Auto-commit: 1 modificado(s)
 Committer: Ana Manzanares <anamanzanares@MacBook-Pro-de-Ana.local>
Your name and email address were configured automatically based
on your username and hostname. Please check that they are accurate.
You can suppress this message by setting them explicitly:

    git config --global user.name "Your Name"
    git config --global user.email you@example.com

After doing this, you may fix the identity used for this commit with:

    git commit --amend --reset-author

 2 files changed, 25 insertions(+)
[2026-03-02 17:59:08] ✅ Commit creado exitosamente
[1;33m🔍 Verificando cambios pendientes...[0m
[1;33m📝 Cambios detectados. Creando commit automático...[0m
[main 9d04b86] Auto-commit: Actualización automática del portfolio
 Committer: Ana Manzanares <anamanzanares@MacBook-Pro-de-Ana.local>
Your name and email address were configured automatically based
on your username and hostname. Please check that they are accurate.
You can suppress this message by setting them explicitly:

    git config --global user.name "Your Name"
    git config --global user.email you@example.com

After doing this, you may fix the identity used for this commit with:

    git commit --amend --reset-author

 1 file changed, 17 insertions(+)
[0;32m✅ Commit automático creado exitosamente[0m
To https://github.com/anamanz7/anamanzanares.github.io.git
   832f103..27ac3ec  main -> main
[2026-03-02 17:59:10] ✅ Push realizado exitosamente a GitHub
[2026-03-02 17:59:10] === Verificación completada ===
[2026-03-02 18:09:10] === Iniciando verificación automática ===
[2026-03-02 18:09:10] Cambios detectados, creando commit...
[main 52036be] Auto-commit: 1 modificado(s)
 Committer: Ana Manzanares <anamanzanares@MacBook-Pro-de-Ana.local>
Your name and email address were configured automatically based
on your username and hostname. Please check that they are accurate.
You can suppress this message by setting them explicitly:

    git config --global user.name "Your Name"
    git config --global user.email you@example.com

After doing this, you may fix the identity used for this commit with:

    git commit --amend --reset-author

 2 files changed, 25 insertions(+)
[2026-03-02 18:09:10] ✅ Commit creado exitosamente
[1;33m🔍 Verificando cambios pendientes...[0m
[1;33m📝 Cambios detectados. Creando commit automático...[0m
[main 66fc7ec] Auto-commit: Actualización automática del portfolio
 Committer: Ana Manzanares <anamanzanares@MacBook-Pro-de-Ana.local>
Your name and email address were configured automatically based
on your username and hostname. Please check that they are accurate.
You can suppress this message by setting them explicitly:

    git config --global user.name "Your Name"
    git config --global user.email you@example.com

After doing this, you may fix the identity used for this commit with:

    git commit --amend --reset-author

 1 file changed, 17 insertions(+)
[0;32m✅ Commit automático creado exitosamente[0m
To https://github.com/anamanz7/anamanzanares.github.io.git
   9d04b86..52036be  main -> main
[2026-03-02 18:09:12] ✅ Push realizado exitosamente a GitHub
[2026-03-02 18:09:12] === Verificación completada ===
[2026-03-02 18:19:12] === Iniciando verificación automática ===
[2026-03-02 18:19:12] Cambios detectados, creando commit...
[main 36591c5] Auto-commit: 1 modificado(s)
 Committer: Ana Manzanares <anamanzanares@MacBook-Pro-de-Ana.local>
Your name and email address were configured automatically based
on your username and hostname. Please check that they are accurate.
You can suppress this message by setting them explicitly:

    git config --global user.name "Your Name"
    git config --global user.email you@example.com

After doing this, you may fix the identity used for this commit with:

    git commit --amend --reset-author

 2 files changed, 25 insertions(+)
[2026-03-02 18:19:12] ✅ Commit creado exitosamente
[1;33m🔍 Verificando cambios pendientes...[0m
[1;33m📝 Cambios detectados. Creando commit automático...[0m
[main b848ad6] Auto-commit: Actualización automática del portfolio
 Committer: Ana Manzanares <anamanzanares@MacBook-Pro-de-Ana.local>
Your name and email address were configured automatically based
on your username and hostname. Please check that they are accurate.
You can suppress this message by setting them explicitly:

    git config --global user.name "Your Name"
    git config --global user.email you@example.com

After doing this, you may fix the identity used for this commit with:

    git commit --amend --reset-author

 1 file changed, 17 insertions(+)
[0;32m✅ Commit automático creado exitosamente[0m
To https://github.com/anamanz7/anamanzanares.github.io.git
   66fc7ec..36591c5  main -> main
[2026-03-02 18:19:13] ✅ Push realizado exitosamente a GitHub
[2026-03-02 18:19:13] === Verificación completada ===
[2026-03-02 18:29:13] === Iniciando verificación automática ===
[2026-03-02 18:29:13] Cambios detectados, creando commit...
[main 58d296d] Auto-commit: 1 modificado(s)
 Committer: Ana Manzanares <anamanzanares@MacBook-Pro-de-Ana.local>
Your name and email address were configured automatically based
on your username and hostname. Please check that they are accurate.
You can suppress this message by setting them explicitly:

    git config --global user.name "Your Name"
    git config --global user.email you@example.com

After doing this, you may fix the identity used for this commit with:

    git commit --amend --reset-author

 2 files changed, 25 insertions(+)
[2026-03-02 18:29:14] ✅ Commit creado exitosamente
[1;33m🔍 Verificando cambios pendientes...[0m
[1;33m📝 Cambios detectados. Creando commit automático...[0m
[main 45de175] Auto-commit: Actualización automática del portfolio
 Committer: Ana Manzanares <anamanzanares@MacBook-Pro-de-Ana.local>
Your name and email address were configured automatically based
on your username and hostname. Please check that they are accurate.
You can suppress this message by setting them explicitly:

    git config --global user.name "Your Name"
    git config --global user.email you@example.com

After doing this, you may fix the identity used for this commit with:

    git commit --amend --reset-author

 1 file changed, 17 insertions(+)
[0;32m✅ Commit automático creado exitosamente[0m
To https://github.com/anamanz7/anamanzanares.github.io.git
   b848ad6..58d296d  main -> main
[2026-03-02 18:29:15] ✅ Push realizado exitosamente a GitHub
[2026-03-02 18:29:15] === Verificación completada ===
[2026-03-02 18:39:15] === Iniciando verificación automática ===
[2026-03-02 18:39:15] Cambios detectados, creando commit...
[main 2a30999] Auto-commit: 1 modificado(s)
 Committer: Ana Manzanares <anamanzanares@MacBook-Pro-de-Ana.local>
Your name and email address were configured automatically based
on your username and hostname. Please check that they are accurate.
You can suppress this message by setting them explicitly:

    git config --global user.name "Your Name"
    git config --global user.email you@example.com

After doing this, you may fix the identity used for this commit with:

    git commit --amend --reset-author

 2 files changed, 25 insertions(+)
[2026-03-02 18:39:16] ✅ Commit creado exitosamente
[1;33m🔍 Verificando cambios pendientes...[0m
[1;33m📝 Cambios detectados. Creando commit automático...[0m
[main f6d01bb] Auto-commit: Actualización automática del portfolio
 Committer: Ana Manzanares <anamanzanares@MacBook-Pro-de-Ana.local>
Your name and email address were configured automatically based
on your username and hostname. Please check that they are accurate.
You can suppress this message by setting them explicitly:

    git config --global user.name "Your Name"
    git config --global user.email you@example.com

After doing this, you may fix the identity used for this commit with:

    git commit --amend --reset-author

 1 file changed, 17 insertions(+)
[0;32m✅ Commit automático creado exitosamente[0m
To https://github.com/anamanz7/anamanzanares.github.io.git
   45de175..2a30999  main -> main
[2026-03-02 18:39:17] ✅ Push realizado exitosamente a GitHub
[2026-03-02 18:39:17] === Verificación completada ===
[2026-03-02 19:16:45] === Iniciando verificación automática ===
[2026-03-02 19:16:45] Cambios detectados, creando commit...
[main 6bb5f3f] Auto-commit: 1 modificado(s)
 Committer: Ana Manzanares <anamanzanares@MacBook-Pro-de-Ana.local>
Your name and email address were configured automatically based
on your username and hostname. Please check that they are accurate.
You can suppress this message by setting them explicitly:

    git config --global user.name "Your Name"
    git config --global user.email you@example.com

After doing this, you may fix the identity used for this commit with:

    git commit --amend --reset-author

 2 files changed, 25 insertions(+)
[2026-03-02 19:16:45] ✅ Commit creado exitosamente
[1;33m🔍 Verificando cambios pendientes...[0m
[1;33m📝 Cambios detectados. Creando commit automático...[0m
[main d4ac50b] Auto-commit: Actualización automática del portfolio
 Committer: Ana Manzanares <anamanzanares@MacBook-Pro-de-Ana.local>
Your name and email address were configured automatically based
on your username and hostname. Please check that they are accurate.
You can suppress this message by setting them explicitly:

    git config --global user.name "Your Name"
    git config --global user.email you@example.com

After doing this, you may fix the identity used for this commit with:

    git commit --amend --reset-author

 1 file changed, 17 insertions(+)
[0;32m✅ Commit automático creado exitosamente[0m
To https://github.com/anamanz7/anamanzanares.github.io.git
   f6d01bb..6bb5f3f  main -> main
[2026-03-02 19:16:47] ✅ Push realizado exitosamente a GitHub
[2026-03-02 19:16:47] === Verificación completada ===
[2026-03-02 19:59:37] === Iniciando verificación automática ===
[2026-03-02 19:59:37] Cambios detectados, creando commit...
[main 86135a6] Auto-commit: 1 modificado(s)
 Committer: Ana Manzanares <anamanzanares@MacBook-Pro-de-Ana.local>
Your name and email address were configured automatically based
on your username and hostname. Please check that they are accurate.
You can suppress this message by setting them explicitly:

    git config --global user.name "Your Name"
    git config --global user.email you@example.com

After doing this, you may fix the identity used for this commit with:

    git commit --amend --reset-author

 2 files changed, 25 insertions(+)
[2026-03-02 19:59:37] ✅ Commit creado exitosamente
[1;33m🔍 Verificando cambios pendientes...[0m
[1;33m📝 Cambios detectados. Creando commit automático...[0m
[main 5ff499a] Auto-commit: Actualización automática del portfolio
 Committer: Ana Manzanares <anamanzanares@MacBook-Pro-de-Ana.local>
Your name and email address were configured automatically based
on your username and hostname. Please check that they are accurate.
You can suppress this message by setting them explicitly:

    git config --global user.name "Your Name"
    git config --global user.email you@example.com

After doing this, you may fix the identity used for this commit with:

    git commit --amend --reset-author

 1 file changed, 17 insertions(+)
[0;32m✅ Commit automático creado exitosamente[0m
To https://github.com/anamanz7/anamanzanares.github.io.git
   d4ac50b..86135a6  main -> main
[2026-03-02 19:59:39] ✅ Push realizado exitosamente a GitHub
[2026-03-02 19:59:39] === Verificación completada ===
[2026-03-02 20:09:39] === Iniciando verificación automática ===
[2026-03-02 20:09:39] Cambios detectados, creando commit...
[main be27131] Auto-commit: 1 modificado(s)
 Committer: Ana Manzanares <anamanzanares@MacBook-Pro-de-Ana.local>
Your name and email address were configured automatically based
on your username and hostname. Please check that they are accurate.
You can suppress this message by setting them explicitly:

    git config --global user.name "Your Name"
    git config --global user.email you@example.com

After doing this, you may fix the identity used for this commit with:

    git commit --amend --reset-author

 2 files changed, 25 insertions(+)
[2026-03-02 20:09:39] ✅ Commit creado exitosamente
[1;33m🔍 Verificando cambios pendientes...[0m
[1;33m📝 Cambios detectados. Creando commit automático...[0m
[main c7a67e5] Auto-commit: Actualización automática del portfolio
 Committer: Ana Manzanares <anamanzanares@MacBook-Pro-de-Ana.local>
Your name and email address were configured automatically based
on your username and hostname. Please check that they are accurate.
You can suppress this message by setting them explicitly:

    git config --global user.name "Your Name"
    git config --global user.email you@example.com

After doing this, you may fix the identity used for this commit with:

    git commit --amend --reset-author

 1 file changed, 17 insertions(+)
[0;32m✅ Commit automático creado exitosamente[0m
To https://github.com/anamanz7/anamanzanares.github.io.git
   5ff499a..be27131  main -> main
[2026-03-02 20:09:41] ✅ Push realizado exitosamente a GitHub
[2026-03-02 20:09:41] === Verificación completada ===
[2026-03-02 20:51:15] === Iniciando verificación automática ===
[2026-03-02 20:51:15] Cambios detectados, creando commit...
[main 9d14610] Auto-commit: 1 modificado(s)
 Committer: Ana Manzanares <anamanzanares@MacBook-Pro-de-Ana.local>
Your name and email address were configured automatically based
on your username and hostname. Please check that they are accurate.
You can suppress this message by setting them explicitly:

    git config --global user.name "Your Name"
    git config --global user.email you@example.com

After doing this, you may fix the identity used for this commit with:

    git commit --amend --reset-author

 2 files changed, 25 insertions(+)
[2026-03-02 20:51:15] ✅ Commit creado exitosamente
[1;33m🔍 Verificando cambios pendientes...[0m
[1;33m📝 Cambios detectados. Creando commit automático...[0m
[main 72d5d3a] Auto-commit: Actualización automática del portfolio
 Committer: Ana Manzanares <anamanzanares@MacBook-Pro-de-Ana.local>
Your name and email address were configured automatically based
on your username and hostname. Please check that they are accurate.
You can suppress this message by setting them explicitly:

    git config --global user.name "Your Name"
    git config --global user.email you@example.com

After doing this, you may fix the identity used for this commit with:

    git commit --amend --reset-author

 1 file changed, 17 insertions(+)
[0;32m✅ Commit automático creado exitosamente[0m
To https://github.com/anamanz7/anamanzanares.github.io.git
   c7a67e5..9d14610  main -> main
[2026-03-02 20:51:17] ✅ Push realizado exitosamente a GitHub
[2026-03-02 20:51:17] === Verificación completada ===
[2026-03-02 21:39:15] === Iniciando verificación automática ===
[2026-03-02 21:39:16] Cambios detectados, creando commit...
[main a413e87] Auto-commit: 1 modificado(s)
 Committer: Ana Manzanares <anamanzanares@MacBook-Pro-de-Ana.local>
Your name and email address were configured automatically based
on your username and hostname. Please check that they are accurate.
You can suppress this message by setting them explicitly:

    git config --global user.name "Your Name"
    git config --global user.email you@example.com

After doing this, you may fix the identity used for this commit with:

    git commit --amend --reset-author

 2 files changed, 25 insertions(+)
[2026-03-02 21:39:16] ✅ Commit creado exitosamente
[1;33m🔍 Verificando cambios pendientes...[0m
[1;33m📝 Cambios detectados. Creando commit automático...[0m
[main a452e46] Auto-commit: Actualización automática del portfolio
 Committer: Ana Manzanares <anamanzanares@MacBook-Pro-de-Ana.local>
Your name and email address were configured automatically based
on your username and hostname. Please check that they are accurate.
You can suppress this message by setting them explicitly:

    git config --global user.name "Your Name"
    git config --global user.email you@example.com

After doing this, you may fix the identity used for this commit with:

    git commit --amend --reset-author

 1 file changed, 17 insertions(+)
[0;32m✅ Commit automático creado exitosamente[0m
To https://github.com/anamanz7/anamanzanares.github.io.git
   72d5d3a..a413e87  main -> main
[2026-03-02 21:39:17] ✅ Push realizado exitosamente a GitHub
[2026-03-02 21:39:17] === Verificación completada ===
[2026-03-02 21:49:17] === Iniciando verificación automática ===
[2026-03-02 21:49:17] Cambios detectados, creando commit...
[main 51e94c9] Auto-commit: 1 modificado(s)
 Committer: Ana Manzanares <anamanzanares@MacBook-Pro-de-Ana.local>
Your name and email address were configured automatically based
on your username and hostname. Please check that they are accurate.
You can suppress this message by setting them explicitly:

    git config --global user.name "Your Name"
    git config --global user.email you@example.com

After doing this, you may fix the identity used for this commit with:

    git commit --amend --reset-author

 2 files changed, 25 insertions(+)
[2026-03-02 21:49:18] ✅ Commit creado exitosamente
[1;33m🔍 Verificando cambios pendientes...[0m
[1;33m📝 Cambios detectados. Creando commit automático...[0m
[main ec65d2f] Auto-commit: Actualización automática del portfolio
 Committer: Ana Manzanares <anamanzanares@MacBook-Pro-de-Ana.local>
Your name and email address were configured automatically based
on your username and hostname. Please check that they are accurate.
You can suppress this message by setting them explicitly:

    git config --global user.name "Your Name"
    git config --global user.email you@example.com

After doing this, you may fix the identity used for this commit with:

    git commit --amend --reset-author

 1 file changed, 17 insertions(+)
[0;32m✅ Commit automático creado exitosamente[0m
To https://github.com/anamanz7/anamanzanares.github.io.git
   a452e46..51e94c9  main -> main
[2026-03-02 21:49:19] ✅ Push realizado exitosamente a GitHub
[2026-03-02 21:49:19] === Verificación completada ===
[2026-03-02 21:59:19] === Iniciando verificación automática ===
[2026-03-02 21:59:19] Cambios detectados, creando commit...
[main ad36a7a] Auto-commit: 1 modificado(s)
 Committer: Ana Manzanares <anamanzanares@MacBook-Pro-de-Ana.local>
Your name and email address were configured automatically based
on your username and hostname. Please check that they are accurate.
You can suppress this message by setting them explicitly:

    git config --global user.name "Your Name"
    git config --global user.email you@example.com

After doing this, you may fix the identity used for this commit with:

    git commit --amend --reset-author

 2 files changed, 25 insertions(+)
[2026-03-02 21:59:20] ✅ Commit creado exitosamente
[1;33m🔍 Verificando cambios pendientes...[0m
[1;33m📝 Cambios detectados. Creando commit automático...[0m
[main 56b6392] Auto-commit: Actualización automática del portfolio
 Committer: Ana Manzanares <anamanzanares@MacBook-Pro-de-Ana.local>
Your name and email address were configured automatically based
on your username and hostname. Please check that they are accurate.
You can suppress this message by setting them explicitly:

    git config --global user.name "Your Name"
    git config --global user.email you@example.com

After doing this, you may fix the identity used for this commit with:

    git commit --amend --reset-author

 1 file changed, 17 insertions(+)
[0;32m✅ Commit automático creado exitosamente[0m
To https://github.com/anamanz7/anamanzanares.github.io.git
   ec65d2f..ad36a7a  main -> main
[2026-03-02 21:59:22] ✅ Push realizado exitosamente a GitHub
[2026-03-02 21:59:22] === Verificación completada ===
[2026-03-02 22:09:22] === Iniciando verificación automática ===
[2026-03-02 22:09:22] Cambios detectados, creando commit...
[main 2284045] Auto-commit: 1 modificado(s)
 Committer: Ana Manzanares <anamanzanares@MacBook-Pro-de-Ana.local>
Your name and email address were configured automatically based
on your username and hostname. Please check that they are accurate.
You can suppress this message by setting them explicitly:

    git config --global user.name "Your Name"
    git config --global user.email you@example.com

After doing this, you may fix the identity used for this commit with:

    git commit --amend --reset-author

 2 files changed, 25 insertions(+)
[2026-03-02 22:09:22] ✅ Commit creado exitosamente
[1;33m🔍 Verificando cambios pendientes...[0m
[1;33m📝 Cambios detectados. Creando commit automático...[0m
[main c64d48d] Auto-commit: Actualización automática del portfolio
 Committer: Ana Manzanares <anamanzanares@MacBook-Pro-de-Ana.local>
Your name and email address were configured automatically based
on your username and hostname. Please check that they are accurate.
You can suppress this message by setting them explicitly:

    git config --global user.name "Your Name"
    git config --global user.email you@example.com

After doing this, you may fix the identity used for this commit with:

    git commit --amend --reset-author

 1 file changed, 17 insertions(+)
[0;32m✅ Commit automático creado exitosamente[0m
To https://github.com/anamanz7/anamanzanares.github.io.git
   56b6392..2284045  main -> main
[2026-03-02 22:09:24] ✅ Push realizado exitosamente a GitHub
[2026-03-02 22:09:24] === Verificación completada ===
[2026-03-02 22:19:24] === Iniciando verificación automática ===
[2026-03-02 22:19:25] Cambios detectados, creando commit...
[main 7400d0f] Auto-commit: 1 modificado(s)
 Committer: Ana Manzanares <anamanzanares@MacBook-Pro-de-Ana.local>
Your name and email address were configured automatically based
on your username and hostname. Please check that they are accurate.
You can suppress this message by setting them explicitly:

    git config --global user.name "Your Name"
    git config --global user.email you@example.com

After doing this, you may fix the identity used for this commit with:

    git commit --amend --reset-author

 2 files changed, 25 insertions(+)
[2026-03-02 22:19:25] ✅ Commit creado exitosamente
[1;33m🔍 Verificando cambios pendientes...[0m
[1;33m📝 Cambios detectados. Creando commit automático...[0m
[main 0ef836f] Auto-commit: Actualización automática del portfolio
 Committer: Ana Manzanares <anamanzanares@MacBook-Pro-de-Ana.local>
Your name and email address were configured automatically based
on your username and hostname. Please check that they are accurate.
You can suppress this message by setting them explicitly:

    git config --global user.name "Your Name"
    git config --global user.email you@example.com

After doing this, you may fix the identity used for this commit with:

    git commit --amend --reset-author

 1 file changed, 17 insertions(+)
[0;32m✅ Commit automático creado exitosamente[0m
To https://github.com/anamanz7/anamanzanares.github.io.git
   c64d48d..7400d0f  main -> main
[2026-03-02 22:19:27] ✅ Push realizado exitosamente a GitHub
[2026-03-02 22:19:27] === Verificación completada ===
[2026-03-02 22:29:27] === Iniciando verificación automática ===
[2026-03-02 22:29:28] Cambios detectados, creando commit...
[main abe0d97] Auto-commit: 1 modificado(s)
 Committer: Ana Manzanares <anamanzanares@MacBook-Pro-de-Ana.local>
Your name and email address were configured automatically based
on your username and hostname. Please check that they are accurate.
You can suppress this message by setting them explicitly:

    git config --global user.name "Your Name"
    git config --global user.email you@example.com

After doing this, you may fix the identity used for this commit with:

    git commit --amend --reset-author

 2 files changed, 25 insertions(+)
[2026-03-02 22:29:28] ✅ Commit creado exitosamente
[1;33m🔍 Verificando cambios pendientes...[0m
[1;33m📝 Cambios detectados. Creando commit automático...[0m
[main 1407a97] Auto-commit: Actualización automática del portfolio
 Committer: Ana Manzanares <anamanzanares@MacBook-Pro-de-Ana.local>
Your name and email address were configured automatically based
on your username and hostname. Please check that they are accurate.
You can suppress this message by setting them explicitly:

    git config --global user.name "Your Name"
    git config --global user.email you@example.com

After doing this, you may fix the identity used for this commit with:

    git commit --amend --reset-author

 1 file changed, 17 insertions(+)
[0;32m✅ Commit automático creado exitosamente[0m
To https://github.com/anamanz7/anamanzanares.github.io.git
   0ef836f..abe0d97  main -> main
[2026-03-02 22:29:30] ✅ Push realizado exitosamente a GitHub
[2026-03-02 22:29:30] === Verificación completada ===
[2026-03-02 22:39:31] === Iniciando verificación automática ===
[2026-03-02 22:39:31] Cambios detectados, creando commit...
[main 2d65edb] Auto-commit: 1 modificado(s)
 Committer: Ana Manzanares <anamanzanares@MacBook-Pro-de-Ana.local>
Your name and email address were configured automatically based
on your username and hostname. Please check that they are accurate.
You can suppress this message by setting them explicitly:

    git config --global user.name "Your Name"
    git config --global user.email you@example.com

After doing this, you may fix the identity used for this commit with:

    git commit --amend --reset-author

 2 files changed, 25 insertions(+)
[2026-03-02 22:39:31] ✅ Commit creado exitosamente
[1;33m🔍 Verificando cambios pendientes...[0m
[1;33m📝 Cambios detectados. Creando commit automático...[0m
[main 581ee19] Auto-commit: Actualización automática del portfolio
 Committer: Ana Manzanares <anamanzanares@MacBook-Pro-de-Ana.local>
Your name and email address were configured automatically based
on your username and hostname. Please check that they are accurate.
You can suppress this message by setting them explicitly:

    git config --global user.name "Your Name"
    git config --global user.email you@example.com

After doing this, you may fix the identity used for this commit with:

    git commit --amend --reset-author

 1 file changed, 17 insertions(+)
[0;32m✅ Commit automático creado exitosamente[0m
To https://github.com/anamanz7/anamanzanares.github.io.git
   1407a97..2d65edb  main -> main
[2026-03-02 22:39:33] ✅ Push realizado exitosamente a GitHub
[2026-03-02 22:39:33] === Verificación completada ===
[2026-03-02 22:49:33] === Iniciando verificación automática ===
[2026-03-02 22:49:33] Cambios detectados, creando commit...
[main f3d7058] Auto-commit: 1 modificado(s)
 Committer: Ana Manzanares <anamanzanares@MacBook-Pro-de-Ana.local>
Your name and email address were configured automatically based
on your username and hostname. Please check that they are accurate.
You can suppress this message by setting them explicitly:

    git config --global user.name "Your Name"
    git config --global user.email you@example.com

After doing this, you may fix the identity used for this commit with:

    git commit --amend --reset-author

 2 files changed, 25 insertions(+)
[2026-03-02 22:49:34] ✅ Commit creado exitosamente
[1;33m🔍 Verificando cambios pendientes...[0m
[1;33m📝 Cambios detectados. Creando commit automático...[0m
[main 90b778e] Auto-commit: Actualización automática del portfolio
 Committer: Ana Manzanares <anamanzanares@MacBook-Pro-de-Ana.local>
Your name and email address were configured automatically based
on your username and hostname. Please check that they are accurate.
You can suppress this message by setting them explicitly:

    git config --global user.name "Your Name"
    git config --global user.email you@example.com

After doing this, you may fix the identity used for this commit with:

    git commit --amend --reset-author

 1 file changed, 17 insertions(+)
[0;32m✅ Commit automático creado exitosamente[0m
To https://github.com/anamanz7/anamanzanares.github.io.git
   581ee19..f3d7058  main -> main
[2026-03-02 22:49:36] ✅ Push realizado exitosamente a GitHub
[2026-03-02 22:49:36] === Verificación completada ===
[2026-03-02 22:59:36] === Iniciando verificación automática ===
[2026-03-02 22:59:36] Cambios detectados, creando commit...
[main 97c0f51] Auto-commit: 1 modificado(s)
 Committer: Ana Manzanares <anamanzanares@MacBook-Pro-de-Ana.local>
Your name and email address were configured automatically based
on your username and hostname. Please check that they are accurate.
You can suppress this message by setting them explicitly:

    git config --global user.name "Your Name"
    git config --global user.email you@example.com

After doing this, you may fix the identity used for this commit with:

    git commit --amend --reset-author

 2 files changed, 25 insertions(+)
[2026-03-02 22:59:37] ✅ Commit creado exitosamente
[1;33m🔍 Verificando cambios pendientes...[0m
[1;33m📝 Cambios detectados. Creando commit automático...[0m
[main 1e0b007] Auto-commit: Actualización automática del portfolio
 Committer: Ana Manzanares <anamanzanares@MacBook-Pro-de-Ana.local>
Your name and email address were configured automatically based
on your username and hostname. Please check that they are accurate.
You can suppress this message by setting them explicitly:

    git config --global user.name "Your Name"
    git config --global user.email you@example.com

After doing this, you may fix the identity used for this commit with:

    git commit --amend --reset-author

 1 file changed, 17 insertions(+)
[0;32m✅ Commit automático creado exitosamente[0m
To https://github.com/anamanz7/anamanzanares.github.io.git
   90b778e..97c0f51  main -> main
[2026-03-02 22:59:39] ✅ Push realizado exitosamente a GitHub
[2026-03-02 22:59:39] === Verificación completada ===
[2026-03-02 23:09:39] === Iniciando verificación automática ===
[2026-03-02 23:09:39] Cambios detectados, creando commit...
[main 9563b3c] Auto-commit: 1 modificado(s)
 Committer: Ana Manzanares <anamanzanares@MacBook-Pro-de-Ana.local>
Your name and email address were configured automatically based
on your username and hostname. Please check that they are accurate.
You can suppress this message by setting them explicitly:

    git config --global user.name "Your Name"
    git config --global user.email you@example.com

After doing this, you may fix the identity used for this commit with:

    git commit --amend --reset-author

 2 files changed, 25 insertions(+)
[2026-03-02 23:09:39] ✅ Commit creado exitosamente
[1;33m🔍 Verificando cambios pendientes...[0m
[1;33m📝 Cambios detectados. Creando commit automático...[0m
[main 3390479] Auto-commit: Actualización automática del portfolio
 Committer: Ana Manzanares <anamanzanares@MacBook-Pro-de-Ana.local>
Your name and email address were configured automatically based
on your username and hostname. Please check that they are accurate.
You can suppress this message by setting them explicitly:

    git config --global user.name "Your Name"
    git config --global user.email you@example.com

After doing this, you may fix the identity used for this commit with:

    git commit --amend --reset-author

 1 file changed, 17 insertions(+)
[0;32m✅ Commit automático creado exitosamente[0m
To https://github.com/anamanz7/anamanzanares.github.io.git
   1e0b007..9563b3c  main -> main
[2026-03-02 23:09:42] ✅ Push realizado exitosamente a GitHub
[2026-03-02 23:09:42] === Verificación completada ===
[2026-03-02 23:19:42] === Iniciando verificación automática ===
[2026-03-02 23:19:42] Cambios detectados, creando commit...
[main 856ac33] Auto-commit: 1 modificado(s)
 Committer: Ana Manzanares <anamanzanares@MacBook-Pro-de-Ana.local>
Your name and email address were configured automatically based
on your username and hostname. Please check that they are accurate.
You can suppress this message by setting them explicitly:

    git config --global user.name "Your Name"
    git config --global user.email you@example.com

After doing this, you may fix the identity used for this commit with:

    git commit --amend --reset-author

 2 files changed, 25 insertions(+)
[2026-03-02 23:19:42] ✅ Commit creado exitosamente
[1;33m🔍 Verificando cambios pendientes...[0m
[1;33m📝 Cambios detectados. Creando commit automático...[0m
[main 89d7c39] Auto-commit: Actualización automática del portfolio
 Committer: Ana Manzanares <anamanzanares@MacBook-Pro-de-Ana.local>
Your name and email address were configured automatically based
on your username and hostname. Please check that they are accurate.
You can suppress this message by setting them explicitly:

    git config --global user.name "Your Name"
    git config --global user.email you@example.com

After doing this, you may fix the identity used for this commit with:

    git commit --amend --reset-author

 1 file changed, 17 insertions(+)
[0;32m✅ Commit automático creado exitosamente[0m
To https://github.com/anamanz7/anamanzanares.github.io.git
   3390479..856ac33  main -> main
[2026-03-02 23:19:46] ✅ Push realizado exitosamente a GitHub
[2026-03-02 23:19:46] === Verificación completada ===
[2026-03-02 23:29:46] === Iniciando verificación automática ===
[2026-03-02 23:29:46] Cambios detectados, creando commit...
[main 23baeb7] Auto-commit: 1 modificado(s)
 Committer: Ana Manzanares <anamanzanares@MacBook-Pro-de-Ana.local>
Your name and email address were configured automatically based
on your username and hostname. Please check that they are accurate.
You can suppress this message by setting them explicitly:

    git config --global user.name "Your Name"
    git config --global user.email you@example.com

After doing this, you may fix the identity used for this commit with:

    git commit --amend --reset-author

 2 files changed, 25 insertions(+)
[2026-03-02 23:29:47] ✅ Commit creado exitosamente
[1;33m🔍 Verificando cambios pendientes...[0m
[1;33m📝 Cambios detectados. Creando commit automático...[0m
[main c62b2da] Auto-commit: Actualización automática del portfolio
 Committer: Ana Manzanares <anamanzanares@MacBook-Pro-de-Ana.local>
Your name and email address were configured automatically based
on your username and hostname. Please check that they are accurate.
You can suppress this message by setting them explicitly:

    git config --global user.name "Your Name"
    git config --global user.email you@example.com

After doing this, you may fix the identity used for this commit with:

    git commit --amend --reset-author

 1 file changed, 17 insertions(+)
[0;32m✅ Commit automático creado exitosamente[0m
To https://github.com/anamanz7/anamanzanares.github.io.git
   89d7c39..23baeb7  main -> main
[2026-03-02 23:29:49] ✅ Push realizado exitosamente a GitHub
[2026-03-02 23:29:49] === Verificación completada ===
[2026-03-02 23:39:49] === Iniciando verificación automática ===
[2026-03-02 23:39:49] Cambios detectados, creando commit...
[main 823f223] Auto-commit: 1 modificado(s)
 Committer: Ana Manzanares <anamanzanares@MacBook-Pro-de-Ana.local>
Your name and email address were configured automatically based
on your username and hostname. Please check that they are accurate.
You can suppress this message by setting them explicitly:

    git config --global user.name "Your Name"
    git config --global user.email you@example.com

After doing this, you may fix the identity used for this commit with:

    git commit --amend --reset-author

 2 files changed, 25 insertions(+)
[2026-03-02 23:39:49] ✅ Commit creado exitosamente
[1;33m🔍 Verificando cambios pendientes...[0m
[1;33m📝 Cambios detectados. Creando commit automático...[0m
[main b029098] Auto-commit: Actualización automática del portfolio
 Committer: Ana Manzanares <anamanzanares@MacBook-Pro-de-Ana.local>
Your name and email address were configured automatically based
on your username and hostname. Please check that they are accurate.
You can suppress this message by setting them explicitly:

    git config --global user.name "Your Name"
    git config --global user.email you@example.com

After doing this, you may fix the identity used for this commit with:

    git commit --amend --reset-author

 1 file changed, 17 insertions(+)
[0;32m✅ Commit automático creado exitosamente[0m
To https://github.com/anamanz7/anamanzanares.github.io.git
   c62b2da..823f223  main -> main
[2026-03-02 23:39:52] ✅ Push realizado exitosamente a GitHub
[2026-03-02 23:39:52] === Verificación completada ===
[2026-03-02 23:49:52] === Iniciando verificación automática ===
[2026-03-02 23:49:52] Cambios detectados, creando commit...
[main 00a87e0] Auto-commit: 1 modificado(s)
 Committer: Ana Manzanares <anamanzanares@MacBook-Pro-de-Ana.local>
Your name and email address were configured automatically based
on your username and hostname. Please check that they are accurate.
You can suppress this message by setting them explicitly:

    git config --global user.name "Your Name"
    git config --global user.email you@example.com

After doing this, you may fix the identity used for this commit with:

    git commit --amend --reset-author

 2 files changed, 25 insertions(+)
[2026-03-02 23:49:52] ✅ Commit creado exitosamente
[1;33m🔍 Verificando cambios pendientes...[0m
[1;33m📝 Cambios detectados. Creando commit automático...[0m
[main 48a042d] Auto-commit: Actualización automática del portfolio
 Committer: Ana Manzanares <anamanzanares@MacBook-Pro-de-Ana.local>
Your name and email address were configured automatically based
on your username and hostname. Please check that they are accurate.
You can suppress this message by setting them explicitly:

    git config --global user.name "Your Name"
    git config --global user.email you@example.com

After doing this, you may fix the identity used for this commit with:

    git commit --amend --reset-author

 1 file changed, 17 insertions(+)
[0;32m✅ Commit automático creado exitosamente[0m
To https://github.com/anamanz7/anamanzanares.github.io.git
   b029098..00a87e0  main -> main
[2026-03-02 23:49:54] ✅ Push realizado exitosamente a GitHub
[2026-03-02 23:49:54] === Verificación completada ===
[2026-03-02 23:59:54] === Iniciando verificación automática ===
[2026-03-02 23:59:54] Cambios detectados, creando commit...
[main df90c53] Auto-commit: 1 modificado(s)
 Committer: Ana Manzanares <anamanzanares@MacBook-Pro-de-Ana.local>
Your name and email address were configured automatically based
on your username and hostname. Please check that they are accurate.
You can suppress this message by setting them explicitly:

    git config --global user.name "Your Name"
    git config --global user.email you@example.com

After doing this, you may fix the identity used for this commit with:

    git commit --amend --reset-author

 2 files changed, 25 insertions(+)
[2026-03-02 23:59:54] ✅ Commit creado exitosamente
[1;33m🔍 Verificando cambios pendientes...[0m
[1;33m📝 Cambios detectados. Creando commit automático...[0m
[main 3a4e503] Auto-commit: Actualización automática del portfolio
 Committer: Ana Manzanares <anamanzanares@MacBook-Pro-de-Ana.local>
Your name and email address were configured automatically based
on your username and hostname. Please check that they are accurate.
You can suppress this message by setting them explicitly:

    git config --global user.name "Your Name"
    git config --global user.email you@example.com

After doing this, you may fix the identity used for this commit with:

    git commit --amend --reset-author

 1 file changed, 17 insertions(+)
[0;32m✅ Commit automático creado exitosamente[0m
To https://github.com/anamanz7/anamanzanares.github.io.git
   48a042d..df90c53  main -> main
[2026-03-02 23:59:56] ✅ Push realizado exitosamente a GitHub
[2026-03-02 23:59:56] === Verificación completada ===
[2026-03-03 00:09:56] === Iniciando verificación automática ===
[2026-03-03 00:09:56] Cambios detectados, creando commit...
[main 75abc54] Auto-commit: 1 modificado(s)
 Committer: Ana Manzanares <anamanzanares@MacBook-Pro-de-Ana.local>
Your name and email address were configured automatically based
on your username and hostname. Please check that they are accurate.
You can suppress this message by setting them explicitly:

    git config --global user.name "Your Name"
    git config --global user.email you@example.com

After doing this, you may fix the identity used for this commit with:

    git commit --amend --reset-author

 2 files changed, 25 insertions(+)
[2026-03-03 00:09:57] ✅ Commit creado exitosamente
[1;33m🔍 Verificando cambios pendientes...[0m
[1;33m📝 Cambios detectados. Creando commit automático...[0m
[main 0fef59d] Auto-commit: Actualización automática del portfolio
 Committer: Ana Manzanares <anamanzanares@MacBook-Pro-de-Ana.local>
Your name and email address were configured automatically based
on your username and hostname. Please check that they are accurate.
You can suppress this message by setting them explicitly:

    git config --global user.name "Your Name"
    git config --global user.email you@example.com

After doing this, you may fix the identity used for this commit with:

    git commit --amend --reset-author

 1 file changed, 17 insertions(+)
[0;32m✅ Commit automático creado exitosamente[0m
To https://github.com/anamanz7/anamanzanares.github.io.git
   3a4e503..75abc54  main -> main
[2026-03-03 00:09:59] ✅ Push realizado exitosamente a GitHub
[2026-03-03 00:09:59] === Verificación completada ===
[2026-03-03 00:19:59] === Iniciando verificación automática ===
[2026-03-03 00:20:00] Cambios detectados, creando commit...
[main e2eef3c] Auto-commit: 1 modificado(s)
 Committer: Ana Manzanares <anamanzanares@MacBook-Pro-de-Ana.local>
Your name and email address were configured automatically based
on your username and hostname. Please check that they are accurate.
You can suppress this message by setting them explicitly:

    git config --global user.name "Your Name"
    git config --global user.email you@example.com

After doing this, you may fix the identity used for this commit with:

    git commit --amend --reset-author

 2 files changed, 25 insertions(+)
[2026-03-03 00:20:00] ✅ Commit creado exitosamente
[1;33m🔍 Verificando cambios pendientes...[0m
[1;33m📝 Cambios detectados. Creando commit automático...[0m
[main 8499c2d] Auto-commit: Actualización automática del portfolio
 Committer: Ana Manzanares <anamanzanares@MacBook-Pro-de-Ana.local>
Your name and email address were configured automatically based
on your username and hostname. Please check that they are accurate.
You can suppress this message by setting them explicitly:

    git config --global user.name "Your Name"
    git config --global user.email you@example.com

After doing this, you may fix the identity used for this commit with:

    git commit --amend --reset-author

 1 file changed, 17 insertions(+)
[0;32m✅ Commit automático creado exitosamente[0m
To https://github.com/anamanz7/anamanzanares.github.io.git
   0fef59d..e2eef3c  main -> main
[2026-03-03 00:20:02] ✅ Push realizado exitosamente a GitHub
[2026-03-03 00:20:02] === Verificación completada ===
[2026-03-03 00:30:02] === Iniciando verificación automática ===
[2026-03-03 00:30:02] Cambios detectados, creando commit...
[main d01953e] Auto-commit: 1 modificado(s)
 Committer: Ana Manzanares <anamanzanares@MacBook-Pro-de-Ana.local>
Your name and email address were configured automatically based
on your username and hostname. Please check that they are accurate.
You can suppress this message by setting them explicitly:

    git config --global user.name "Your Name"
    git config --global user.email you@example.com

After doing this, you may fix the identity used for this commit with:

    git commit --amend --reset-author

 2 files changed, 25 insertions(+)
[2026-03-03 00:30:03] ✅ Commit creado exitosamente
fatal: unable to access 'https://github.com/anamanz7/anamanzanares.github.io.git/': LibreSSL SSL_connect: SSL_ERROR_SYSCALL in connection to github.com:443 
[2026-03-03 00:31:36] ❌ Error al hacer push
[2026-03-03 00:41:36] === Iniciando verificación automática ===
[2026-03-03 00:41:36] Cambios detectados, creando commit...
[main e8b856a] Auto-commit: 1 modificado(s)
 Committer: Ana Manzanares <anamanzanares@MacBook-Pro-de-Ana.local>
Your name and email address were configured automatically based
on your username and hostname. Please check that they are accurate.
You can suppress this message by setting them explicitly:

    git config --global user.name "Your Name"
    git config --global user.email you@example.com

After doing this, you may fix the identity used for this commit with:

    git commit --amend --reset-author

 2 files changed, 23 insertions(+)
[2026-03-03 00:41:36] ✅ Commit creado exitosamente
[1;33m🔍 Verificando cambios pendientes...[0m
[1;33m📝 Cambios detectados. Creando commit automático...[0m
[main 794e62a] Auto-commit: Actualización automática del portfolio
 Committer: Ana Manzanares <anamanzanares@MacBook-Pro-de-Ana.local>
Your name and email address were configured automatically based
on your username and hostname. Please check that they are accurate.
You can suppress this message by setting them explicitly:

    git config --global user.name "Your Name"
    git config --global user.email you@example.com

After doing this, you may fix the identity used for this commit with:

    git commit --amend --reset-author

 1 file changed, 17 insertions(+)
[0;32m✅ Commit automático creado exitosamente[0m
To https://github.com/anamanz7/anamanzanares.github.io.git
   8499c2d..e8b856a  main -> main
[2026-03-03 00:41:39] ✅ Push realizado exitosamente a GitHub
[2026-03-03 00:41:39] === Verificación completada ===
[2026-03-03 00:51:39] === Iniciando verificación automática ===
[2026-03-03 00:51:39] Cambios detectados, creando commit...
[main 5828700] Auto-commit: 1 modificado(s)
 Committer: Ana Manzanares <anamanzanares@MacBook-Pro-de-Ana.local>
Your name and email address were configured automatically based
on your username and hostname. Please check that they are accurate.
You can suppress this message by setting them explicitly:

    git config --global user.name "Your Name"
    git config --global user.email you@example.com

After doing this, you may fix the identity used for this commit with:

    git commit --amend --reset-author

 2 files changed, 25 insertions(+)
[2026-03-03 00:51:39] ✅ Commit creado exitosamente
[1;33m🔍 Verificando cambios pendientes...[0m
[1;33m📝 Cambios detectados. Creando commit automático...[0m
[main 34879b3] Auto-commit: Actualización automática del portfolio
 Committer: Ana Manzanares <anamanzanares@MacBook-Pro-de-Ana.local>
Your name and email address were configured automatically based
on your username and hostname. Please check that they are accurate.
You can suppress this message by setting them explicitly:

    git config --global user.name "Your Name"
    git config --global user.email you@example.com

After doing this, you may fix the identity used for this commit with:

    git commit --amend --reset-author

 1 file changed, 17 insertions(+)
[0;32m✅ Commit automático creado exitosamente[0m
To https://github.com/anamanz7/anamanzanares.github.io.git
   794e62a..5828700  main -> main
[2026-03-03 00:51:41] ✅ Push realizado exitosamente a GitHub
[2026-03-03 00:51:41] === Verificación completada ===
[2026-03-03 21:37:49] === Iniciando verificación automática ===
[2026-03-03 21:37:51] Cambios detectados, creando commit...
[main e9fdbf7] Auto-commit: 1 modificado(s)
 Committer: Ana Manzanares <anamanzanares@MacBook-Pro-de-Ana.local>
Your name and email address were configured automatically based
on your username and hostname. Please check that they are accurate.
You can suppress this message by setting them explicitly:

    git config --global user.name "Your Name"
    git config --global user.email you@example.com

After doing this, you may fix the identity used for this commit with:

    git commit --amend --reset-author

 2 files changed, 25 insertions(+)
[2026-03-03 21:37:51] ✅ Commit creado exitosamente
[1;33m🔍 Verificando cambios pendientes...[0m
[1;33m📝 Cambios detectados. Creando commit automático...[0m
[main 6971825] Auto-commit: Actualización automática del portfolio
 Committer: Ana Manzanares <anamanzanares@MacBook-Pro-de-Ana.local>
Your name and email address were configured automatically based
on your username and hostname. Please check that they are accurate.
You can suppress this message by setting them explicitly:

    git config --global user.name "Your Name"
    git config --global user.email you@example.com

After doing this, you may fix the identity used for this commit with:

    git commit --amend --reset-author

 1 file changed, 17 insertions(+)
[0;32m✅ Commit automático creado exitosamente[0m
To https://github.com/anamanz7/anamanzanares.github.io.git
   34879b3..e9fdbf7  main -> main
[2026-03-03 21:37:54] ✅ Push realizado exitosamente a GitHub
[2026-03-03 21:37:54] === Verificación completada ===
[2026-03-03 21:47:54] === Iniciando verificación automática ===
[2026-03-03 21:47:54] Cambios detectados, creando commit...
[main 4f1af6b] Auto-commit: 1 modificado(s)
 Committer: Ana Manzanares <anamanzanares@MacBook-Pro-de-Ana.local>
Your name and email address were configured automatically based
on your username and hostname. Please check that they are accurate.
You can suppress this message by setting them explicitly:

    git config --global user.name "Your Name"
    git config --global user.email you@example.com

After doing this, you may fix the identity used for this commit with:

    git commit --amend --reset-author

 2 files changed, 25 insertions(+)
[2026-03-03 21:47:55] ✅ Commit creado exitosamente
[1;33m🔍 Verificando cambios pendientes...[0m
[1;33m📝 Cambios detectados. Creando commit automático...[0m
[main f4fa360] Auto-commit: Actualización automática del portfolio
 Committer: Ana Manzanares <anamanzanares@MacBook-Pro-de-Ana.local>
Your name and email address were configured automatically based
on your username and hostname. Please check that they are accurate.
You can suppress this message by setting them explicitly:

    git config --global user.name "Your Name"
    git config --global user.email you@example.com

After doing this, you may fix the identity used for this commit with:

    git commit --amend --reset-author

 1 file changed, 17 insertions(+)
[0;32m✅ Commit automático creado exitosamente[0m
To https://github.com/anamanz7/anamanzanares.github.io.git
   6971825..4f1af6b  main -> main
[2026-03-03 21:47:56] ✅ Push realizado exitosamente a GitHub
[2026-03-03 21:47:56] === Verificación completada ===
[2026-03-03 21:57:57] === Iniciando verificación automática ===
[2026-03-03 21:57:57] Cambios detectados, creando commit...
[main aa840e4] Auto-commit: 1 modificado(s)
 Committer: Ana Manzanares <anamanzanares@MacBook-Pro-de-Ana.local>
Your name and email address were configured automatically based
on your username and hostname. Please check that they are accurate.
You can suppress this message by setting them explicitly:

    git config --global user.name "Your Name"
    git config --global user.email you@example.com

After doing this, you may fix the identity used for this commit with:

    git commit --amend --reset-author

 2 files changed, 25 insertions(+)
[2026-03-03 21:57:57] ✅ Commit creado exitosamente
[1;33m🔍 Verificando cambios pendientes...[0m
[1;33m📝 Cambios detectados. Creando commit automático...[0m
[main 299a77a] Auto-commit: Actualización automática del portfolio
 Committer: Ana Manzanares <anamanzanares@MacBook-Pro-de-Ana.local>
Your name and email address were configured automatically based
on your username and hostname. Please check that they are accurate.
You can suppress this message by setting them explicitly:

    git config --global user.name "Your Name"
    git config --global user.email you@example.com

After doing this, you may fix the identity used for this commit with:

    git commit --amend --reset-author

 1 file changed, 17 insertions(+)
[0;32m✅ Commit automático creado exitosamente[0m
To https://github.com/anamanz7/anamanzanares.github.io.git
   f4fa360..aa840e4  main -> main
[2026-03-03 21:57:59] ✅ Push realizado exitosamente a GitHub
[2026-03-03 21:57:59] === Verificación completada ===
[2026-03-03 22:07:59] === Iniciando verificación automática ===
[2026-03-03 22:07:59] Cambios detectados, creando commit...
[main d057872] Auto-commit: 1 modificado(s)
 Committer: Ana Manzanares <anamanzanares@MacBook-Pro-de-Ana.local>
Your name and email address were configured automatically based
on your username and hostname. Please check that they are accurate.
You can suppress this message by setting them explicitly:

    git config --global user.name "Your Name"
    git config --global user.email you@example.com

After doing this, you may fix the identity used for this commit with:

    git commit --amend --reset-author

 2 files changed, 25 insertions(+)
[2026-03-03 22:07:59] ✅ Commit creado exitosamente
[1;33m🔍 Verificando cambios pendientes...[0m
[1;33m📝 Cambios detectados. Creando commit automático...[0m
[main 5aeba59] Auto-commit: Actualización automática del portfolio
 Committer: Ana Manzanares <anamanzanares@MacBook-Pro-de-Ana.local>
Your name and email address were configured automatically based
on your username and hostname. Please check that they are accurate.
You can suppress this message by setting them explicitly:

    git config --global user.name "Your Name"
    git config --global user.email you@example.com

After doing this, you may fix the identity used for this commit with:

    git commit --amend --reset-author

 1 file changed, 17 insertions(+)
[0;32m✅ Commit automático creado exitosamente[0m
To https://github.com/anamanz7/anamanzanares.github.io.git
   299a77a..d057872  main -> main
[2026-03-03 22:08:01] ✅ Push realizado exitosamente a GitHub
[2026-03-03 22:08:01] === Verificación completada ===
[2026-03-03 22:18:01] === Iniciando verificación automática ===
[2026-03-03 22:18:01] Cambios detectados, creando commit...
[main 7fcd4b7] Auto-commit: 1 modificado(s)
 Committer: Ana Manzanares <anamanzanares@MacBook-Pro-de-Ana.local>
Your name and email address were configured automatically based
on your username and hostname. Please check that they are accurate.
You can suppress this message by setting them explicitly:

    git config --global user.name "Your Name"
    git config --global user.email you@example.com

After doing this, you may fix the identity used for this commit with:

    git commit --amend --reset-author

 2 files changed, 25 insertions(+)
[2026-03-03 22:18:01] ✅ Commit creado exitosamente
[1;33m🔍 Verificando cambios pendientes...[0m
[1;33m📝 Cambios detectados. Creando commit automático...[0m
[main 5a852e9] Auto-commit: Actualización automática del portfolio
 Committer: Ana Manzanares <anamanzanares@MacBook-Pro-de-Ana.local>
Your name and email address were configured automatically based
on your username and hostname. Please check that they are accurate.
You can suppress this message by setting them explicitly:

    git config --global user.name "Your Name"
    git config --global user.email you@example.com

After doing this, you may fix the identity used for this commit with:

    git commit --amend --reset-author

 1 file changed, 17 insertions(+)
[0;32m✅ Commit automático creado exitosamente[0m
To https://github.com/anamanz7/anamanzanares.github.io.git
   5aeba59..7fcd4b7  main -> main
[2026-03-03 22:18:03] ✅ Push realizado exitosamente a GitHub
[2026-03-03 22:18:03] === Verificación completada ===
[2026-03-03 22:28:03] === Iniciando verificación automática ===
[2026-03-03 22:28:03] Cambios detectados, creando commit...
[main 62a20ec] Auto-commit: 1 modificado(s)
 Committer: Ana Manzanares <anamanzanares@MacBook-Pro-de-Ana.local>
Your name and email address were configured automatically based
on your username and hostname. Please check that they are accurate.
You can suppress this message by setting them explicitly:

    git config --global user.name "Your Name"
    git config --global user.email you@example.com

After doing this, you may fix the identity used for this commit with:

    git commit --amend --reset-author

 2 files changed, 25 insertions(+)
[2026-03-03 22:28:04] ✅ Commit creado exitosamente
[1;33m🔍 Verificando cambios pendientes...[0m
[1;33m📝 Cambios detectados. Creando commit automático...[0m
[main 90d39b4] Auto-commit: Actualización automática del portfolio
 Committer: Ana Manzanares <anamanzanares@MacBook-Pro-de-Ana.local>
Your name and email address were configured automatically based
on your username and hostname. Please check that they are accurate.
You can suppress this message by setting them explicitly:

    git config --global user.name "Your Name"
    git config --global user.email you@example.com

After doing this, you may fix the identity used for this commit with:

    git commit --amend --reset-author

 1 file changed, 17 insertions(+)
[0;32m✅ Commit automático creado exitosamente[0m
To https://github.com/anamanz7/anamanzanares.github.io.git
   5a852e9..62a20ec  main -> main
[2026-03-03 22:28:06] ✅ Push realizado exitosamente a GitHub
[2026-03-03 22:28:06] === Verificación completada ===
[2026-03-03 22:38:06] === Iniciando verificación automática ===
[2026-03-03 22:38:06] Cambios detectados, creando commit...
[main 9ab155c] Auto-commit: 1 modificado(s)
 Committer: Ana Manzanares <anamanzanares@MacBook-Pro-de-Ana.local>
Your name and email address were configured automatically based
on your username and hostname. Please check that they are accurate.
You can suppress this message by setting them explicitly:

    git config --global user.name "Your Name"
    git config --global user.email you@example.com

After doing this, you may fix the identity used for this commit with:

    git commit --amend --reset-author

 2 files changed, 25 insertions(+)
[2026-03-03 22:38:06] ✅ Commit creado exitosamente
[1;33m🔍 Verificando cambios pendientes...[0m
[1;33m📝 Cambios detectados. Creando commit automático...[0m
[main 01e4add] Auto-commit: Actualización automática del portfolio
 Committer: Ana Manzanares <anamanzanares@MacBook-Pro-de-Ana.local>
Your name and email address were configured automatically based
on your username and hostname. Please check that they are accurate.
You can suppress this message by setting them explicitly:

    git config --global user.name "Your Name"
    git config --global user.email you@example.com

After doing this, you may fix the identity used for this commit with:

    git commit --amend --reset-author

 1 file changed, 17 insertions(+)
[0;32m✅ Commit automático creado exitosamente[0m
To https://github.com/anamanz7/anamanzanares.github.io.git
   90d39b4..9ab155c  main -> main
[2026-03-03 22:38:09] ✅ Push realizado exitosamente a GitHub
[2026-03-03 22:38:09] === Verificación completada ===
[2026-03-03 22:48:09] === Iniciando verificación automática ===
[2026-03-03 22:48:09] Cambios detectados, creando commit...
[main 7d32a0c] Auto-commit: 1 modificado(s)
 Committer: Ana Manzanares <anamanzanares@MacBook-Pro-de-Ana.local>
Your name and email address were configured automatically based
on your username and hostname. Please check that they are accurate.
You can suppress this message by setting them explicitly:

    git config --global user.name "Your Name"
    git config --global user.email you@example.com

After doing this, you may fix the identity used for this commit with:

    git commit --amend --reset-author

 2 files changed, 25 insertions(+)
[2026-03-03 22:48:09] ✅ Commit creado exitosamente
[1;33m🔍 Verificando cambios pendientes...[0m
[1;33m📝 Cambios detectados. Creando commit automático...[0m
[main ecf22ef] Auto-commit: Actualización automática del portfolio
 Committer: Ana Manzanares <anamanzanares@MacBook-Pro-de-Ana.local>
Your name and email address were configured automatically based
on your username and hostname. Please check that they are accurate.
You can suppress this message by setting them explicitly:

    git config --global user.name "Your Name"
    git config --global user.email you@example.com

After doing this, you may fix the identity used for this commit with:

    git commit --amend --reset-author

 1 file changed, 17 insertions(+)
[0;32m✅ Commit automático creado exitosamente[0m
To https://github.com/anamanz7/anamanzanares.github.io.git
   01e4add..7d32a0c  main -> main
[2026-03-03 22:48:12] ✅ Push realizado exitosamente a GitHub
[2026-03-03 22:48:12] === Verificación completada ===
[2026-03-03 22:58:12] === Iniciando verificación automática ===
[2026-03-03 22:58:12] Cambios detectados, creando commit...
[main 414db61] Auto-commit: 1 modificado(s)
 Committer: Ana Manzanares <anamanzanares@MacBook-Pro-de-Ana.local>
Your name and email address were configured automatically based
on your username and hostname. Please check that they are accurate.
You can suppress this message by setting them explicitly:

    git config --global user.name "Your Name"
    git config --global user.email you@example.com

After doing this, you may fix the identity used for this commit with:

    git commit --amend --reset-author

 2 files changed, 25 insertions(+)
[2026-03-03 22:58:12] ✅ Commit creado exitosamente
[1;33m🔍 Verificando cambios pendientes...[0m
[1;33m📝 Cambios detectados. Creando commit automático...[0m
[main 0b9fa57] Auto-commit: Actualización automática del portfolio
 Committer: Ana Manzanares <anamanzanares@MacBook-Pro-de-Ana.local>
Your name and email address were configured automatically based
on your username and hostname. Please check that they are accurate.
You can suppress this message by setting them explicitly:

    git config --global user.name "Your Name"
    git config --global user.email you@example.com

After doing this, you may fix the identity used for this commit with:

    git commit --amend --reset-author

 1 file changed, 17 insertions(+)
[0;32m✅ Commit automático creado exitosamente[0m
To https://github.com/anamanz7/anamanzanares.github.io.git
   ecf22ef..414db61  main -> main
[2026-03-03 22:58:17] ✅ Push realizado exitosamente a GitHub
[2026-03-03 22:58:17] === Verificación completada ===
[2026-03-03 23:08:17] === Iniciando verificación automática ===
[2026-03-03 23:08:17] Cambios detectados, creando commit...
[main aea4367] Auto-commit: 1 modificado(s)
 Committer: Ana Manzanares <anamanzanares@MacBook-Pro-de-Ana.local>
Your name and email address were configured automatically based
on your username and hostname. Please check that they are accurate.
You can suppress this message by setting them explicitly:

    git config --global user.name "Your Name"
    git config --global user.email you@example.com

After doing this, you may fix the identity used for this commit with:

    git commit --amend --reset-author

 2 files changed, 25 insertions(+)
[2026-03-03 23:08:17] ✅ Commit creado exitosamente
[1;33m🔍 Verificando cambios pendientes...[0m
[1;33m📝 Cambios detectados. Creando commit automático...[0m
[main d44361c] Auto-commit: Actualización automática del portfolio
 Committer: Ana Manzanares <anamanzanares@MacBook-Pro-de-Ana.local>
Your name and email address were configured automatically based
on your username and hostname. Please check that they are accurate.
You can suppress this message by setting them explicitly:

    git config --global user.name "Your Name"
    git config --global user.email you@example.com

After doing this, you may fix the identity used for this commit with:

    git commit --amend --reset-author

 1 file changed, 17 insertions(+)
[0;32m✅ Commit automático creado exitosamente[0m
To https://github.com/anamanz7/anamanzanares.github.io.git
   0b9fa57..aea4367  main -> main
[2026-03-03 23:08:19] ✅ Push realizado exitosamente a GitHub
[2026-03-03 23:08:19] === Verificación completada ===
[2026-03-03 23:18:20] === Iniciando verificación automática ===
[2026-03-03 23:18:20] Cambios detectados, creando commit...
[main 9b22517] Auto-commit: 1 modificado(s)
 Committer: Ana Manzanares <anamanzanares@MacBook-Pro-de-Ana.local>
Your name and email address were configured automatically based
on your username and hostname. Please check that they are accurate.
You can suppress this message by setting them explicitly:

    git config --global user.name "Your Name"
    git config --global user.email you@example.com

After doing this, you may fix the identity used for this commit with:

    git commit --amend --reset-author

 2 files changed, 25 insertions(+)
[2026-03-03 23:18:20] ✅ Commit creado exitosamente
[1;33m🔍 Verificando cambios pendientes...[0m
[1;33m📝 Cambios detectados. Creando commit automático...[0m
[main 63dfb9e] Auto-commit: Actualización automática del portfolio
 Committer: Ana Manzanares <anamanzanares@MacBook-Pro-de-Ana.local>
Your name and email address were configured automatically based
on your username and hostname. Please check that they are accurate.
You can suppress this message by setting them explicitly:

    git config --global user.name "Your Name"
    git config --global user.email you@example.com

After doing this, you may fix the identity used for this commit with:

    git commit --amend --reset-author

 1 file changed, 17 insertions(+)
[0;32m✅ Commit automático creado exitosamente[0m
To https://github.com/anamanz7/anamanzanares.github.io.git
   d44361c..9b22517  main -> main
[2026-03-03 23:18:23] ✅ Push realizado exitosamente a GitHub
[2026-03-03 23:18:23] === Verificación completada ===
[2026-03-03 23:28:23] === Iniciando verificación automática ===
[2026-03-03 23:28:23] Cambios detectados, creando commit...
[main cbb722d] Auto-commit: 1 modificado(s)
 Committer: Ana Manzanares <anamanzanares@MacBook-Pro-de-Ana.local>
Your name and email address were configured automatically based
on your username and hostname. Please check that they are accurate.
You can suppress this message by setting them explicitly:

    git config --global user.name "Your Name"
    git config --global user.email you@example.com

After doing this, you may fix the identity used for this commit with:

    git commit --amend --reset-author

 2 files changed, 25 insertions(+)
[2026-03-03 23:28:23] ✅ Commit creado exitosamente
[1;33m🔍 Verificando cambios pendientes...[0m
[1;33m📝 Cambios detectados. Creando commit automático...[0m
[main 9b9c792] Auto-commit: Actualización automática del portfolio
 Committer: Ana Manzanares <anamanzanares@MacBook-Pro-de-Ana.local>
Your name and email address were configured automatically based
on your username and hostname. Please check that they are accurate.
You can suppress this message by setting them explicitly:

    git config --global user.name "Your Name"
    git config --global user.email you@example.com

After doing this, you may fix the identity used for this commit with:

    git commit --amend --reset-author

 1 file changed, 17 insertions(+)
[0;32m✅ Commit automático creado exitosamente[0m
To https://github.com/anamanz7/anamanzanares.github.io.git
   63dfb9e..cbb722d  main -> main
[2026-03-03 23:28:26] ✅ Push realizado exitosamente a GitHub
[2026-03-03 23:28:26] === Verificación completada ===
[2026-03-03 23:38:26] === Iniciando verificación automática ===
[2026-03-03 23:38:26] Cambios detectados, creando commit...
[main 6c132ac] Auto-commit: 1 modificado(s)
 Committer: Ana Manzanares <anamanzanares@MacBook-Pro-de-Ana.local>
Your name and email address were configured automatically based
on your username and hostname. Please check that they are accurate.
You can suppress this message by setting them explicitly:

    git config --global user.name "Your Name"
    git config --global user.email you@example.com

After doing this, you may fix the identity used for this commit with:

    git commit --amend --reset-author

 2 files changed, 25 insertions(+)
[2026-03-03 23:38:26] ✅ Commit creado exitosamente
[1;33m🔍 Verificando cambios pendientes...[0m
[1;33m📝 Cambios detectados. Creando commit automático...[0m
[main 1425c4e] Auto-commit: Actualización automática del portfolio
 Committer: Ana Manzanares <anamanzanares@MacBook-Pro-de-Ana.local>
Your name and email address were configured automatically based
on your username and hostname. Please check that they are accurate.
You can suppress this message by setting them explicitly:

    git config --global user.name "Your Name"
    git config --global user.email you@example.com

After doing this, you may fix the identity used for this commit with:

    git commit --amend --reset-author

 1 file changed, 17 insertions(+)
[0;32m✅ Commit automático creado exitosamente[0m
To https://github.com/anamanz7/anamanzanares.github.io.git
   9b9c792..6c132ac  main -> main
[2026-03-03 23:38:28] ✅ Push realizado exitosamente a GitHub
[2026-03-03 23:38:28] === Verificación completada ===
[2026-03-03 23:48:28] === Iniciando verificación automática ===
[2026-03-03 23:48:28] Cambios detectados, creando commit...
[main 32ffcfe] Auto-commit: 1 modificado(s)
 Committer: Ana Manzanares <anamanzanares@MacBook-Pro-de-Ana.local>
Your name and email address were configured automatically based
on your username and hostname. Please check that they are accurate.
You can suppress this message by setting them explicitly:

    git config --global user.name "Your Name"
    git config --global user.email you@example.com

After doing this, you may fix the identity used for this commit with:

    git commit --amend --reset-author

 2 files changed, 25 insertions(+)
[2026-03-03 23:48:29] ✅ Commit creado exitosamente
[1;33m🔍 Verificando cambios pendientes...[0m
[1;33m📝 Cambios detectados. Creando commit automático...[0m
[main 84a6f39] Auto-commit: Actualización automática del portfolio
 Committer: Ana Manzanares <anamanzanares@MacBook-Pro-de-Ana.local>
Your name and email address were configured automatically based
on your username and hostname. Please check that they are accurate.
You can suppress this message by setting them explicitly:

    git config --global user.name "Your Name"
    git config --global user.email you@example.com

After doing this, you may fix the identity used for this commit with:

    git commit --amend --reset-author

 1 file changed, 17 insertions(+)
[0;32m✅ Commit automático creado exitosamente[0m
To https://github.com/anamanz7/anamanzanares.github.io.git
   1425c4e..32ffcfe  main -> main
[2026-03-03 23:48:30] ✅ Push realizado exitosamente a GitHub
[2026-03-03 23:48:30] === Verificación completada ===
[2026-03-03 23:58:30] === Iniciando verificación automática ===
[2026-03-03 23:58:30] Cambios detectados, creando commit...
[main d81908f] Auto-commit: 1 modificado(s)
 Committer: Ana Manzanares <anamanzanares@MacBook-Pro-de-Ana.local>
Your name and email address were configured automatically based
on your username and hostname. Please check that they are accurate.
You can suppress this message by setting them explicitly:

    git config --global user.name "Your Name"
    git config --global user.email you@example.com

After doing this, you may fix the identity used for this commit with:

    git commit --amend --reset-author

 2 files changed, 25 insertions(+)
[2026-03-03 23:58:31] ✅ Commit creado exitosamente
[1;33m🔍 Verificando cambios pendientes...[0m
[1;33m📝 Cambios detectados. Creando commit automático...[0m
[main ec17c0b] Auto-commit: Actualización automática del portfolio
 Committer: Ana Manzanares <anamanzanares@MacBook-Pro-de-Ana.local>
Your name and email address were configured automatically based
on your username and hostname. Please check that they are accurate.
You can suppress this message by setting them explicitly:

    git config --global user.name "Your Name"
    git config --global user.email you@example.com

After doing this, you may fix the identity used for this commit with:

    git commit --amend --reset-author

 1 file changed, 17 insertions(+)
[0;32m✅ Commit automático creado exitosamente[0m
To https://github.com/anamanz7/anamanzanares.github.io.git
   84a6f39..d81908f  main -> main
[2026-03-03 23:58:33] ✅ Push realizado exitosamente a GitHub
[2026-03-03 23:58:33] === Verificación completada ===
[2026-03-04 00:08:33] === Iniciando verificación automática ===
[2026-03-04 00:08:33] Cambios detectados, creando commit...
[main 6d13dab] Auto-commit: 1 modificado(s)
 Committer: Ana Manzanares <anamanzanares@MacBook-Pro-de-Ana.local>
Your name and email address were configured automatically based
on your username and hostname. Please check that they are accurate.
You can suppress this message by setting them explicitly:

    git config --global user.name "Your Name"
    git config --global user.email you@example.com

After doing this, you may fix the identity used for this commit with:

    git commit --amend --reset-author

 2 files changed, 25 insertions(+)
[2026-03-04 00:08:33] ✅ Commit creado exitosamente
[1;33m🔍 Verificando cambios pendientes...[0m
[1;33m📝 Cambios detectados. Creando commit automático...[0m
[main db3e4ea] Auto-commit: Actualización automática del portfolio
 Committer: Ana Manzanares <anamanzanares@MacBook-Pro-de-Ana.local>
Your name and email address were configured automatically based
on your username and hostname. Please check that they are accurate.
You can suppress this message by setting them explicitly:

    git config --global user.name "Your Name"
    git config --global user.email you@example.com

After doing this, you may fix the identity used for this commit with:

    git commit --amend --reset-author

 1 file changed, 17 insertions(+)
[0;32m✅ Commit automático creado exitosamente[0m
To https://github.com/anamanz7/anamanzanares.github.io.git
   ec17c0b..6d13dab  main -> main
[2026-03-04 00:08:36] ✅ Push realizado exitosamente a GitHub
[2026-03-04 00:08:36] === Verificación completada ===
[2026-03-04 00:18:36] === Iniciando verificación automática ===
[2026-03-04 00:18:36] Cambios detectados, creando commit...
[main 3b163ac] Auto-commit: 1 modificado(s)
 Committer: Ana Manzanares <anamanzanares@MacBook-Pro-de-Ana.local>
Your name and email address were configured automatically based
on your username and hostname. Please check that they are accurate.
You can suppress this message by setting them explicitly:

    git config --global user.name "Your Name"
    git config --global user.email you@example.com

After doing this, you may fix the identity used for this commit with:

    git commit --amend --reset-author

 2 files changed, 25 insertions(+)
[2026-03-04 00:18:36] ✅ Commit creado exitosamente
[1;33m🔍 Verificando cambios pendientes...[0m
[1;33m📝 Cambios detectados. Creando commit automático...[0m
[main 2ababeb] Auto-commit: Actualización automática del portfolio
 Committer: Ana Manzanares <anamanzanares@MacBook-Pro-de-Ana.local>
Your name and email address were configured automatically based
on your username and hostname. Please check that they are accurate.
You can suppress this message by setting them explicitly:

    git config --global user.name "Your Name"
    git config --global user.email you@example.com

After doing this, you may fix the identity used for this commit with:

    git commit --amend --reset-author

 1 file changed, 17 insertions(+)
[0;32m✅ Commit automático creado exitosamente[0m
To https://github.com/anamanz7/anamanzanares.github.io.git
   db3e4ea..3b163ac  main -> main
[2026-03-04 00:18:38] ✅ Push realizado exitosamente a GitHub
[2026-03-04 00:18:38] === Verificación completada ===
[2026-03-04 00:28:38] === Iniciando verificación automática ===
[2026-03-04 00:28:38] Cambios detectados, creando commit...
[main a610b75] Auto-commit: 1 modificado(s)
 Committer: Ana Manzanares <anamanzanares@MacBook-Pro-de-Ana.local>
Your name and email address were configured automatically based
on your username and hostname. Please check that they are accurate.
You can suppress this message by setting them explicitly:

    git config --global user.name "Your Name"
    git config --global user.email you@example.com

After doing this, you may fix the identity used for this commit with:

    git commit --amend --reset-author

 2 files changed, 25 insertions(+)
[2026-03-04 00:28:39] ✅ Commit creado exitosamente
[1;33m🔍 Verificando cambios pendientes...[0m
[1;33m📝 Cambios detectados. Creando commit automático...[0m
[main e5edc27] Auto-commit: Actualización automática del portfolio
 Committer: Ana Manzanares <anamanzanares@MacBook-Pro-de-Ana.local>
Your name and email address were configured automatically based
on your username and hostname. Please check that they are accurate.
You can suppress this message by setting them explicitly:

    git config --global user.name "Your Name"
    git config --global user.email you@example.com

After doing this, you may fix the identity used for this commit with:

    git commit --amend --reset-author

 1 file changed, 17 insertions(+)
[0;32m✅ Commit automático creado exitosamente[0m
To https://github.com/anamanz7/anamanzanares.github.io.git
   2ababeb..a610b75  main -> main
[2026-03-04 00:28:43] ✅ Push realizado exitosamente a GitHub
[2026-03-04 00:28:43] === Verificación completada ===
[2026-03-04 00:38:43] === Iniciando verificación automática ===
[2026-03-04 00:38:43] Cambios detectados, creando commit...
[main ab82008] Auto-commit: 1 modificado(s)
 Committer: Ana Manzanares <anamanzanares@MacBook-Pro-de-Ana.local>
Your name and email address were configured automatically based
on your username and hostname. Please check that they are accurate.
You can suppress this message by setting them explicitly:

    git config --global user.name "Your Name"
    git config --global user.email you@example.com

After doing this, you may fix the identity used for this commit with:

    git commit --amend --reset-author

 2 files changed, 25 insertions(+)
[2026-03-04 00:38:43] ✅ Commit creado exitosamente
[1;33m🔍 Verificando cambios pendientes...[0m
[1;33m📝 Cambios detectados. Creando commit automático...[0m
[main a1eca31] Auto-commit: Actualización automática del portfolio
 Committer: Ana Manzanares <anamanzanares@MacBook-Pro-de-Ana.local>
Your name and email address were configured automatically based
on your username and hostname. Please check that they are accurate.
You can suppress this message by setting them explicitly:

    git config --global user.name "Your Name"
    git config --global user.email you@example.com

After doing this, you may fix the identity used for this commit with:

    git commit --amend --reset-author

 1 file changed, 17 insertions(+)
[0;32m✅ Commit automático creado exitosamente[0m
To https://github.com/anamanz7/anamanzanares.github.io.git
   e5edc27..ab82008  main -> main
[2026-03-04 00:38:45] ✅ Push realizado exitosamente a GitHub
[2026-03-04 00:38:45] === Verificación completada ===
[2026-03-04 00:48:45] === Iniciando verificación automática ===
[2026-03-04 00:48:45] Cambios detectados, creando commit...
[main a728ce4] Auto-commit: 1 modificado(s)
 Committer: Ana Manzanares <anamanzanares@MacBook-Pro-de-Ana.local>
Your name and email address were configured automatically based
on your username and hostname. Please check that they are accurate.
You can suppress this message by setting them explicitly:

    git config --global user.name "Your Name"
    git config --global user.email you@example.com

After doing this, you may fix the identity used for this commit with:

    git commit --amend --reset-author

 2 files changed, 25 insertions(+)
[2026-03-04 00:48:45] ✅ Commit creado exitosamente
[1;33m🔍 Verificando cambios pendientes...[0m
[1;33m📝 Cambios detectados. Creando commit automático...[0m
[main a12c1f9] Auto-commit: Actualización automática del portfolio
 Committer: Ana Manzanares <anamanzanares@MacBook-Pro-de-Ana.local>
Your name and email address were configured automatically based
on your username and hostname. Please check that they are accurate.
You can suppress this message by setting them explicitly:

    git config --global user.name "Your Name"
    git config --global user.email you@example.com

After doing this, you may fix the identity used for this commit with:

    git commit --amend --reset-author

 1 file changed, 17 insertions(+)
[0;32m✅ Commit automático creado exitosamente[0m
To https://github.com/anamanz7/anamanzanares.github.io.git
   a1eca31..a728ce4  main -> main
[2026-03-04 00:48:47] ✅ Push realizado exitosamente a GitHub
[2026-03-04 00:48:47] === Verificación completada ===
[2026-03-04 21:54:21] === Iniciando verificación automática ===
[2026-03-04 21:54:22] Cambios detectados, creando commit...
[main 2841e6e] Auto-commit: 1 modificado(s)
 Committer: Ana Manzanares <anamanzanares@MacBook-Pro-de-Ana.local>
Your name and email address were configured automatically based
on your username and hostname. Please check that they are accurate.
You can suppress this message by setting them explicitly:

    git config --global user.name "Your Name"
    git config --global user.email you@example.com

After doing this, you may fix the identity used for this commit with:

    git commit --amend --reset-author

 2 files changed, 25 insertions(+)
[2026-03-04 21:54:23] ✅ Commit creado exitosamente
[1;33m🔍 Verificando cambios pendientes...[0m
[1;33m📝 Cambios detectados. Creando commit automático...[0m
[main 6d47683] Auto-commit: Actualización automática del portfolio
 Committer: Ana Manzanares <anamanzanares@MacBook-Pro-de-Ana.local>
Your name and email address were configured automatically based
on your username and hostname. Please check that they are accurate.
You can suppress this message by setting them explicitly:

    git config --global user.name "Your Name"
    git config --global user.email you@example.com

After doing this, you may fix the identity used for this commit with:

    git commit --amend --reset-author

 1 file changed, 17 insertions(+)
[0;32m✅ Commit automático creado exitosamente[0m
To https://github.com/anamanz7/anamanzanares.github.io.git
   a12c1f9..2841e6e  main -> main
[2026-03-04 21:54:28] ✅ Push realizado exitosamente a GitHub
[2026-03-04 21:54:28] === Verificación completada ===
[2026-03-04 22:04:28] === Iniciando verificación automática ===
[2026-03-04 22:04:28] Cambios detectados, creando commit...
[main 3423ba9] Auto-commit: 1 modificado(s)
 Committer: Ana Manzanares <anamanzanares@MacBook-Pro-de-Ana.local>
Your name and email address were configured automatically based
on your username and hostname. Please check that they are accurate.
You can suppress this message by setting them explicitly:

    git config --global user.name "Your Name"
    git config --global user.email you@example.com

After doing this, you may fix the identity used for this commit with:

    git commit --amend --reset-author

 2 files changed, 25 insertions(+)
[2026-03-04 22:04:28] ✅ Commit creado exitosamente
[1;33m🔍 Verificando cambios pendientes...[0m
[1;33m📝 Cambios detectados. Creando commit automático...[0m
[main 6124900] Auto-commit: Actualización automática del portfolio
 Committer: Ana Manzanares <anamanzanares@MacBook-Pro-de-Ana.local>
Your name and email address were configured automatically based
on your username and hostname. Please check that they are accurate.
You can suppress this message by setting them explicitly:

    git config --global user.name "Your Name"
    git config --global user.email you@example.com

After doing this, you may fix the identity used for this commit with:

    git commit --amend --reset-author

 1 file changed, 17 insertions(+)
[0;32m✅ Commit automático creado exitosamente[0m
To https://github.com/anamanz7/anamanzanares.github.io.git
   6d47683..3423ba9  main -> main
[2026-03-04 22:04:30] ✅ Push realizado exitosamente a GitHub
[2026-03-04 22:04:30] === Verificación completada ===
[2026-03-04 22:14:30] === Iniciando verificación automática ===
[2026-03-04 22:14:30] Cambios detectados, creando commit...
[main c75921b] Auto-commit: 1 modificado(s)
 Committer: Ana Manzanares <anamanzanares@MacBook-Pro-de-Ana.local>
Your name and email address were configured automatically based
on your username and hostname. Please check that they are accurate.
You can suppress this message by setting them explicitly:

    git config --global user.name "Your Name"
    git config --global user.email you@example.com

After doing this, you may fix the identity used for this commit with:

    git commit --amend --reset-author

 2 files changed, 25 insertions(+)
[2026-03-04 22:14:30] ✅ Commit creado exitosamente
[1;33m🔍 Verificando cambios pendientes...[0m
[1;33m📝 Cambios detectados. Creando commit automático...[0m
[main 6b62369] Auto-commit: Actualización automática del portfolio
 Committer: Ana Manzanares <anamanzanares@MacBook-Pro-de-Ana.local>
Your name and email address were configured automatically based
on your username and hostname. Please check that they are accurate.
You can suppress this message by setting them explicitly:

    git config --global user.name "Your Name"
    git config --global user.email you@example.com

After doing this, you may fix the identity used for this commit with:

    git commit --amend --reset-author

 1 file changed, 17 insertions(+)
[0;32m✅ Commit automático creado exitosamente[0m
To https://github.com/anamanz7/anamanzanares.github.io.git
   6124900..c75921b  main -> main
[2026-03-04 22:14:32] ✅ Push realizado exitosamente a GitHub
[2026-03-04 22:14:32] === Verificación completada ===
[2026-03-04 22:24:32] === Iniciando verificación automática ===
[2026-03-04 22:24:32] Cambios detectados, creando commit...
[main 2ebcffc] Auto-commit: 1 modificado(s)
 Committer: Ana Manzanares <anamanzanares@MacBook-Pro-de-Ana.local>
Your name and email address were configured automatically based
on your username and hostname. Please check that they are accurate.
You can suppress this message by setting them explicitly:

    git config --global user.name "Your Name"
    git config --global user.email you@example.com

After doing this, you may fix the identity used for this commit with:

    git commit --amend --reset-author

 2 files changed, 25 insertions(+)
[2026-03-04 22:24:33] ✅ Commit creado exitosamente
[1;33m🔍 Verificando cambios pendientes...[0m
[1;33m📝 Cambios detectados. Creando commit automático...[0m
[main 9d97ddf] Auto-commit: Actualización automática del portfolio
 Committer: Ana Manzanares <anamanzanares@MacBook-Pro-de-Ana.local>
Your name and email address were configured automatically based
on your username and hostname. Please check that they are accurate.
You can suppress this message by setting them explicitly:

    git config --global user.name "Your Name"
    git config --global user.email you@example.com

After doing this, you may fix the identity used for this commit with:

    git commit --amend --reset-author

 1 file changed, 17 insertions(+)
[0;32m✅ Commit automático creado exitosamente[0m
To https://github.com/anamanz7/anamanzanares.github.io.git
   6b62369..2ebcffc  main -> main
[2026-03-04 22:24:35] ✅ Push realizado exitosamente a GitHub
[2026-03-04 22:24:35] === Verificación completada ===
[2026-03-04 22:34:35] === Iniciando verificación automática ===
[2026-03-04 22:34:35] Cambios detectados, creando commit...
[main 3a63289] Auto-commit: 1 modificado(s)
 Committer: Ana Manzanares <anamanzanares@MacBook-Pro-de-Ana.local>
Your name and email address were configured automatically based
on your username and hostname. Please check that they are accurate.
You can suppress this message by setting them explicitly:

    git config --global user.name "Your Name"
    git config --global user.email you@example.com

After doing this, you may fix the identity used for this commit with:

    git commit --amend --reset-author

 2 files changed, 25 insertions(+)
[2026-03-04 22:34:35] ✅ Commit creado exitosamente
[1;33m🔍 Verificando cambios pendientes...[0m
[1;33m📝 Cambios detectados. Creando commit automático...[0m
[main d93692e] Auto-commit: Actualización automática del portfolio
 Committer: Ana Manzanares <anamanzanares@MacBook-Pro-de-Ana.local>
Your name and email address were configured automatically based
on your username and hostname. Please check that they are accurate.
You can suppress this message by setting them explicitly:

    git config --global user.name "Your Name"
    git config --global user.email you@example.com

After doing this, you may fix the identity used for this commit with:

    git commit --amend --reset-author

 1 file changed, 17 insertions(+)
[0;32m✅ Commit automático creado exitosamente[0m
To https://github.com/anamanz7/anamanzanares.github.io.git
   9d97ddf..3a63289  main -> main
[2026-03-04 22:34:37] ✅ Push realizado exitosamente a GitHub
[2026-03-04 22:34:37] === Verificación completada ===
[2026-03-04 22:44:37] === Iniciando verificación automática ===
[2026-03-04 22:44:37] Cambios detectados, creando commit...
[main f673663] Auto-commit: 1 modificado(s)
 Committer: Ana Manzanares <anamanzanares@MacBook-Pro-de-Ana.local>
Your name and email address were configured automatically based
on your username and hostname. Please check that they are accurate.
You can suppress this message by setting them explicitly:

    git config --global user.name "Your Name"
    git config --global user.email you@example.com

After doing this, you may fix the identity used for this commit with:

    git commit --amend --reset-author

 2 files changed, 25 insertions(+)
[2026-03-04 22:44:37] ✅ Commit creado exitosamente
[1;33m🔍 Verificando cambios pendientes...[0m
[1;33m📝 Cambios detectados. Creando commit automático...[0m
[main 38c8909] Auto-commit: Actualización automática del portfolio
 Committer: Ana Manzanares <anamanzanares@MacBook-Pro-de-Ana.local>
Your name and email address were configured automatically based
on your username and hostname. Please check that they are accurate.
You can suppress this message by setting them explicitly:

    git config --global user.name "Your Name"
    git config --global user.email you@example.com

After doing this, you may fix the identity used for this commit with:

    git commit --amend --reset-author

 1 file changed, 17 insertions(+)
[0;32m✅ Commit automático creado exitosamente[0m
To https://github.com/anamanz7/anamanzanares.github.io.git
   d93692e..f673663  main -> main
[2026-03-04 22:44:39] ✅ Push realizado exitosamente a GitHub
[2026-03-04 22:44:39] === Verificación completada ===
[2026-03-04 22:54:39] === Iniciando verificación automática ===
[2026-03-04 22:54:39] Cambios detectados, creando commit...
[main 4767904] Auto-commit: 1 modificado(s)
 Committer: Ana Manzanares <anamanzanares@MacBook-Pro-de-Ana.local>
Your name and email address were configured automatically based
on your username and hostname. Please check that they are accurate.
You can suppress this message by setting them explicitly:

    git config --global user.name "Your Name"
    git config --global user.email you@example.com

After doing this, you may fix the identity used for this commit with:

    git commit --amend --reset-author

 2 files changed, 25 insertions(+)
[2026-03-04 22:54:39] ✅ Commit creado exitosamente
[1;33m🔍 Verificando cambios pendientes...[0m
[1;33m📝 Cambios detectados. Creando commit automático...[0m
[main 8f7d87a] Auto-commit: Actualización automática del portfolio
 Committer: Ana Manzanares <anamanzanares@MacBook-Pro-de-Ana.local>
Your name and email address were configured automatically based
on your username and hostname. Please check that they are accurate.
You can suppress this message by setting them explicitly:

    git config --global user.name "Your Name"
    git config --global user.email you@example.com

After doing this, you may fix the identity used for this commit with:

    git commit --amend --reset-author

 1 file changed, 17 insertions(+)
[0;32m✅ Commit automático creado exitosamente[0m
To https://github.com/anamanz7/anamanzanares.github.io.git
   38c8909..4767904  main -> main
[2026-03-04 22:54:42] ✅ Push realizado exitosamente a GitHub
[2026-03-04 22:54:42] === Verificación completada ===
[2026-03-04 23:04:42] === Iniciando verificación automática ===
[2026-03-04 23:04:42] Cambios detectados, creando commit...
[main 0ba8005] Auto-commit: 1 modificado(s)
 Committer: Ana Manzanares <anamanzanares@MacBook-Pro-de-Ana.local>
Your name and email address were configured automatically based
on your username and hostname. Please check that they are accurate.
You can suppress this message by setting them explicitly:

    git config --global user.name "Your Name"
    git config --global user.email you@example.com

After doing this, you may fix the identity used for this commit with:

    git commit --amend --reset-author

 2 files changed, 25 insertions(+)
[2026-03-04 23:04:42] ✅ Commit creado exitosamente
[1;33m🔍 Verificando cambios pendientes...[0m
[1;33m📝 Cambios detectados. Creando commit automático...[0m
[main 95730d1] Auto-commit: Actualización automática del portfolio
 Committer: Ana Manzanares <anamanzanares@MacBook-Pro-de-Ana.local>
Your name and email address were configured automatically based
on your username and hostname. Please check that they are accurate.
You can suppress this message by setting them explicitly:

    git config --global user.name "Your Name"
    git config --global user.email you@example.com

After doing this, you may fix the identity used for this commit with:

    git commit --amend --reset-author

 1 file changed, 17 insertions(+)
[0;32m✅ Commit automático creado exitosamente[0m
To https://github.com/anamanz7/anamanzanares.github.io.git
   8f7d87a..0ba8005  main -> main
[2026-03-04 23:04:44] ✅ Push realizado exitosamente a GitHub
[2026-03-04 23:04:44] === Verificación completada ===
[2026-03-04 23:14:44] === Iniciando verificación automática ===
[2026-03-04 23:14:45] Cambios detectados, creando commit...
[main e9f2a80] Auto-commit: 1 modificado(s)
 Committer: Ana Manzanares <anamanzanares@MacBook-Pro-de-Ana.local>
Your name and email address were configured automatically based
on your username and hostname. Please check that they are accurate.
You can suppress this message by setting them explicitly:

    git config --global user.name "Your Name"
    git config --global user.email you@example.com

After doing this, you may fix the identity used for this commit with:

    git commit --amend --reset-author

 2 files changed, 25 insertions(+)
[2026-03-04 23:14:45] ✅ Commit creado exitosamente
[1;33m🔍 Verificando cambios pendientes...[0m
[1;33m📝 Cambios detectados. Creando commit automático...[0m
[main 16e47a0] Auto-commit: Actualización automática del portfolio
 Committer: Ana Manzanares <anamanzanares@MacBook-Pro-de-Ana.local>
Your name and email address were configured automatically based
on your username and hostname. Please check that they are accurate.
You can suppress this message by setting them explicitly:

    git config --global user.name "Your Name"
    git config --global user.email you@example.com

After doing this, you may fix the identity used for this commit with:

    git commit --amend --reset-author

 1 file changed, 17 insertions(+)
[0;32m✅ Commit automático creado exitosamente[0m
To https://github.com/anamanz7/anamanzanares.github.io.git
   95730d1..e9f2a80  main -> main
[2026-03-04 23:14:48] ✅ Push realizado exitosamente a GitHub
[2026-03-04 23:14:48] === Verificación completada ===
[2026-03-04 23:24:48] === Iniciando verificación automática ===
[2026-03-04 23:24:48] Cambios detectados, creando commit...
[main 780288b] Auto-commit: 1 modificado(s)
 Committer: Ana Manzanares <anamanzanares@MacBook-Pro-de-Ana.local>
Your name and email address were configured automatically based
on your username and hostname. Please check that they are accurate.
You can suppress this message by setting them explicitly:

    git config --global user.name "Your Name"
    git config --global user.email you@example.com

After doing this, you may fix the identity used for this commit with:

    git commit --amend --reset-author

 2 files changed, 25 insertions(+)
[2026-03-04 23:24:48] ✅ Commit creado exitosamente
[1;33m🔍 Verificando cambios pendientes...[0m
[1;33m📝 Cambios detectados. Creando commit automático...[0m
[main 5978996] Auto-commit: Actualización automática del portfolio
 Committer: Ana Manzanares <anamanzanares@MacBook-Pro-de-Ana.local>
Your name and email address were configured automatically based
on your username and hostname. Please check that they are accurate.
You can suppress this message by setting them explicitly:

    git config --global user.name "Your Name"
    git config --global user.email you@example.com

After doing this, you may fix the identity used for this commit with:

    git commit --amend --reset-author

 1 file changed, 17 insertions(+)
[0;32m✅ Commit automático creado exitosamente[0m
To https://github.com/anamanz7/anamanzanares.github.io.git
   16e47a0..780288b  main -> main
[2026-03-04 23:24:51] ✅ Push realizado exitosamente a GitHub
[2026-03-04 23:24:51] === Verificación completada ===
[2026-03-04 23:34:51] === Iniciando verificación automática ===
[2026-03-04 23:34:51] Cambios detectados, creando commit...
[main 993ff68] Auto-commit: 1 modificado(s)
 Committer: Ana Manzanares <anamanzanares@MacBook-Pro-de-Ana.local>
Your name and email address were configured automatically based
on your username and hostname. Please check that they are accurate.
You can suppress this message by setting them explicitly:

    git config --global user.name "Your Name"
    git config --global user.email you@example.com

After doing this, you may fix the identity used for this commit with:

    git commit --amend --reset-author

 2 files changed, 25 insertions(+)
[2026-03-04 23:34:51] ✅ Commit creado exitosamente
[1;33m🔍 Verificando cambios pendientes...[0m
[1;33m📝 Cambios detectados. Creando commit automático...[0m
[main c364f5f] Auto-commit: Actualización automática del portfolio
 Committer: Ana Manzanares <anamanzanares@MacBook-Pro-de-Ana.local>
Your name and email address were configured automatically based
on your username and hostname. Please check that they are accurate.
You can suppress this message by setting them explicitly:

    git config --global user.name "Your Name"
    git config --global user.email you@example.com

After doing this, you may fix the identity used for this commit with:

    git commit --amend --reset-author

 1 file changed, 17 insertions(+)
[0;32m✅ Commit automático creado exitosamente[0m
To https://github.com/anamanz7/anamanzanares.github.io.git
   5978996..993ff68  main -> main
[2026-03-04 23:34:54] ✅ Push realizado exitosamente a GitHub
[2026-03-04 23:34:54] === Verificación completada ===
[2026-03-04 23:44:54] === Iniciando verificación automática ===
[2026-03-04 23:44:54] Cambios detectados, creando commit...
[main aef805f] Auto-commit: 1 modificado(s)
 Committer: Ana Manzanares <anamanzanares@MacBook-Pro-de-Ana.local>
Your name and email address were configured automatically based
on your username and hostname. Please check that they are accurate.
You can suppress this message by setting them explicitly:

    git config --global user.name "Your Name"
    git config --global user.email you@example.com

After doing this, you may fix the identity used for this commit with:

    git commit --amend --reset-author

 2 files changed, 25 insertions(+)
[2026-03-04 23:44:54] ✅ Commit creado exitosamente
[1;33m🔍 Verificando cambios pendientes...[0m
[1;33m📝 Cambios detectados. Creando commit automático...[0m
[main 9fa69de] Auto-commit: Actualización automática del portfolio
 Committer: Ana Manzanares <anamanzanares@MacBook-Pro-de-Ana.local>
Your name and email address were configured automatically based
on your username and hostname. Please check that they are accurate.
You can suppress this message by setting them explicitly:

    git config --global user.name "Your Name"
    git config --global user.email you@example.com

After doing this, you may fix the identity used for this commit with:

    git commit --amend --reset-author

 1 file changed, 17 insertions(+)
[0;32m✅ Commit automático creado exitosamente[0m
To https://github.com/anamanz7/anamanzanares.github.io.git
   c364f5f..aef805f  main -> main
[2026-03-04 23:44:57] ✅ Push realizado exitosamente a GitHub
[2026-03-04 23:44:57] === Verificación completada ===
[2026-03-04 23:54:57] === Iniciando verificación automática ===
[2026-03-04 23:54:57] Cambios detectados, creando commit...
[main 5a1eb01] Auto-commit: 1 modificado(s)
 Committer: Ana Manzanares <anamanzanares@MacBook-Pro-de-Ana.local>
Your name and email address were configured automatically based
on your username and hostname. Please check that they are accurate.
You can suppress this message by setting them explicitly:

    git config --global user.name "Your Name"
    git config --global user.email you@example.com

After doing this, you may fix the identity used for this commit with:

    git commit --amend --reset-author

 2 files changed, 25 insertions(+)
[2026-03-04 23:54:57] ✅ Commit creado exitosamente
[1;33m🔍 Verificando cambios pendientes...[0m
[1;33m📝 Cambios detectados. Creando commit automático...[0m
[main ee6faec] Auto-commit: Actualización automática del portfolio
 Committer: Ana Manzanares <anamanzanares@MacBook-Pro-de-Ana.local>
Your name and email address were configured automatically based
on your username and hostname. Please check that they are accurate.
You can suppress this message by setting them explicitly:

    git config --global user.name "Your Name"
    git config --global user.email you@example.com

After doing this, you may fix the identity used for this commit with:

    git commit --amend --reset-author

 1 file changed, 17 insertions(+)
[0;32m✅ Commit automático creado exitosamente[0m
To https://github.com/anamanz7/anamanzanares.github.io.git
   9fa69de..5a1eb01  main -> main
[2026-03-04 23:54:59] ✅ Push realizado exitosamente a GitHub
[2026-03-04 23:54:59] === Verificación completada ===
[2026-03-05 00:04:59] === Iniciando verificación automática ===
[2026-03-05 00:05:00] Cambios detectados, creando commit...
[main a45c524] Auto-commit: 1 modificado(s)
 Committer: Ana Manzanares <anamanzanares@MacBook-Pro-de-Ana.local>
Your name and email address were configured automatically based
on your username and hostname. Please check that they are accurate.
You can suppress this message by setting them explicitly:

    git config --global user.name "Your Name"
    git config --global user.email you@example.com

After doing this, you may fix the identity used for this commit with:

    git commit --amend --reset-author

 2 files changed, 25 insertions(+)
[2026-03-05 00:05:00] ✅ Commit creado exitosamente
[1;33m🔍 Verificando cambios pendientes...[0m
[1;33m📝 Cambios detectados. Creando commit automático...[0m
[main 085b6d6] Auto-commit: Actualización automática del portfolio
 Committer: Ana Manzanares <anamanzanares@MacBook-Pro-de-Ana.local>
Your name and email address were configured automatically based
on your username and hostname. Please check that they are accurate.
You can suppress this message by setting them explicitly:

    git config --global user.name "Your Name"
    git config --global user.email you@example.com

After doing this, you may fix the identity used for this commit with:

    git commit --amend --reset-author

 1 file changed, 17 insertions(+)
[0;32m✅ Commit automático creado exitosamente[0m
To https://github.com/anamanz7/anamanzanares.github.io.git
   ee6faec..a45c524  main -> main
[2026-03-05 00:05:03] ✅ Push realizado exitosamente a GitHub
[2026-03-05 00:05:03] === Verificación completada ===
[2026-03-05 00:15:03] === Iniciando verificación automática ===
[2026-03-05 00:15:03] Cambios detectados, creando commit...
[main 89c056e] Auto-commit: 1 modificado(s)
 Committer: Ana Manzanares <anamanzanares@MacBook-Pro-de-Ana.local>
Your name and email address were configured automatically based
on your username and hostname. Please check that they are accurate.
You can suppress this message by setting them explicitly:

    git config --global user.name "Your Name"
    git config --global user.email you@example.com

After doing this, you may fix the identity used for this commit with:

    git commit --amend --reset-author

 2 files changed, 25 insertions(+)
[2026-03-05 00:15:03] ✅ Commit creado exitosamente
[1;33m🔍 Verificando cambios pendientes...[0m
[1;33m📝 Cambios detectados. Creando commit automático...[0m
[main d57f4a0] Auto-commit: Actualización automática del portfolio
 Committer: Ana Manzanares <anamanzanares@MacBook-Pro-de-Ana.local>
Your name and email address were configured automatically based
on your username and hostname. Please check that they are accurate.
You can suppress this message by setting them explicitly:

    git config --global user.name "Your Name"
    git config --global user.email you@example.com

After doing this, you may fix the identity used for this commit with:

    git commit --amend --reset-author

 1 file changed, 17 insertions(+)
[0;32m✅ Commit automático creado exitosamente[0m
To https://github.com/anamanz7/anamanzanares.github.io.git
   085b6d6..89c056e  main -> main
[2026-03-05 00:15:06] ✅ Push realizado exitosamente a GitHub
[2026-03-05 00:15:06] === Verificación completada ===
[2026-03-05 22:11:45] === Iniciando verificación automática ===
[2026-03-05 22:11:47] Cambios detectados, creando commit...
[main 47d0f06] Auto-commit: 1 modificado(s)
 Committer: Ana Manzanares <anamanzanares@MacBook-Pro-de-Ana.local>
Your name and email address were configured automatically based
on your username and hostname. Please check that they are accurate.
You can suppress this message by setting them explicitly:

    git config --global user.name "Your Name"
    git config --global user.email you@example.com

After doing this, you may fix the identity used for this commit with:

    git commit --amend --reset-author

 2 files changed, 25 insertions(+)
[2026-03-05 22:11:48] ✅ Commit creado exitosamente
[1;33m🔍 Verificando cambios pendientes...[0m
[1;33m📝 Cambios detectados. Creando commit automático...[0m
[main 94a5bb3] Auto-commit: Actualización automática del portfolio
 Committer: Ana Manzanares <anamanzanares@MacBook-Pro-de-Ana.local>
Your name and email address were configured automatically based
on your username and hostname. Please check that they are accurate.
You can suppress this message by setting them explicitly:

    git config --global user.name "Your Name"
    git config --global user.email you@example.com

After doing this, you may fix the identity used for this commit with:

    git commit --amend --reset-author

 1 file changed, 17 insertions(+)
[0;32m✅ Commit automático creado exitosamente[0m
To https://github.com/anamanz7/anamanzanares.github.io.git
   d57f4a0..47d0f06  main -> main
[2026-03-05 22:11:52] ✅ Push realizado exitosamente a GitHub
[2026-03-05 22:11:52] === Verificación completada ===
[2026-03-05 22:21:52] === Iniciando verificación automática ===
[2026-03-05 22:21:52] Cambios detectados, creando commit...
[main a37c2c2] Auto-commit: 1 modificado(s)
 Committer: Ana Manzanares <anamanzanares@MacBook-Pro-de-Ana.local>
Your name and email address were configured automatically based
on your username and hostname. Please check that they are accurate.
You can suppress this message by setting them explicitly:

    git config --global user.name "Your Name"
    git config --global user.email you@example.com

After doing this, you may fix the identity used for this commit with:

    git commit --amend --reset-author

 2 files changed, 25 insertions(+)
[2026-03-05 22:21:52] ✅ Commit creado exitosamente
[1;33m🔍 Verificando cambios pendientes...[0m
[1;33m📝 Cambios detectados. Creando commit automático...[0m
[main 539dde1] Auto-commit: Actualización automática del portfolio
 Committer: Ana Manzanares <anamanzanares@MacBook-Pro-de-Ana.local>
Your name and email address were configured automatically based
on your username and hostname. Please check that they are accurate.
You can suppress this message by setting them explicitly:

    git config --global user.name "Your Name"
    git config --global user.email you@example.com

After doing this, you may fix the identity used for this commit with:

    git commit --amend --reset-author

 1 file changed, 17 insertions(+)
[0;32m✅ Commit automático creado exitosamente[0m
To https://github.com/anamanz7/anamanzanares.github.io.git
   94a5bb3..a37c2c2  main -> main
[2026-03-05 22:21:55] ✅ Push realizado exitosamente a GitHub
[2026-03-05 22:21:55] === Verificación completada ===
[2026-03-05 22:31:55] === Iniciando verificación automática ===
[2026-03-05 22:31:55] Cambios detectados, creando commit...
[main 6b81c0e] Auto-commit: 1 modificado(s)
 Committer: Ana Manzanares <anamanzanares@MacBook-Pro-de-Ana.local>
Your name and email address were configured automatically based
on your username and hostname. Please check that they are accurate.
You can suppress this message by setting them explicitly:

    git config --global user.name "Your Name"
    git config --global user.email you@example.com

After doing this, you may fix the identity used for this commit with:

    git commit --amend --reset-author

 2 files changed, 25 insertions(+)
[2026-03-05 22:31:55] ✅ Commit creado exitosamente
[1;33m🔍 Verificando cambios pendientes...[0m
[1;33m📝 Cambios detectados. Creando commit automático...[0m
[main 596830e] Auto-commit: Actualización automática del portfolio
 Committer: Ana Manzanares <anamanzanares@MacBook-Pro-de-Ana.local>
Your name and email address were configured automatically based
on your username and hostname. Please check that they are accurate.
You can suppress this message by setting them explicitly:

    git config --global user.name "Your Name"
    git config --global user.email you@example.com

After doing this, you may fix the identity used for this commit with:

    git commit --amend --reset-author

 1 file changed, 17 insertions(+)
[0;32m✅ Commit automático creado exitosamente[0m
To https://github.com/anamanz7/anamanzanares.github.io.git
   539dde1..6b81c0e  main -> main
[2026-03-05 22:31:57] ✅ Push realizado exitosamente a GitHub
[2026-03-05 22:31:57] === Verificación completada ===
[2026-03-05 22:41:57] === Iniciando verificación automática ===
[2026-03-05 22:41:57] Cambios detectados, creando commit...
[main 034578a] Auto-commit: 1 modificado(s)
 Committer: Ana Manzanares <anamanzanares@MacBook-Pro-de-Ana.local>
Your name and email address were configured automatically based
on your username and hostname. Please check that they are accurate.
You can suppress this message by setting them explicitly:

    git config --global user.name "Your Name"
    git config --global user.email you@example.com

After doing this, you may fix the identity used for this commit with:

    git commit --amend --reset-author

 2 files changed, 25 insertions(+)
[2026-03-05 22:41:57] ✅ Commit creado exitosamente
[1;33m🔍 Verificando cambios pendientes...[0m
[1;33m📝 Cambios detectados. Creando commit automático...[0m
[main 1adea5f] Auto-commit: Actualización automática del portfolio
 Committer: Ana Manzanares <anamanzanares@MacBook-Pro-de-Ana.local>
Your name and email address were configured automatically based
on your username and hostname. Please check that they are accurate.
You can suppress this message by setting them explicitly:

    git config --global user.name "Your Name"
    git config --global user.email you@example.com

After doing this, you may fix the identity used for this commit with:

    git commit --amend --reset-author

 1 file changed, 17 insertions(+)
[0;32m✅ Commit automático creado exitosamente[0m
To https://github.com/anamanz7/anamanzanares.github.io.git
   596830e..034578a  main -> main
[2026-03-05 22:41:59] ✅ Push realizado exitosamente a GitHub
[2026-03-05 22:41:59] === Verificación completada ===
[2026-03-05 22:51:59] === Iniciando verificación automática ===
[2026-03-05 22:51:59] Cambios detectados, creando commit...
[main 15297cf] Auto-commit: 1 modificado(s)
 Committer: Ana Manzanares <anamanzanares@MacBook-Pro-de-Ana.local>
Your name and email address were configured automatically based
on your username and hostname. Please check that they are accurate.
You can suppress this message by setting them explicitly:

    git config --global user.name "Your Name"
    git config --global user.email you@example.com

After doing this, you may fix the identity used for this commit with:

    git commit --amend --reset-author

 2 files changed, 25 insertions(+)
[2026-03-05 22:51:59] ✅ Commit creado exitosamente
[1;33m🔍 Verificando cambios pendientes...[0m
[1;33m📝 Cambios detectados. Creando commit automático...[0m
[main bfc2284] Auto-commit: Actualización automática del portfolio
 Committer: Ana Manzanares <anamanzanares@MacBook-Pro-de-Ana.local>
Your name and email address were configured automatically based
on your username and hostname. Please check that they are accurate.
You can suppress this message by setting them explicitly:

    git config --global user.name "Your Name"
    git config --global user.email you@example.com

After doing this, you may fix the identity used for this commit with:

    git commit --amend --reset-author

 1 file changed, 17 insertions(+)
[0;32m✅ Commit automático creado exitosamente[0m
To https://github.com/anamanz7/anamanzanares.github.io.git
   1adea5f..15297cf  main -> main
[2026-03-05 22:52:01] ✅ Push realizado exitosamente a GitHub
[2026-03-05 22:52:01] === Verificación completada ===
[2026-03-05 23:02:01] === Iniciando verificación automática ===
[2026-03-05 23:02:01] Cambios detectados, creando commit...
[main c300bc7] Auto-commit: 1 modificado(s)
 Committer: Ana Manzanares <anamanzanares@MacBook-Pro-de-Ana.local>
Your name and email address were configured automatically based
on your username and hostname. Please check that they are accurate.
You can suppress this message by setting them explicitly:

    git config --global user.name "Your Name"
    git config --global user.email you@example.com

After doing this, you may fix the identity used for this commit with:

    git commit --amend --reset-author

 2 files changed, 25 insertions(+)
[2026-03-05 23:02:02] ✅ Commit creado exitosamente
[1;33m🔍 Verificando cambios pendientes...[0m
[1;33m📝 Cambios detectados. Creando commit automático...[0m
[main 8284610] Auto-commit: Actualización automática del portfolio
 Committer: Ana Manzanares <anamanzanares@MacBook-Pro-de-Ana.local>
Your name and email address were configured automatically based
on your username and hostname. Please check that they are accurate.
You can suppress this message by setting them explicitly:

    git config --global user.name "Your Name"
    git config --global user.email you@example.com

After doing this, you may fix the identity used for this commit with:

    git commit --amend --reset-author

 1 file changed, 17 insertions(+)
[0;32m✅ Commit automático creado exitosamente[0m
To https://github.com/anamanz7/anamanzanares.github.io.git
   bfc2284..c300bc7  main -> main
[2026-03-05 23:02:04] ✅ Push realizado exitosamente a GitHub
[2026-03-05 23:02:04] === Verificación completada ===
[2026-03-05 23:12:04] === Iniciando verificación automática ===
[2026-03-05 23:12:04] Cambios detectados, creando commit...
[main 9d69c71] Auto-commit: 1 modificado(s)
 Committer: Ana Manzanares <anamanzanares@MacBook-Pro-de-Ana.local>
Your name and email address were configured automatically based
on your username and hostname. Please check that they are accurate.
You can suppress this message by setting them explicitly:

    git config --global user.name "Your Name"
    git config --global user.email you@example.com

After doing this, you may fix the identity used for this commit with:

    git commit --amend --reset-author

 2 files changed, 25 insertions(+)
[2026-03-05 23:12:04] ✅ Commit creado exitosamente
[1;33m🔍 Verificando cambios pendientes...[0m
[1;33m📝 Cambios detectados. Creando commit automático...[0m
[main ee61a84] Auto-commit: Actualización automática del portfolio
 Committer: Ana Manzanares <anamanzanares@MacBook-Pro-de-Ana.local>
Your name and email address were configured automatically based
on your username and hostname. Please check that they are accurate.
You can suppress this message by setting them explicitly:

    git config --global user.name "Your Name"
    git config --global user.email you@example.com

After doing this, you may fix the identity used for this commit with:

    git commit --amend --reset-author

 1 file changed, 17 insertions(+)
[0;32m✅ Commit automático creado exitosamente[0m
To https://github.com/anamanz7/anamanzanares.github.io.git
   8284610..9d69c71  main -> main
[2026-03-05 23:12:06] ✅ Push realizado exitosamente a GitHub
[2026-03-05 23:12:06] === Verificación completada ===
[2026-03-05 23:22:06] === Iniciando verificación automática ===
[2026-03-05 23:22:06] Cambios detectados, creando commit...
[main b20e921] Auto-commit: 1 modificado(s)
 Committer: Ana Manzanares <anamanzanares@MacBook-Pro-de-Ana.local>
Your name and email address were configured automatically based
on your username and hostname. Please check that they are accurate.
You can suppress this message by setting them explicitly:

    git config --global user.name "Your Name"
    git config --global user.email you@example.com

After doing this, you may fix the identity used for this commit with:

    git commit --amend --reset-author

 2 files changed, 25 insertions(+)
[2026-03-05 23:22:06] ✅ Commit creado exitosamente
[1;33m🔍 Verificando cambios pendientes...[0m
[1;33m📝 Cambios detectados. Creando commit automático...[0m
[main a6dfd1d] Auto-commit: Actualización automática del portfolio
 Committer: Ana Manzanares <anamanzanares@MacBook-Pro-de-Ana.local>
Your name and email address were configured automatically based
on your username and hostname. Please check that they are accurate.
You can suppress this message by setting them explicitly:

    git config --global user.name "Your Name"
    git config --global user.email you@example.com

After doing this, you may fix the identity used for this commit with:

    git commit --amend --reset-author

 1 file changed, 17 insertions(+)
[0;32m✅ Commit automático creado exitosamente[0m
To https://github.com/anamanz7/anamanzanares.github.io.git
   ee61a84..b20e921  main -> main
[2026-03-05 23:22:08] ✅ Push realizado exitosamente a GitHub
[2026-03-05 23:22:08] === Verificación completada ===
[2026-03-05 23:32:08] === Iniciando verificación automática ===
[2026-03-05 23:32:08] Cambios detectados, creando commit...
[main d1ea2bf] Auto-commit: 1 modificado(s)
 Committer: Ana Manzanares <anamanzanares@MacBook-Pro-de-Ana.local>
Your name and email address were configured automatically based
on your username and hostname. Please check that they are accurate.
You can suppress this message by setting them explicitly:

    git config --global user.name "Your Name"
    git config --global user.email you@example.com

After doing this, you may fix the identity used for this commit with:

    git commit --amend --reset-author

 2 files changed, 25 insertions(+)
[2026-03-05 23:32:08] ✅ Commit creado exitosamente
[1;33m🔍 Verificando cambios pendientes...[0m
[1;33m📝 Cambios detectados. Creando commit automático...[0m
[main ff72e77] Auto-commit: Actualización automática del portfolio
 Committer: Ana Manzanares <anamanzanares@MacBook-Pro-de-Ana.local>
Your name and email address were configured automatically based
on your username and hostname. Please check that they are accurate.
You can suppress this message by setting them explicitly:

    git config --global user.name "Your Name"
    git config --global user.email you@example.com

After doing this, you may fix the identity used for this commit with:

    git commit --amend --reset-author

 1 file changed, 17 insertions(+)
[0;32m✅ Commit automático creado exitosamente[0m
To https://github.com/anamanz7/anamanzanares.github.io.git
   a6dfd1d..d1ea2bf  main -> main
[2026-03-05 23:32:10] ✅ Push realizado exitosamente a GitHub
[2026-03-05 23:32:10] === Verificación completada ===
[2026-03-05 23:42:10] === Iniciando verificación automática ===
[2026-03-05 23:42:10] Cambios detectados, creando commit...
[main bfa54a1] Auto-commit: 1 modificado(s)
 Committer: Ana Manzanares <anamanzanares@MacBook-Pro-de-Ana.local>
Your name and email address were configured automatically based
on your username and hostname. Please check that they are accurate.
You can suppress this message by setting them explicitly:

    git config --global user.name "Your Name"
    git config --global user.email you@example.com

After doing this, you may fix the identity used for this commit with:

    git commit --amend --reset-author

 2 files changed, 25 insertions(+)
[2026-03-05 23:42:10] ✅ Commit creado exitosamente
[1;33m🔍 Verificando cambios pendientes...[0m
[1;33m📝 Cambios detectados. Creando commit automático...[0m
[main 1aaefcf] Auto-commit: Actualización automática del portfolio
 Committer: Ana Manzanares <anamanzanares@MacBook-Pro-de-Ana.local>
Your name and email address were configured automatically based
on your username and hostname. Please check that they are accurate.
You can suppress this message by setting them explicitly:

    git config --global user.name "Your Name"
    git config --global user.email you@example.com

After doing this, you may fix the identity used for this commit with:

    git commit --amend --reset-author

 1 file changed, 17 insertions(+)
[0;32m✅ Commit automático creado exitosamente[0m
To https://github.com/anamanz7/anamanzanares.github.io.git
   ff72e77..bfa54a1  main -> main
[2026-03-05 23:42:12] ✅ Push realizado exitosamente a GitHub
[2026-03-05 23:42:12] === Verificación completada ===
[2026-03-05 23:52:12] === Iniciando verificación automática ===
[2026-03-05 23:52:12] Cambios detectados, creando commit...
[main fb280c2] Auto-commit: 1 modificado(s)
 Committer: Ana Manzanares <anamanzanares@MacBook-Pro-de-Ana.local>
Your name and email address were configured automatically based
on your username and hostname. Please check that they are accurate.
You can suppress this message by setting them explicitly:

    git config --global user.name "Your Name"
    git config --global user.email you@example.com

After doing this, you may fix the identity used for this commit with:

    git commit --amend --reset-author

 2 files changed, 25 insertions(+)
[2026-03-05 23:52:12] ✅ Commit creado exitosamente
[1;33m🔍 Verificando cambios pendientes...[0m
[1;33m📝 Cambios detectados. Creando commit automático...[0m
[main 264ea67] Auto-commit: Actualización automática del portfolio
 Committer: Ana Manzanares <anamanzanares@MacBook-Pro-de-Ana.local>
Your name and email address were configured automatically based
on your username and hostname. Please check that they are accurate.
You can suppress this message by setting them explicitly:

    git config --global user.name "Your Name"
    git config --global user.email you@example.com

After doing this, you may fix the identity used for this commit with:

    git commit --amend --reset-author

 1 file changed, 17 insertions(+)
[0;32m✅ Commit automático creado exitosamente[0m
To https://github.com/anamanz7/anamanzanares.github.io.git
   1aaefcf..fb280c2  main -> main
[2026-03-05 23:52:14] ✅ Push realizado exitosamente a GitHub
[2026-03-05 23:52:14] === Verificación completada ===
[2026-03-06 00:02:14] === Iniciando verificación automática ===
[2026-03-06 00:02:14] Cambios detectados, creando commit...
[main 128c834] Auto-commit: 1 modificado(s)
 Committer: Ana Manzanares <anamanzanares@MacBook-Pro-de-Ana.local>
Your name and email address were configured automatically based
on your username and hostname. Please check that they are accurate.
You can suppress this message by setting them explicitly:

    git config --global user.name "Your Name"
    git config --global user.email you@example.com

After doing this, you may fix the identity used for this commit with:

    git commit --amend --reset-author

 2 files changed, 25 insertions(+)
[2026-03-06 00:02:14] ✅ Commit creado exitosamente
[1;33m🔍 Verificando cambios pendientes...[0m
[1;33m📝 Cambios detectados. Creando commit automático...[0m
[main f30621f] Auto-commit: Actualización automática del portfolio
 Committer: Ana Manzanares <anamanzanares@MacBook-Pro-de-Ana.local>
Your name and email address were configured automatically based
on your username and hostname. Please check that they are accurate.
You can suppress this message by setting them explicitly:

    git config --global user.name "Your Name"
    git config --global user.email you@example.com

After doing this, you may fix the identity used for this commit with:

    git commit --amend --reset-author

 1 file changed, 17 insertions(+)
[0;32m✅ Commit automático creado exitosamente[0m
To https://github.com/anamanz7/anamanzanares.github.io.git
   264ea67..128c834  main -> main
[2026-03-06 00:02:16] ✅ Push realizado exitosamente a GitHub
[2026-03-06 00:02:16] === Verificación completada ===
[2026-03-06 22:46:45] === Iniciando verificación automática ===
[2026-03-06 22:46:46] Cambios detectados, creando commit...
[main f087e8f] Auto-commit: 1 modificado(s)
 Committer: Ana Manzanares <anamanzanares@MacBook-Pro-de-Ana.local>
Your name and email address were configured automatically based
on your username and hostname. Please check that they are accurate.
You can suppress this message by setting them explicitly:

    git config --global user.name "Your Name"
    git config --global user.email you@example.com

After doing this, you may fix the identity used for this commit with:

    git commit --amend --reset-author

 2 files changed, 25 insertions(+)
[2026-03-06 22:46:46] ✅ Commit creado exitosamente
[1;33m🔍 Verificando cambios pendientes...[0m
[1;33m📝 Cambios detectados. Creando commit automático...[0m
[main 0197ca0] Auto-commit: Actualización automática del portfolio
 Committer: Ana Manzanares <anamanzanares@MacBook-Pro-de-Ana.local>
Your name and email address were configured automatically based
on your username and hostname. Please check that they are accurate.
You can suppress this message by setting them explicitly:

    git config --global user.name "Your Name"
    git config --global user.email you@example.com

After doing this, you may fix the identity used for this commit with:

    git commit --amend --reset-author

 1 file changed, 17 insertions(+)
[0;32m✅ Commit automático creado exitosamente[0m
To https://github.com/anamanz7/anamanzanares.github.io.git
   f30621f..f087e8f  main -> main
[2026-03-06 22:46:50] ✅ Push realizado exitosamente a GitHub
[2026-03-06 22:46:50] === Verificación completada ===
[2026-03-06 22:56:50] === Iniciando verificación automática ===
[2026-03-06 22:56:50] Cambios detectados, creando commit...
[main 84af8dc] Auto-commit: 1 modificado(s)
 Committer: Ana Manzanares <anamanzanares@MacBook-Pro-de-Ana.local>
Your name and email address were configured automatically based
on your username and hostname. Please check that they are accurate.
You can suppress this message by setting them explicitly:

    git config --global user.name "Your Name"
    git config --global user.email you@example.com

After doing this, you may fix the identity used for this commit with:

    git commit --amend --reset-author

 2 files changed, 25 insertions(+)
[2026-03-06 22:56:50] ✅ Commit creado exitosamente
[1;33m🔍 Verificando cambios pendientes...[0m
[1;33m📝 Cambios detectados. Creando commit automático...[0m
[main 16e465d] Auto-commit: Actualización automática del portfolio
 Committer: Ana Manzanares <anamanzanares@MacBook-Pro-de-Ana.local>
Your name and email address were configured automatically based
on your username and hostname. Please check that they are accurate.
You can suppress this message by setting them explicitly:

    git config --global user.name "Your Name"
    git config --global user.email you@example.com

After doing this, you may fix the identity used for this commit with:

    git commit --amend --reset-author

 1 file changed, 17 insertions(+)
[0;32m✅ Commit automático creado exitosamente[0m
To https://github.com/anamanz7/anamanzanares.github.io.git
   0197ca0..84af8dc  main -> main
[2026-03-06 22:56:52] ✅ Push realizado exitosamente a GitHub
[2026-03-06 22:56:52] === Verificación completada ===
[2026-03-06 23:06:52] === Iniciando verificación automática ===
[2026-03-06 23:06:52] Cambios detectados, creando commit...
[main cc2427f] Auto-commit: 1 modificado(s)
 Committer: Ana Manzanares <anamanzanares@MacBook-Pro-de-Ana.local>
Your name and email address were configured automatically based
on your username and hostname. Please check that they are accurate.
You can suppress this message by setting them explicitly:

    git config --global user.name "Your Name"
    git config --global user.email you@example.com

After doing this, you may fix the identity used for this commit with:

    git commit --amend --reset-author

 2 files changed, 25 insertions(+)
[2026-03-06 23:06:52] ✅ Commit creado exitosamente
[1;33m🔍 Verificando cambios pendientes...[0m
[1;33m📝 Cambios detectados. Creando commit automático...[0m
[main e235994] Auto-commit: Actualización automática del portfolio
 Committer: Ana Manzanares <anamanzanares@MacBook-Pro-de-Ana.local>
Your name and email address were configured automatically based
on your username and hostname. Please check that they are accurate.
You can suppress this message by setting them explicitly:

    git config --global user.name "Your Name"
    git config --global user.email you@example.com

After doing this, you may fix the identity used for this commit with:

    git commit --amend --reset-author

 1 file changed, 17 insertions(+)
[0;32m✅ Commit automático creado exitosamente[0m
To https://github.com/anamanz7/anamanzanares.github.io.git
   16e465d..cc2427f  main -> main
[2026-03-06 23:06:54] ✅ Push realizado exitosamente a GitHub
[2026-03-06 23:06:54] === Verificación completada ===
[2026-03-06 23:16:54] === Iniciando verificación automática ===
[2026-03-06 23:16:54] Cambios detectados, creando commit...
[main af056b5] Auto-commit: 1 modificado(s)
 Committer: Ana Manzanares <anamanzanares@MacBook-Pro-de-Ana.local>
Your name and email address were configured automatically based
on your username and hostname. Please check that they are accurate.
You can suppress this message by setting them explicitly:

    git config --global user.name "Your Name"
    git config --global user.email you@example.com

After doing this, you may fix the identity used for this commit with:

    git commit --amend --reset-author

 2 files changed, 25 insertions(+)
[2026-03-06 23:16:54] ✅ Commit creado exitosamente
[1;33m🔍 Verificando cambios pendientes...[0m
[1;33m📝 Cambios detectados. Creando commit automático...[0m
[main 6e5fbc3] Auto-commit: Actualización automática del portfolio
 Committer: Ana Manzanares <anamanzanares@MacBook-Pro-de-Ana.local>
Your name and email address were configured automatically based
on your username and hostname. Please check that they are accurate.
You can suppress this message by setting them explicitly:

    git config --global user.name "Your Name"
    git config --global user.email you@example.com

After doing this, you may fix the identity used for this commit with:

    git commit --amend --reset-author

 1 file changed, 17 insertions(+)
[0;32m✅ Commit automático creado exitosamente[0m
To https://github.com/anamanz7/anamanzanares.github.io.git
   e235994..af056b5  main -> main
[2026-03-06 23:16:55] ✅ Push realizado exitosamente a GitHub
[2026-03-06 23:16:55] === Verificación completada ===
[2026-03-06 23:26:55] === Iniciando verificación automática ===
[2026-03-06 23:26:55] Cambios detectados, creando commit...
[main 382e040] Auto-commit: 1 modificado(s)
 Committer: Ana Manzanares <anamanzanares@MacBook-Pro-de-Ana.local>
Your name and email address were configured automatically based
on your username and hostname. Please check that they are accurate.
You can suppress this message by setting them explicitly:

    git config --global user.name "Your Name"
    git config --global user.email you@example.com

After doing this, you may fix the identity used for this commit with:

    git commit --amend --reset-author

 2 files changed, 25 insertions(+)
[2026-03-06 23:26:56] ✅ Commit creado exitosamente
[1;33m🔍 Verificando cambios pendientes...[0m
[1;33m📝 Cambios detectados. Creando commit automático...[0m
[main 17e3adf] Auto-commit: Actualización automática del portfolio
 Committer: Ana Manzanares <anamanzanares@MacBook-Pro-de-Ana.local>
Your name and email address were configured automatically based
on your username and hostname. Please check that they are accurate.
You can suppress this message by setting them explicitly:

    git config --global user.name "Your Name"
    git config --global user.email you@example.com

After doing this, you may fix the identity used for this commit with:

    git commit --amend --reset-author

 1 file changed, 17 insertions(+)
[0;32m✅ Commit automático creado exitosamente[0m
To https://github.com/anamanz7/anamanzanares.github.io.git
   6e5fbc3..382e040  main -> main
[2026-03-06 23:26:57] ✅ Push realizado exitosamente a GitHub
[2026-03-06 23:26:57] === Verificación completada ===
[2026-03-06 23:36:57] === Iniciando verificación automática ===
[2026-03-06 23:36:57] Cambios detectados, creando commit...
[main f823286] Auto-commit: 1 modificado(s)
 Committer: Ana Manzanares <anamanzanares@MacBook-Pro-de-Ana.local>
Your name and email address were configured automatically based
on your username and hostname. Please check that they are accurate.
You can suppress this message by setting them explicitly:

    git config --global user.name "Your Name"
    git config --global user.email you@example.com

After doing this, you may fix the identity used for this commit with:

    git commit --amend --reset-author

 2 files changed, 25 insertions(+)
[2026-03-06 23:36:58] ✅ Commit creado exitosamente
[1;33m🔍 Verificando cambios pendientes...[0m
[1;33m📝 Cambios detectados. Creando commit automático...[0m
[main 20d72ab] Auto-commit: Actualización automática del portfolio
 Committer: Ana Manzanares <anamanzanares@MacBook-Pro-de-Ana.local>
Your name and email address were configured automatically based
on your username and hostname. Please check that they are accurate.
You can suppress this message by setting them explicitly:

    git config --global user.name "Your Name"
    git config --global user.email you@example.com

After doing this, you may fix the identity used for this commit with:

    git commit --amend --reset-author

 1 file changed, 17 insertions(+)
[0;32m✅ Commit automático creado exitosamente[0m
To https://github.com/anamanz7/anamanzanares.github.io.git
   17e3adf..f823286  main -> main
[2026-03-06 23:37:00] ✅ Push realizado exitosamente a GitHub
[2026-03-06 23:37:00] === Verificación completada ===
[2026-03-06 23:47:00] === Iniciando verificación automática ===
[2026-03-06 23:47:00] Cambios detectados, creando commit...
[main 4f36132] Auto-commit: 1 modificado(s)
 Committer: Ana Manzanares <anamanzanares@MacBook-Pro-de-Ana.local>
Your name and email address were configured automatically based
on your username and hostname. Please check that they are accurate.
You can suppress this message by setting them explicitly:

    git config --global user.name "Your Name"
    git config --global user.email you@example.com

After doing this, you may fix the identity used for this commit with:

    git commit --amend --reset-author

 2 files changed, 25 insertions(+)
[2026-03-06 23:47:01] ✅ Commit creado exitosamente
[1;33m🔍 Verificando cambios pendientes...[0m
[1;33m📝 Cambios detectados. Creando commit automático...[0m
[main 560f325] Auto-commit: Actualización automática del portfolio
 Committer: Ana Manzanares <anamanzanares@MacBook-Pro-de-Ana.local>
Your name and email address were configured automatically based
on your username and hostname. Please check that they are accurate.
You can suppress this message by setting them explicitly:

    git config --global user.name "Your Name"
    git config --global user.email you@example.com

After doing this, you may fix the identity used for this commit with:

    git commit --amend --reset-author

 1 file changed, 17 insertions(+)
[0;32m✅ Commit automático creado exitosamente[0m
To https://github.com/anamanz7/anamanzanares.github.io.git
   20d72ab..4f36132  main -> main
[2026-03-06 23:47:03] ✅ Push realizado exitosamente a GitHub
[2026-03-06 23:47:03] === Verificación completada ===
[2026-03-06 23:57:03] === Iniciando verificación automática ===
[2026-03-06 23:57:03] Cambios detectados, creando commit...
[main cd4d3ec] Auto-commit: 1 modificado(s)
 Committer: Ana Manzanares <anamanzanares@MacBook-Pro-de-Ana.local>
Your name and email address were configured automatically based
on your username and hostname. Please check that they are accurate.
You can suppress this message by setting them explicitly:

    git config --global user.name "Your Name"
    git config --global user.email you@example.com

After doing this, you may fix the identity used for this commit with:

    git commit --amend --reset-author

 2 files changed, 25 insertions(+)
[2026-03-06 23:57:03] ✅ Commit creado exitosamente
[1;33m🔍 Verificando cambios pendientes...[0m
[1;33m📝 Cambios detectados. Creando commit automático...[0m
[main ff1b054] Auto-commit: Actualización automática del portfolio
 Committer: Ana Manzanares <anamanzanares@MacBook-Pro-de-Ana.local>
Your name and email address were configured automatically based
on your username and hostname. Please check that they are accurate.
You can suppress this message by setting them explicitly:

    git config --global user.name "Your Name"
    git config --global user.email you@example.com

After doing this, you may fix the identity used for this commit with:

    git commit --amend --reset-author

 1 file changed, 17 insertions(+)
[0;32m✅ Commit automático creado exitosamente[0m
To https://github.com/anamanz7/anamanzanares.github.io.git
   560f325..cd4d3ec  main -> main
[2026-03-06 23:57:05] ✅ Push realizado exitosamente a GitHub
[2026-03-06 23:57:05] === Verificación completada ===
[2026-03-07 00:07:05] === Iniciando verificación automática ===
[2026-03-07 00:07:05] Cambios detectados, creando commit...
[main 6f3a7bf] Auto-commit: 1 modificado(s)
 Committer: Ana Manzanares <anamanzanares@MacBook-Pro-de-Ana.local>
Your name and email address were configured automatically based
on your username and hostname. Please check that they are accurate.
You can suppress this message by setting them explicitly:

    git config --global user.name "Your Name"
    git config --global user.email you@example.com

After doing this, you may fix the identity used for this commit with:

    git commit --amend --reset-author

 2 files changed, 25 insertions(+)
[2026-03-07 00:07:06] ✅ Commit creado exitosamente
[1;33m🔍 Verificando cambios pendientes...[0m
[1;33m📝 Cambios detectados. Creando commit automático...[0m
[main 4d27a11] Auto-commit: Actualización automática del portfolio
 Committer: Ana Manzanares <anamanzanares@MacBook-Pro-de-Ana.local>
Your name and email address were configured automatically based
on your username and hostname. Please check that they are accurate.
You can suppress this message by setting them explicitly:

    git config --global user.name "Your Name"
    git config --global user.email you@example.com

After doing this, you may fix the identity used for this commit with:

    git commit --amend --reset-author

 1 file changed, 17 insertions(+)
[0;32m✅ Commit automático creado exitosamente[0m
To https://github.com/anamanz7/anamanzanares.github.io.git
   ff1b054..6f3a7bf  main -> main
[2026-03-07 00:07:08] ✅ Push realizado exitosamente a GitHub
[2026-03-07 00:07:08] === Verificación completada ===
[2026-03-07 00:17:08] === Iniciando verificación automática ===
[2026-03-07 00:17:08] Cambios detectados, creando commit...
[main d7418d8] Auto-commit: 1 modificado(s)
 Committer: Ana Manzanares <anamanzanares@MacBook-Pro-de-Ana.local>
Your name and email address were configured automatically based
on your username and hostname. Please check that they are accurate.
You can suppress this message by setting them explicitly:

    git config --global user.name "Your Name"
    git config --global user.email you@example.com

After doing this, you may fix the identity used for this commit with:

    git commit --amend --reset-author

 2 files changed, 25 insertions(+)
[2026-03-07 00:17:09] ✅ Commit creado exitosamente
[1;33m🔍 Verificando cambios pendientes...[0m
[1;33m📝 Cambios detectados. Creando commit automático...[0m
[main 8230bdd] Auto-commit: Actualización automática del portfolio
 Committer: Ana Manzanares <anamanzanares@MacBook-Pro-de-Ana.local>
Your name and email address were configured automatically based
on your username and hostname. Please check that they are accurate.
You can suppress this message by setting them explicitly:

    git config --global user.name "Your Name"
    git config --global user.email you@example.com

After doing this, you may fix the identity used for this commit with:

    git commit --amend --reset-author

 1 file changed, 17 insertions(+)
[0;32m✅ Commit automático creado exitosamente[0m
To https://github.com/anamanz7/anamanzanares.github.io.git
   4d27a11..d7418d8  main -> main
[2026-03-07 00:17:12] ✅ Push realizado exitosamente a GitHub
[2026-03-07 00:17:12] === Verificación completada ===
[2026-03-07 00:27:12] === Iniciando verificación automática ===
[2026-03-07 00:27:12] Cambios detectados, creando commit...
[main 966c0c9] Auto-commit: 1 modificado(s)
 Committer: Ana Manzanares <anamanzanares@MacBook-Pro-de-Ana.local>
Your name and email address were configured automatically based
on your username and hostname. Please check that they are accurate.
You can suppress this message by setting them explicitly:

    git config --global user.name "Your Name"
    git config --global user.email you@example.com

After doing this, you may fix the identity used for this commit with:

    git commit --amend --reset-author

 2 files changed, 25 insertions(+)
[2026-03-07 00:27:12] ✅ Commit creado exitosamente
[1;33m🔍 Verificando cambios pendientes...[0m
[1;33m📝 Cambios detectados. Creando commit automático...[0m
[main 87de33f] Auto-commit: Actualización automática del portfolio
 Committer: Ana Manzanares <anamanzanares@MacBook-Pro-de-Ana.local>
Your name and email address were configured automatically based
on your username and hostname. Please check that they are accurate.
You can suppress this message by setting them explicitly:

    git config --global user.name "Your Name"
    git config --global user.email you@example.com

After doing this, you may fix the identity used for this commit with:

    git commit --amend --reset-author

 1 file changed, 17 insertions(+)
[0;32m✅ Commit automático creado exitosamente[0m
To https://github.com/anamanz7/anamanzanares.github.io.git
   8230bdd..966c0c9  main -> main
[2026-03-07 00:27:15] ✅ Push realizado exitosamente a GitHub
[2026-03-07 00:27:15] === Verificación completada ===
[2026-03-07 00:37:15] === Iniciando verificación automática ===
[2026-03-07 00:37:15] Cambios detectados, creando commit...
[main 4a19ba2] Auto-commit: 1 modificado(s)
 Committer: Ana Manzanares <anamanzanares@MacBook-Pro-de-Ana.local>
Your name and email address were configured automatically based
on your username and hostname. Please check that they are accurate.
You can suppress this message by setting them explicitly:

    git config --global user.name "Your Name"
    git config --global user.email you@example.com

After doing this, you may fix the identity used for this commit with:

    git commit --amend --reset-author

 2 files changed, 25 insertions(+)
[2026-03-07 00:37:16] ✅ Commit creado exitosamente
[1;33m🔍 Verificando cambios pendientes...[0m
[1;33m📝 Cambios detectados. Creando commit automático...[0m
[main 1945167] Auto-commit: Actualización automática del portfolio
 Committer: Ana Manzanares <anamanzanares@MacBook-Pro-de-Ana.local>
Your name and email address were configured automatically based
on your username and hostname. Please check that they are accurate.
You can suppress this message by setting them explicitly:

    git config --global user.name "Your Name"
    git config --global user.email you@example.com

After doing this, you may fix the identity used for this commit with:

    git commit --amend --reset-author

 1 file changed, 17 insertions(+)
[0;32m✅ Commit automático creado exitosamente[0m
To https://github.com/anamanz7/anamanzanares.github.io.git
   87de33f..4a19ba2  main -> main
[2026-03-07 00:37:19] ✅ Push realizado exitosamente a GitHub
[2026-03-07 00:37:19] === Verificación completada ===
[2026-03-07 00:47:19] === Iniciando verificación automática ===
[2026-03-07 00:47:19] Cambios detectados, creando commit...
[main 7643506] Auto-commit: 1 modificado(s)
 Committer: Ana Manzanares <anamanzanares@MacBook-Pro-de-Ana.local>
Your name and email address were configured automatically based
on your username and hostname. Please check that they are accurate.
You can suppress this message by setting them explicitly:

    git config --global user.name "Your Name"
    git config --global user.email you@example.com

After doing this, you may fix the identity used for this commit with:

    git commit --amend --reset-author

 2 files changed, 25 insertions(+)
[2026-03-07 00:47:19] ✅ Commit creado exitosamente
[1;33m🔍 Verificando cambios pendientes...[0m
[1;33m📝 Cambios detectados. Creando commit automático...[0m
[main 5d51d4a] Auto-commit: Actualización automática del portfolio
 Committer: Ana Manzanares <anamanzanares@MacBook-Pro-de-Ana.local>
Your name and email address were configured automatically based
on your username and hostname. Please check that they are accurate.
You can suppress this message by setting them explicitly:

    git config --global user.name "Your Name"
    git config --global user.email you@example.com

After doing this, you may fix the identity used for this commit with:

    git commit --amend --reset-author

 1 file changed, 17 insertions(+)
[0;32m✅ Commit automático creado exitosamente[0m
To https://github.com/anamanz7/anamanzanares.github.io.git
   1945167..7643506  main -> main
[2026-03-07 00:47:21] ✅ Push realizado exitosamente a GitHub
[2026-03-07 00:47:21] === Verificación completada ===
[2026-03-07 00:57:21] === Iniciando verificación automática ===
[2026-03-07 00:57:21] Cambios detectados, creando commit...
[main 2373141] Auto-commit: 1 modificado(s)
 Committer: Ana Manzanares <anamanzanares@MacBook-Pro-de-Ana.local>
Your name and email address were configured automatically based
on your username and hostname. Please check that they are accurate.
You can suppress this message by setting them explicitly:

    git config --global user.name "Your Name"
    git config --global user.email you@example.com

After doing this, you may fix the identity used for this commit with:

    git commit --amend --reset-author

 2 files changed, 25 insertions(+)
[2026-03-07 00:57:21] ✅ Commit creado exitosamente
[1;33m🔍 Verificando cambios pendientes...[0m
[1;33m📝 Cambios detectados. Creando commit automático...[0m
[main 87f8c1a] Auto-commit: Actualización automática del portfolio
 Committer: Ana Manzanares <anamanzanares@MacBook-Pro-de-Ana.local>
Your name and email address were configured automatically based
on your username and hostname. Please check that they are accurate.
You can suppress this message by setting them explicitly:

    git config --global user.name "Your Name"
    git config --global user.email you@example.com

After doing this, you may fix the identity used for this commit with:

    git commit --amend --reset-author

 1 file changed, 17 insertions(+)
[0;32m✅ Commit automático creado exitosamente[0m
To https://github.com/anamanz7/anamanzanares.github.io.git
   5d51d4a..2373141  main -> main
[2026-03-07 00:57:22] ✅ Push realizado exitosamente a GitHub
[2026-03-07 00:57:22] === Verificación completada ===
[2026-03-07 01:07:22] === Iniciando verificación automática ===
[2026-03-07 01:07:22] Cambios detectados, creando commit...
[main ae2769b] Auto-commit: 1 modificado(s)
 Committer: Ana Manzanares <anamanzanares@MacBook-Pro-de-Ana.local>
Your name and email address were configured automatically based
on your username and hostname. Please check that they are accurate.
You can suppress this message by setting them explicitly:

    git config --global user.name "Your Name"
    git config --global user.email you@example.com

After doing this, you may fix the identity used for this commit with:

    git commit --amend --reset-author

 2 files changed, 25 insertions(+)
[2026-03-07 01:07:22] ✅ Commit creado exitosamente
[1;33m🔍 Verificando cambios pendientes...[0m
[1;33m📝 Cambios detectados. Creando commit automático...[0m
[main 752bafd] Auto-commit: Actualización automática del portfolio
 Committer: Ana Manzanares <anamanzanares@MacBook-Pro-de-Ana.local>
Your name and email address were configured automatically based
on your username and hostname. Please check that they are accurate.
You can suppress this message by setting them explicitly:

    git config --global user.name "Your Name"
    git config --global user.email you@example.com

After doing this, you may fix the identity used for this commit with:

    git commit --amend --reset-author

 1 file changed, 17 insertions(+)
[0;32m✅ Commit automático creado exitosamente[0m
To https://github.com/anamanz7/anamanzanares.github.io.git
   87f8c1a..ae2769b  main -> main
[2026-03-07 01:07:24] ✅ Push realizado exitosamente a GitHub
[2026-03-07 01:07:24] === Verificación completada ===
[2026-03-07 22:37:01] === Iniciando verificación automática ===
[2026-03-07 22:36:58] Cambios detectados, creando commit...
[main f5e2979] Auto-commit: 1 modificado(s)
 Committer: Ana Manzanares <anamanzanares@MacBook-Pro-de-Ana.local>
Your name and email address were configured automatically based
on your username and hostname. Please check that they are accurate.
You can suppress this message by setting them explicitly:

    git config --global user.name "Your Name"
    git config --global user.email you@example.com

After doing this, you may fix the identity used for this commit with:

    git commit --amend --reset-author

 2 files changed, 25 insertions(+)
[2026-03-07 22:36:59] ✅ Commit creado exitosamente
[1;33m🔍 Verificando cambios pendientes...[0m
[1;33m📝 Cambios detectados. Creando commit automático...[0m
[main f2a02a9] Auto-commit: Actualización automática del portfolio
 Committer: Ana Manzanares <anamanzanares@MacBook-Pro-de-Ana.local>
Your name and email address were configured automatically based
on your username and hostname. Please check that they are accurate.
You can suppress this message by setting them explicitly:

    git config --global user.name "Your Name"
    git config --global user.email you@example.com

After doing this, you may fix the identity used for this commit with:

    git commit --amend --reset-author

 1 file changed, 17 insertions(+)
[0;32m✅ Commit automático creado exitosamente[0m
To https://github.com/anamanz7/anamanzanares.github.io.git
   752bafd..f5e2979  main -> main
[2026-03-07 22:37:03] ✅ Push realizado exitosamente a GitHub
[2026-03-07 22:37:03] === Verificación completada ===
[2026-03-07 22:47:03] === Iniciando verificación automática ===
[2026-03-07 22:47:03] Cambios detectados, creando commit...
[main e489c29] Auto-commit: 1 modificado(s)
 Committer: Ana Manzanares <anamanzanares@MacBook-Pro-de-Ana.local>
Your name and email address were configured automatically based
on your username and hostname. Please check that they are accurate.
You can suppress this message by setting them explicitly:

    git config --global user.name "Your Name"
    git config --global user.email you@example.com

After doing this, you may fix the identity used for this commit with:

    git commit --amend --reset-author

 2 files changed, 25 insertions(+)
[2026-03-07 22:47:03] ✅ Commit creado exitosamente
[1;33m🔍 Verificando cambios pendientes...[0m
[1;33m📝 Cambios detectados. Creando commit automático...[0m
[main 774d8f2] Auto-commit: Actualización automática del portfolio
 Committer: Ana Manzanares <anamanzanares@MacBook-Pro-de-Ana.local>
Your name and email address were configured automatically based
on your username and hostname. Please check that they are accurate.
You can suppress this message by setting them explicitly:

    git config --global user.name "Your Name"
    git config --global user.email you@example.com

After doing this, you may fix the identity used for this commit with:

    git commit --amend --reset-author

 1 file changed, 17 insertions(+)
[0;32m✅ Commit automático creado exitosamente[0m
To https://github.com/anamanz7/anamanzanares.github.io.git
   f2a02a9..e489c29  main -> main
[2026-03-07 22:47:05] ✅ Push realizado exitosamente a GitHub
[2026-03-07 22:47:05] === Verificación completada ===
[2026-03-07 22:57:05] === Iniciando verificación automática ===
[2026-03-07 22:57:05] Cambios detectados, creando commit...
[main af83820] Auto-commit: 1 modificado(s)
 Committer: Ana Manzanares <anamanzanares@MacBook-Pro-de-Ana.local>
Your name and email address were configured automatically based
on your username and hostname. Please check that they are accurate.
You can suppress this message by setting them explicitly:

    git config --global user.name "Your Name"
    git config --global user.email you@example.com

After doing this, you may fix the identity used for this commit with:

    git commit --amend --reset-author

 2 files changed, 25 insertions(+)
[2026-03-07 22:57:05] ✅ Commit creado exitosamente
[1;33m🔍 Verificando cambios pendientes...[0m
[1;33m📝 Cambios detectados. Creando commit automático...[0m
[main 2d07dbc] Auto-commit: Actualización automática del portfolio
 Committer: Ana Manzanares <anamanzanares@MacBook-Pro-de-Ana.local>
Your name and email address were configured automatically based
on your username and hostname. Please check that they are accurate.
You can suppress this message by setting them explicitly:

    git config --global user.name "Your Name"
    git config --global user.email you@example.com

After doing this, you may fix the identity used for this commit with:

    git commit --amend --reset-author

 1 file changed, 17 insertions(+)
[0;32m✅ Commit automático creado exitosamente[0m
To https://github.com/anamanz7/anamanzanares.github.io.git
   774d8f2..af83820  main -> main
[2026-03-07 22:57:10] ✅ Push realizado exitosamente a GitHub
[2026-03-07 22:57:10] === Verificación completada ===
[2026-03-07 23:07:10] === Iniciando verificación automática ===
[2026-03-07 23:07:10] Cambios detectados, creando commit...
[main 1bd811c] Auto-commit: 1 modificado(s)
 Committer: Ana Manzanares <anamanzanares@MacBook-Pro-de-Ana.local>
Your name and email address were configured automatically based
on your username and hostname. Please check that they are accurate.
You can suppress this message by setting them explicitly:

    git config --global user.name "Your Name"
    git config --global user.email you@example.com

After doing this, you may fix the identity used for this commit with:

    git commit --amend --reset-author

 2 files changed, 25 insertions(+)
[2026-03-07 23:07:10] ✅ Commit creado exitosamente
[1;33m🔍 Verificando cambios pendientes...[0m
[1;33m📝 Cambios detectados. Creando commit automático...[0m
[main f9ef4c1] Auto-commit: Actualización automática del portfolio
 Committer: Ana Manzanares <anamanzanares@MacBook-Pro-de-Ana.local>
Your name and email address were configured automatically based
on your username and hostname. Please check that they are accurate.
You can suppress this message by setting them explicitly:

    git config --global user.name "Your Name"
    git config --global user.email you@example.com

After doing this, you may fix the identity used for this commit with:

    git commit --amend --reset-author

 1 file changed, 17 insertions(+)
[0;32m✅ Commit automático creado exitosamente[0m
To https://github.com/anamanz7/anamanzanares.github.io.git
   2d07dbc..1bd811c  main -> main
[2026-03-07 23:07:12] ✅ Push realizado exitosamente a GitHub
[2026-03-07 23:07:12] === Verificación completada ===
[2026-03-07 23:17:12] === Iniciando verificación automática ===
[2026-03-07 23:17:12] Cambios detectados, creando commit...
[main ca0fdd4] Auto-commit: 1 modificado(s)
 Committer: Ana Manzanares <anamanzanares@MacBook-Pro-de-Ana.local>
Your name and email address were configured automatically based
on your username and hostname. Please check that they are accurate.
You can suppress this message by setting them explicitly:

    git config --global user.name "Your Name"
    git config --global user.email you@example.com

After doing this, you may fix the identity used for this commit with:

    git commit --amend --reset-author

 2 files changed, 25 insertions(+)
[2026-03-07 23:17:12] ✅ Commit creado exitosamente
[1;33m🔍 Verificando cambios pendientes...[0m
[1;33m📝 Cambios detectados. Creando commit automático...[0m
[main dce1386] Auto-commit: Actualización automática del portfolio
 Committer: Ana Manzanares <anamanzanares@MacBook-Pro-de-Ana.local>
Your name and email address were configured automatically based
on your username and hostname. Please check that they are accurate.
You can suppress this message by setting them explicitly:

    git config --global user.name "Your Name"
    git config --global user.email you@example.com

After doing this, you may fix the identity used for this commit with:

    git commit --amend --reset-author

 1 file changed, 17 insertions(+)
[0;32m✅ Commit automático creado exitosamente[0m
To https://github.com/anamanz7/anamanzanares.github.io.git
   f9ef4c1..ca0fdd4  main -> main
[2026-03-07 23:17:14] ✅ Push realizado exitosamente a GitHub
[2026-03-07 23:17:14] === Verificación completada ===
[2026-03-07 23:27:14] === Iniciando verificación automática ===
[2026-03-07 23:27:14] Cambios detectados, creando commit...
[main 0f7afe9] Auto-commit: 1 modificado(s)
 Committer: Ana Manzanares <anamanzanares@MacBook-Pro-de-Ana.local>
Your name and email address were configured automatically based
on your username and hostname. Please check that they are accurate.
You can suppress this message by setting them explicitly:

    git config --global user.name "Your Name"
    git config --global user.email you@example.com

After doing this, you may fix the identity used for this commit with:

    git commit --amend --reset-author

 2 files changed, 25 insertions(+)
[2026-03-07 23:27:15] ✅ Commit creado exitosamente
[1;33m🔍 Verificando cambios pendientes...[0m
[1;33m📝 Cambios detectados. Creando commit automático...[0m
[main 9bb884f] Auto-commit: Actualización automática del portfolio
 Committer: Ana Manzanares <anamanzanares@MacBook-Pro-de-Ana.local>
Your name and email address were configured automatically based
on your username and hostname. Please check that they are accurate.
You can suppress this message by setting them explicitly:

    git config --global user.name "Your Name"
    git config --global user.email you@example.com

After doing this, you may fix the identity used for this commit with:

    git commit --amend --reset-author

 1 file changed, 17 insertions(+)
[0;32m✅ Commit automático creado exitosamente[0m
To https://github.com/anamanz7/anamanzanares.github.io.git
   dce1386..0f7afe9  main -> main
[2026-03-07 23:27:18] ✅ Push realizado exitosamente a GitHub
[2026-03-07 23:27:18] === Verificación completada ===
[2026-03-07 23:37:18] === Iniciando verificación automática ===
[2026-03-07 23:37:19] Cambios detectados, creando commit...
[main 7aa8f80] Auto-commit: 1 modificado(s)
 Committer: Ana Manzanares <anamanzanares@MacBook-Pro-de-Ana.local>
Your name and email address were configured automatically based
on your username and hostname. Please check that they are accurate.
You can suppress this message by setting them explicitly:

    git config --global user.name "Your Name"
    git config --global user.email you@example.com

After doing this, you may fix the identity used for this commit with:

    git commit --amend --reset-author

 2 files changed, 25 insertions(+)
[2026-03-07 23:37:19] ✅ Commit creado exitosamente
[1;33m🔍 Verificando cambios pendientes...[0m
[1;33m📝 Cambios detectados. Creando commit automático...[0m
[main 01ae42b] Auto-commit: Actualización automática del portfolio
 Committer: Ana Manzanares <anamanzanares@MacBook-Pro-de-Ana.local>
Your name and email address were configured automatically based
on your username and hostname. Please check that they are accurate.
You can suppress this message by setting them explicitly:

    git config --global user.name "Your Name"
    git config --global user.email you@example.com

After doing this, you may fix the identity used for this commit with:

    git commit --amend --reset-author

 1 file changed, 17 insertions(+)
[0;32m✅ Commit automático creado exitosamente[0m
To https://github.com/anamanz7/anamanzanares.github.io.git
   9bb884f..7aa8f80  main -> main
[2026-03-07 23:37:22] ✅ Push realizado exitosamente a GitHub
[2026-03-07 23:37:22] === Verificación completada ===
[2026-03-07 23:47:22] === Iniciando verificación automática ===
[2026-03-07 23:47:22] Cambios detectados, creando commit...
[main 7e27e3f] Auto-commit: 1 modificado(s)
 Committer: Ana Manzanares <anamanzanares@MacBook-Pro-de-Ana.local>
Your name and email address were configured automatically based
on your username and hostname. Please check that they are accurate.
You can suppress this message by setting them explicitly:

    git config --global user.name "Your Name"
    git config --global user.email you@example.com

After doing this, you may fix the identity used for this commit with:

    git commit --amend --reset-author

 2 files changed, 25 insertions(+)
[2026-03-07 23:47:22] ✅ Commit creado exitosamente
[1;33m🔍 Verificando cambios pendientes...[0m
[1;33m📝 Cambios detectados. Creando commit automático...[0m
[main 05d9bf6] Auto-commit: Actualización automática del portfolio
 Committer: Ana Manzanares <anamanzanares@MacBook-Pro-de-Ana.local>
Your name and email address were configured automatically based
on your username and hostname. Please check that they are accurate.
You can suppress this message by setting them explicitly:

    git config --global user.name "Your Name"
    git config --global user.email you@example.com

After doing this, you may fix the identity used for this commit with:

    git commit --amend --reset-author

 1 file changed, 17 insertions(+)
[0;32m✅ Commit automático creado exitosamente[0m
To https://github.com/anamanz7/anamanzanares.github.io.git
   01ae42b..7e27e3f  main -> main
[2026-03-07 23:47:25] ✅ Push realizado exitosamente a GitHub
[2026-03-07 23:47:25] === Verificación completada ===
[2026-03-07 23:57:25] === Iniciando verificación automática ===
[2026-03-07 23:57:25] Cambios detectados, creando commit...
[main b02f113] Auto-commit: 1 modificado(s)
 Committer: Ana Manzanares <anamanzanares@MacBook-Pro-de-Ana.local>
Your name and email address were configured automatically based
on your username and hostname. Please check that they are accurate.
You can suppress this message by setting them explicitly:

    git config --global user.name "Your Name"
    git config --global user.email you@example.com

After doing this, you may fix the identity used for this commit with:

    git commit --amend --reset-author

 2 files changed, 25 insertions(+)
[2026-03-07 23:57:26] ✅ Commit creado exitosamente
[1;33m🔍 Verificando cambios pendientes...[0m
[1;33m📝 Cambios detectados. Creando commit automático...[0m
[main 78907d0] Auto-commit: Actualización automática del portfolio
 Committer: Ana Manzanares <anamanzanares@MacBook-Pro-de-Ana.local>
Your name and email address were configured automatically based
on your username and hostname. Please check that they are accurate.
You can suppress this message by setting them explicitly:

    git config --global user.name "Your Name"
    git config --global user.email you@example.com

After doing this, you may fix the identity used for this commit with:

    git commit --amend --reset-author

 1 file changed, 17 insertions(+)
[0;32m✅ Commit automático creado exitosamente[0m
To https://github.com/anamanz7/anamanzanares.github.io.git
   05d9bf6..b02f113  main -> main
[2026-03-07 23:57:29] ✅ Push realizado exitosamente a GitHub
[2026-03-07 23:57:29] === Verificación completada ===
[2026-03-08 00:07:29] === Iniciando verificación automática ===
[2026-03-08 00:07:29] Cambios detectados, creando commit...
[main 661b650] Auto-commit: 1 modificado(s)
 Committer: Ana Manzanares <anamanzanares@MacBook-Pro-de-Ana.local>
Your name and email address were configured automatically based
on your username and hostname. Please check that they are accurate.
You can suppress this message by setting them explicitly:

    git config --global user.name "Your Name"
    git config --global user.email you@example.com

After doing this, you may fix the identity used for this commit with:

    git commit --amend --reset-author

 2 files changed, 25 insertions(+)
[2026-03-08 00:07:30] ✅ Commit creado exitosamente
[1;33m🔍 Verificando cambios pendientes...[0m
[1;33m📝 Cambios detectados. Creando commit automático...[0m
[main 6d26e21] Auto-commit: Actualización automática del portfolio
 Committer: Ana Manzanares <anamanzanares@MacBook-Pro-de-Ana.local>
Your name and email address were configured automatically based
on your username and hostname. Please check that they are accurate.
You can suppress this message by setting them explicitly:

    git config --global user.name "Your Name"
    git config --global user.email you@example.com

After doing this, you may fix the identity used for this commit with:

    git commit --amend --reset-author

 1 file changed, 17 insertions(+)
[0;32m✅ Commit automático creado exitosamente[0m
To https://github.com/anamanz7/anamanzanares.github.io.git
   78907d0..661b650  main -> main
[2026-03-08 00:07:32] ✅ Push realizado exitosamente a GitHub
[2026-03-08 00:07:32] === Verificación completada ===
[2026-03-09 21:48:21] === Iniciando verificación automática ===
[2026-03-09 21:48:23] Cambios detectados, creando commit...
[main 21f2e16] Auto-commit: 1 modificado(s)
 Committer: Ana Manzanares <anamanzanares@MacBook-Pro-de-Ana.local>
Your name and email address were configured automatically based
on your username and hostname. Please check that they are accurate.
You can suppress this message by setting them explicitly:

    git config --global user.name "Your Name"
    git config --global user.email you@example.com

After doing this, you may fix the identity used for this commit with:

    git commit --amend --reset-author

 2 files changed, 25 insertions(+)
[2026-03-09 21:48:23] ✅ Commit creado exitosamente
[1;33m🔍 Verificando cambios pendientes...[0m
[1;33m📝 Cambios detectados. Creando commit automático...[0m
[main f266f70] Auto-commit: Actualización automática del portfolio
 Committer: Ana Manzanares <anamanzanares@MacBook-Pro-de-Ana.local>
Your name and email address were configured automatically based
on your username and hostname. Please check that they are accurate.
You can suppress this message by setting them explicitly:

    git config --global user.name "Your Name"
    git config --global user.email you@example.com

After doing this, you may fix the identity used for this commit with:

    git commit --amend --reset-author

 1 file changed, 17 insertions(+)
[0;32m✅ Commit automático creado exitosamente[0m
To https://github.com/anamanz7/anamanzanares.github.io.git
   6d26e21..21f2e16  main -> main
[2026-03-09 21:48:28] ✅ Push realizado exitosamente a GitHub
[2026-03-09 21:48:28] === Verificación completada ===
[2026-03-09 21:58:28] === Iniciando verificación automática ===
[2026-03-09 21:58:28] Cambios detectados, creando commit...
[main c311977] Auto-commit: 1 modificado(s)
 Committer: Ana Manzanares <anamanzanares@MacBook-Pro-de-Ana.local>
Your name and email address were configured automatically based
on your username and hostname. Please check that they are accurate.
You can suppress this message by setting them explicitly:

    git config --global user.name "Your Name"
    git config --global user.email you@example.com

After doing this, you may fix the identity used for this commit with:

    git commit --amend --reset-author

 2 files changed, 25 insertions(+)
[2026-03-09 21:58:28] ✅ Commit creado exitosamente
[1;33m🔍 Verificando cambios pendientes...[0m
[1;33m📝 Cambios detectados. Creando commit automático...[0m
[main cfddcce] Auto-commit: Actualización automática del portfolio
 Committer: Ana Manzanares <anamanzanares@MacBook-Pro-de-Ana.local>
Your name and email address were configured automatically based
on your username and hostname. Please check that they are accurate.
You can suppress this message by setting them explicitly:

    git config --global user.name "Your Name"
    git config --global user.email you@example.com

After doing this, you may fix the identity used for this commit with:

    git commit --amend --reset-author

 1 file changed, 17 insertions(+)
[0;32m✅ Commit automático creado exitosamente[0m
To https://github.com/anamanz7/anamanzanares.github.io.git
   f266f70..c311977  main -> main
[2026-03-09 21:58:32] ✅ Push realizado exitosamente a GitHub
[2026-03-09 21:58:32] === Verificación completada ===
[2026-03-09 22:08:32] === Iniciando verificación automática ===
[2026-03-09 22:08:32] Cambios detectados, creando commit...
[main 8958cd1] Auto-commit: 1 modificado(s)
 Committer: Ana Manzanares <anamanzanares@MacBook-Pro-de-Ana.local>
Your name and email address were configured automatically based
on your username and hostname. Please check that they are accurate.
You can suppress this message by setting them explicitly:

    git config --global user.name "Your Name"
    git config --global user.email you@example.com

After doing this, you may fix the identity used for this commit with:

    git commit --amend --reset-author

 2 files changed, 25 insertions(+)
[2026-03-09 22:08:32] ✅ Commit creado exitosamente
[1;33m🔍 Verificando cambios pendientes...[0m
[1;33m📝 Cambios detectados. Creando commit automático...[0m
[main 65a127a] Auto-commit: Actualización automática del portfolio
 Committer: Ana Manzanares <anamanzanares@MacBook-Pro-de-Ana.local>
Your name and email address were configured automatically based
on your username and hostname. Please check that they are accurate.
You can suppress this message by setting them explicitly:

    git config --global user.name "Your Name"
    git config --global user.email you@example.com

After doing this, you may fix the identity used for this commit with:

    git commit --amend --reset-author

 1 file changed, 17 insertions(+)
[0;32m✅ Commit automático creado exitosamente[0m
To https://github.com/anamanz7/anamanzanares.github.io.git
   cfddcce..8958cd1  main -> main
[2026-03-09 22:08:34] ✅ Push realizado exitosamente a GitHub
[2026-03-09 22:08:34] === Verificación completada ===
[2026-03-09 22:21:49] === Iniciando verificación automática ===
[2026-03-09 22:21:49] Cambios detectados, creando commit...
[main d8fa697] Auto-commit: 1 modificado(s)
 Committer: Ana Manzanares <anamanzanares@MacBook-Pro-de-Ana.local>
Your name and email address were configured automatically based
on your username and hostname. Please check that they are accurate.
You can suppress this message by setting them explicitly:

    git config --global user.name "Your Name"
    git config --global user.email you@example.com

After doing this, you may fix the identity used for this commit with:

    git commit --amend --reset-author

 2 files changed, 25 insertions(+)
[2026-03-09 22:21:50] ✅ Commit creado exitosamente
[1;33m🔍 Verificando cambios pendientes...[0m
[1;33m📝 Cambios detectados. Creando commit automático...[0m
[main 6db9e19] Auto-commit: Actualización automática del portfolio
 Committer: Ana Manzanares <anamanzanares@MacBook-Pro-de-Ana.local>
Your name and email address were configured automatically based
on your username and hostname. Please check that they are accurate.
You can suppress this message by setting them explicitly:

    git config --global user.name "Your Name"
    git config --global user.email you@example.com

After doing this, you may fix the identity used for this commit with:

    git commit --amend --reset-author

 1 file changed, 17 insertions(+)
[0;32m✅ Commit automático creado exitosamente[0m
To https://github.com/anamanz7/anamanzanares.github.io.git
   65a127a..d8fa697  main -> main
[2026-03-09 22:21:56] ✅ Push realizado exitosamente a GitHub
[2026-03-09 22:21:56] === Verificación completada ===
[2026-03-09 22:31:56] === Iniciando verificación automática ===
[2026-03-09 22:31:56] Cambios detectados, creando commit...
[main 7a0922e] Auto-commit: 1 modificado(s)
 Committer: Ana Manzanares <anamanzanares@MacBook-Pro-de-Ana.local>
Your name and email address were configured automatically based
on your username and hostname. Please check that they are accurate.
You can suppress this message by setting them explicitly:

    git config --global user.name "Your Name"
    git config --global user.email you@example.com

After doing this, you may fix the identity used for this commit with:

    git commit --amend --reset-author

 2 files changed, 25 insertions(+)
[2026-03-09 22:31:56] ✅ Commit creado exitosamente
[1;33m🔍 Verificando cambios pendientes...[0m
[1;33m📝 Cambios detectados. Creando commit automático...[0m
[main 7cac72e] Auto-commit: Actualización automática del portfolio
 Committer: Ana Manzanares <anamanzanares@MacBook-Pro-de-Ana.local>
Your name and email address were configured automatically based
on your username and hostname. Please check that they are accurate.
You can suppress this message by setting them explicitly:

    git config --global user.name "Your Name"
    git config --global user.email you@example.com

After doing this, you may fix the identity used for this commit with:

    git commit --amend --reset-author

 1 file changed, 17 insertions(+)
[0;32m✅ Commit automático creado exitosamente[0m
To https://github.com/anamanz7/anamanzanares.github.io.git
   6db9e19..7a0922e  main -> main
[2026-03-09 22:31:58] ✅ Push realizado exitosamente a GitHub
[2026-03-09 22:31:58] === Verificación completada ===
[2026-03-09 22:41:58] === Iniciando verificación automática ===
[2026-03-09 22:41:58] Cambios detectados, creando commit...
[main ec32f4b] Auto-commit: 1 modificado(s)
 Committer: Ana Manzanares <anamanzanares@MacBook-Pro-de-Ana.local>
Your name and email address were configured automatically based
on your username and hostname. Please check that they are accurate.
You can suppress this message by setting them explicitly:

    git config --global user.name "Your Name"
    git config --global user.email you@example.com

After doing this, you may fix the identity used for this commit with:

    git commit --amend --reset-author

 2 files changed, 25 insertions(+)
[2026-03-09 22:41:59] ✅ Commit creado exitosamente
[1;33m🔍 Verificando cambios pendientes...[0m
[1;33m📝 Cambios detectados. Creando commit automático...[0m
[main 5ba88d8] Auto-commit: Actualización automática del portfolio
 Committer: Ana Manzanares <anamanzanares@MacBook-Pro-de-Ana.local>
Your name and email address were configured automatically based
on your username and hostname. Please check that they are accurate.
You can suppress this message by setting them explicitly:

    git config --global user.name "Your Name"
    git config --global user.email you@example.com

After doing this, you may fix the identity used for this commit with:

    git commit --amend --reset-author

 1 file changed, 17 insertions(+)
[0;32m✅ Commit automático creado exitosamente[0m
To https://github.com/anamanz7/anamanzanares.github.io.git
   7cac72e..ec32f4b  main -> main
[2026-03-09 22:42:01] ✅ Push realizado exitosamente a GitHub
[2026-03-09 22:42:01] === Verificación completada ===
[2026-03-09 22:52:01] === Iniciando verificación automática ===
[2026-03-09 22:52:01] Cambios detectados, creando commit...
[main 72b8c68] Auto-commit: 1 modificado(s)
 Committer: Ana Manzanares <anamanzanares@MacBook-Pro-de-Ana.local>
Your name and email address were configured automatically based
on your username and hostname. Please check that they are accurate.
You can suppress this message by setting them explicitly:

    git config --global user.name "Your Name"
    git config --global user.email you@example.com

After doing this, you may fix the identity used for this commit with:

    git commit --amend --reset-author

 2 files changed, 25 insertions(+)
[2026-03-09 22:52:01] ✅ Commit creado exitosamente
[1;33m🔍 Verificando cambios pendientes...[0m
[1;33m📝 Cambios detectados. Creando commit automático...[0m
[main b77213e] Auto-commit: Actualización automática del portfolio
 Committer: Ana Manzanares <anamanzanares@MacBook-Pro-de-Ana.local>
Your name and email address were configured automatically based
on your username and hostname. Please check that they are accurate.
You can suppress this message by setting them explicitly:

    git config --global user.name "Your Name"
    git config --global user.email you@example.com

After doing this, you may fix the identity used for this commit with:

    git commit --amend --reset-author

 1 file changed, 17 insertions(+)
[0;32m✅ Commit automático creado exitosamente[0m
To https://github.com/anamanz7/anamanzanares.github.io.git
   5ba88d8..72b8c68  main -> main
[2026-03-09 22:52:03] ✅ Push realizado exitosamente a GitHub
[2026-03-09 22:52:03] === Verificación completada ===
[2026-03-09 23:02:03] === Iniciando verificación automática ===
[2026-03-09 23:02:03] Cambios detectados, creando commit...
[main 402875b] Auto-commit: 1 modificado(s)
 Committer: Ana Manzanares <anamanzanares@MacBook-Pro-de-Ana.local>
Your name and email address were configured automatically based
on your username and hostname. Please check that they are accurate.
You can suppress this message by setting them explicitly:

    git config --global user.name "Your Name"
    git config --global user.email you@example.com

After doing this, you may fix the identity used for this commit with:

    git commit --amend --reset-author

 2 files changed, 25 insertions(+)
[2026-03-09 23:02:03] ✅ Commit creado exitosamente
[1;33m🔍 Verificando cambios pendientes...[0m
[1;33m📝 Cambios detectados. Creando commit automático...[0m
[main 7525ce1] Auto-commit: Actualización automática del portfolio
 Committer: Ana Manzanares <anamanzanares@MacBook-Pro-de-Ana.local>
Your name and email address were configured automatically based
on your username and hostname. Please check that they are accurate.
You can suppress this message by setting them explicitly:

    git config --global user.name "Your Name"
    git config --global user.email you@example.com

After doing this, you may fix the identity used for this commit with:

    git commit --amend --reset-author

 1 file changed, 17 insertions(+)
[0;32m✅ Commit automático creado exitosamente[0m
To https://github.com/anamanz7/anamanzanares.github.io.git
   b77213e..402875b  main -> main
[2026-03-09 23:02:04] ✅ Push realizado exitosamente a GitHub
[2026-03-09 23:02:04] === Verificación completada ===
[2026-03-09 23:12:05] === Iniciando verificación automática ===
[2026-03-09 23:12:05] Cambios detectados, creando commit...
[main 27b3074] Auto-commit: 1 modificado(s)
 Committer: Ana Manzanares <anamanzanares@MacBook-Pro-de-Ana.local>
Your name and email address were configured automatically based
on your username and hostname. Please check that they are accurate.
You can suppress this message by setting them explicitly:

    git config --global user.name "Your Name"
    git config --global user.email you@example.com

After doing this, you may fix the identity used for this commit with:

    git commit --amend --reset-author

 2 files changed, 25 insertions(+)
[2026-03-09 23:12:05] ✅ Commit creado exitosamente
[1;33m🔍 Verificando cambios pendientes...[0m
[1;33m📝 Cambios detectados. Creando commit automático...[0m
[main 47d8262] Auto-commit: Actualización automática del portfolio
 Committer: Ana Manzanares <anamanzanares@MacBook-Pro-de-Ana.local>
Your name and email address were configured automatically based
on your username and hostname. Please check that they are accurate.
You can suppress this message by setting them explicitly:

    git config --global user.name "Your Name"
    git config --global user.email you@example.com

After doing this, you may fix the identity used for this commit with:

    git commit --amend --reset-author

 1 file changed, 17 insertions(+)
[0;32m✅ Commit automático creado exitosamente[0m
To https://github.com/anamanz7/anamanzanares.github.io.git
   7525ce1..27b3074  main -> main
[2026-03-09 23:12:06] ✅ Push realizado exitosamente a GitHub
[2026-03-09 23:12:06] === Verificación completada ===
[2026-03-09 23:22:06] === Iniciando verificación automática ===
[2026-03-09 23:22:06] Cambios detectados, creando commit...
[main 2318e2c] Auto-commit: 1 modificado(s)
 Committer: Ana Manzanares <anamanzanares@MacBook-Pro-de-Ana.local>
Your name and email address were configured automatically based
on your username and hostname. Please check that they are accurate.
You can suppress this message by setting them explicitly:

    git config --global user.name "Your Name"
    git config --global user.email you@example.com

After doing this, you may fix the identity used for this commit with:

    git commit --amend --reset-author

 2 files changed, 25 insertions(+)
[2026-03-09 23:22:06] ✅ Commit creado exitosamente
[1;33m🔍 Verificando cambios pendientes...[0m
[1;33m📝 Cambios detectados. Creando commit automático...[0m
[main 0c8d4a1] Auto-commit: Actualización automática del portfolio
 Committer: Ana Manzanares <anamanzanares@MacBook-Pro-de-Ana.local>
Your name and email address were configured automatically based
on your username and hostname. Please check that they are accurate.
You can suppress this message by setting them explicitly:

    git config --global user.name "Your Name"
    git config --global user.email you@example.com

After doing this, you may fix the identity used for this commit with:

    git commit --amend --reset-author

 1 file changed, 17 insertions(+)
[0;32m✅ Commit automático creado exitosamente[0m
To https://github.com/anamanz7/anamanzanares.github.io.git
   47d8262..2318e2c  main -> main
[2026-03-09 23:22:08] ✅ Push realizado exitosamente a GitHub
[2026-03-09 23:22:08] === Verificación completada ===
[2026-03-09 23:32:08] === Iniciando verificación automática ===
[2026-03-09 23:32:08] Cambios detectados, creando commit...
[main 89de28e] Auto-commit: 1 modificado(s)
 Committer: Ana Manzanares <anamanzanares@MacBook-Pro-de-Ana.local>
Your name and email address were configured automatically based
on your username and hostname. Please check that they are accurate.
You can suppress this message by setting them explicitly:

    git config --global user.name "Your Name"
    git config --global user.email you@example.com

After doing this, you may fix the identity used for this commit with:

    git commit --amend --reset-author

 2 files changed, 25 insertions(+)
[2026-03-09 23:32:09] ✅ Commit creado exitosamente
[1;33m🔍 Verificando cambios pendientes...[0m
[1;33m📝 Cambios detectados. Creando commit automático...[0m
[main 4e8a41c] Auto-commit: Actualización automática del portfolio
 Committer: Ana Manzanares <anamanzanares@MacBook-Pro-de-Ana.local>
Your name and email address were configured automatically based
on your username and hostname. Please check that they are accurate.
You can suppress this message by setting them explicitly:

    git config --global user.name "Your Name"
    git config --global user.email you@example.com

After doing this, you may fix the identity used for this commit with:

    git commit --amend --reset-author

 1 file changed, 17 insertions(+)
[0;32m✅ Commit automático creado exitosamente[0m
To https://github.com/anamanz7/anamanzanares.github.io.git
   0c8d4a1..89de28e  main -> main
[2026-03-09 23:32:12] ✅ Push realizado exitosamente a GitHub
[2026-03-09 23:32:12] === Verificación completada ===
[2026-03-09 23:42:12] === Iniciando verificación automática ===
[2026-03-09 23:42:12] Cambios detectados, creando commit...
[main 74095bc] Auto-commit: 1 modificado(s)
 Committer: Ana Manzanares <anamanzanares@MacBook-Pro-de-Ana.local>
Your name and email address were configured automatically based
on your username and hostname. Please check that they are accurate.
You can suppress this message by setting them explicitly:

    git config --global user.name "Your Name"
    git config --global user.email you@example.com

After doing this, you may fix the identity used for this commit with:

    git commit --amend --reset-author

 2 files changed, 25 insertions(+)
[2026-03-09 23:42:13] ✅ Commit creado exitosamente
[1;33m🔍 Verificando cambios pendientes...[0m
[1;33m📝 Cambios detectados. Creando commit automático...[0m
[main 68a8578] Auto-commit: Actualización automática del portfolio
 Committer: Ana Manzanares <anamanzanares@MacBook-Pro-de-Ana.local>
Your name and email address were configured automatically based
on your username and hostname. Please check that they are accurate.
You can suppress this message by setting them explicitly:

    git config --global user.name "Your Name"
    git config --global user.email you@example.com

After doing this, you may fix the identity used for this commit with:

    git commit --amend --reset-author

 1 file changed, 17 insertions(+)
[0;32m✅ Commit automático creado exitosamente[0m
To https://github.com/anamanz7/anamanzanares.github.io.git
   4e8a41c..74095bc  main -> main
[2026-03-09 23:42:16] ✅ Push realizado exitosamente a GitHub
[2026-03-09 23:42:16] === Verificación completada ===
[2026-03-09 23:52:16] === Iniciando verificación automática ===
[2026-03-09 23:52:16] Cambios detectados, creando commit...
[main 3104007] Auto-commit: 1 modificado(s)
 Committer: Ana Manzanares <anamanzanares@MacBook-Pro-de-Ana.local>
Your name and email address were configured automatically based
on your username and hostname. Please check that they are accurate.
You can suppress this message by setting them explicitly:

    git config --global user.name "Your Name"
    git config --global user.email you@example.com

After doing this, you may fix the identity used for this commit with:

    git commit --amend --reset-author

 2 files changed, 25 insertions(+)
[2026-03-09 23:52:16] ✅ Commit creado exitosamente
[1;33m🔍 Verificando cambios pendientes...[0m
[1;33m📝 Cambios detectados. Creando commit automático...[0m
[main 2743007] Auto-commit: Actualización automática del portfolio
 Committer: Ana Manzanares <anamanzanares@MacBook-Pro-de-Ana.local>
Your name and email address were configured automatically based
on your username and hostname. Please check that they are accurate.
You can suppress this message by setting them explicitly:

    git config --global user.name "Your Name"
    git config --global user.email you@example.com

After doing this, you may fix the identity used for this commit with:

    git commit --amend --reset-author

 1 file changed, 17 insertions(+)
[0;32m✅ Commit automático creado exitosamente[0m
To https://github.com/anamanz7/anamanzanares.github.io.git
   68a8578..3104007  main -> main
[2026-03-09 23:52:20] ✅ Push realizado exitosamente a GitHub
[2026-03-09 23:52:20] === Verificación completada ===
[2026-03-10 00:02:20] === Iniciando verificación automática ===
[2026-03-10 00:02:22] Cambios detectados, creando commit...
[main 1f168c8] Auto-commit: 1 modificado(s)
 Committer: Ana Manzanares <anamanzanares@MacBook-Pro-de-Ana.local>
Your name and email address were configured automatically based
on your username and hostname. Please check that they are accurate.
You can suppress this message by setting them explicitly:

    git config --global user.name "Your Name"
    git config --global user.email you@example.com

After doing this, you may fix the identity used for this commit with:

    git commit --amend --reset-author

 2 files changed, 25 insertions(+)
[2026-03-10 00:02:22] ✅ Commit creado exitosamente
[1;33m🔍 Verificando cambios pendientes...[0m
[1;33m📝 Cambios detectados. Creando commit automático...[0m
[main db8332f] Auto-commit: Actualización automática del portfolio
 Committer: Ana Manzanares <anamanzanares@MacBook-Pro-de-Ana.local>
Your name and email address were configured automatically based
on your username and hostname. Please check that they are accurate.
You can suppress this message by setting them explicitly:

    git config --global user.name "Your Name"
    git config --global user.email you@example.com

After doing this, you may fix the identity used for this commit with:

    git commit --amend --reset-author

 1 file changed, 17 insertions(+)
[0;32m✅ Commit automático creado exitosamente[0m
To https://github.com/anamanz7/anamanzanares.github.io.git
   2743007..1f168c8  main -> main
[2026-03-10 00:02:25] ✅ Push realizado exitosamente a GitHub
[2026-03-10 00:02:25] === Verificación completada ===
[2026-03-10 00:28:28] === Iniciando verificación automática ===
[2026-03-10 00:28:28] Cambios detectados, creando commit...
[main ed3bbfb] Auto-commit: 1 modificado(s)
 Committer: Ana Manzanares <anamanzanares@MacBook-Pro-de-Ana.local>
Your name and email address were configured automatically based
on your username and hostname. Please check that they are accurate.
You can suppress this message by setting them explicitly:

    git config --global user.name "Your Name"
    git config --global user.email you@example.com

After doing this, you may fix the identity used for this commit with:

    git commit --amend --reset-author

 2 files changed, 25 insertions(+)
[2026-03-10 00:28:28] ✅ Commit creado exitosamente
[1;33m🔍 Verificando cambios pendientes...[0m
[1;33m📝 Cambios detectados. Creando commit automático...[0m
[main 1bcd4ce] Auto-commit: Actualización automática del portfolio
 Committer: Ana Manzanares <anamanzanares@MacBook-Pro-de-Ana.local>
Your name and email address were configured automatically based
on your username and hostname. Please check that they are accurate.
You can suppress this message by setting them explicitly:

    git config --global user.name "Your Name"
    git config --global user.email you@example.com

After doing this, you may fix the identity used for this commit with:

    git commit --amend --reset-author

 1 file changed, 17 insertions(+)
[0;32m✅ Commit automático creado exitosamente[0m
To https://github.com/anamanz7/anamanzanares.github.io.git
   db8332f..ed3bbfb  main -> main
[2026-03-10 00:28:30] ✅ Push realizado exitosamente a GitHub
[2026-03-10 00:28:30] === Verificación completada ===
[2026-03-10 03:11:28] === Iniciando verificación automática ===
[2026-03-10 03:11:28] Cambios detectados, creando commit...
[main a24b161] Auto-commit: 1 modificado(s)
 Committer: Ana Manzanares <anamanzanares@MacBook-Pro-de-Ana.local>
Your name and email address were configured automatically based
on your username and hostname. Please check that they are accurate.
You can suppress this message by setting them explicitly:

    git config --global user.name "Your Name"
    git config --global user.email you@example.com

After doing this, you may fix the identity used for this commit with:

    git commit --amend --reset-author

 2 files changed, 25 insertions(+)
[2026-03-10 03:11:28] ✅ Commit creado exitosamente
[1;33m🔍 Verificando cambios pendientes...[0m
[1;33m📝 Cambios detectados. Creando commit automático...[0m
[main 927ccce] Auto-commit: Actualización automática del portfolio
 Committer: Ana Manzanares <anamanzanares@MacBook-Pro-de-Ana.local>
Your name and email address were configured automatically based
on your username and hostname. Please check that they are accurate.
You can suppress this message by setting them explicitly:

    git config --global user.name "Your Name"
    git config --global user.email you@example.com

After doing this, you may fix the identity used for this commit with:

    git commit --amend --reset-author

 1 file changed, 17 insertions(+)
[0;32m✅ Commit automático creado exitosamente[0m
To https://github.com/anamanz7/anamanzanares.github.io.git
   1bcd4ce..a24b161  main -> main
[2026-03-10 03:11:30] ✅ Push realizado exitosamente a GitHub
[2026-03-10 03:11:30] === Verificación completada ===
[2026-03-10 10:04:07] === Iniciando verificación automática ===
[2026-03-10 10:04:07] Cambios detectados, creando commit...
[main 366d936] Auto-commit: 1 modificado(s)
 Committer: Ana Manzanares <anamanzanares@MacBook-Pro-de-Ana.local>
Your name and email address were configured automatically based
on your username and hostname. Please check that they are accurate.
You can suppress this message by setting them explicitly:

    git config --global user.name "Your Name"
    git config --global user.email you@example.com

After doing this, you may fix the identity used for this commit with:

    git commit --amend --reset-author

 2 files changed, 25 insertions(+)
[2026-03-10 10:04:07] ✅ Commit creado exitosamente
[1;33m🔍 Verificando cambios pendientes...[0m
[1;33m📝 Cambios detectados. Creando commit automático...[0m
[main f0a3077] Auto-commit: Actualización automática del portfolio
 Committer: Ana Manzanares <anamanzanares@MacBook-Pro-de-Ana.local>
Your name and email address were configured automatically based
on your username and hostname. Please check that they are accurate.
You can suppress this message by setting them explicitly:

    git config --global user.name "Your Name"
    git config --global user.email you@example.com

After doing this, you may fix the identity used for this commit with:

    git commit --amend --reset-author

 1 file changed, 17 insertions(+)
[0;32m✅ Commit automático creado exitosamente[0m
To https://github.com/anamanz7/anamanzanares.github.io.git
   927ccce..366d936  main -> main
[2026-03-10 10:04:09] ✅ Push realizado exitosamente a GitHub
[2026-03-10 10:04:09] === Verificación completada ===
[2026-03-10 11:27:19] === Iniciando verificación automática ===
[2026-03-10 11:27:19] Cambios detectados, creando commit...
[main 3222a80] Auto-commit: 1 modificado(s)
 Committer: Ana Manzanares <anamanzanares@MacBook-Pro-de-Ana.local>
Your name and email address were configured automatically based
on your username and hostname. Please check that they are accurate.
You can suppress this message by setting them explicitly:

    git config --global user.name "Your Name"
    git config --global user.email you@example.com

After doing this, you may fix the identity used for this commit with:

    git commit --amend --reset-author

 2 files changed, 25 insertions(+)
[2026-03-10 11:27:19] ✅ Commit creado exitosamente
fatal: unable to access 'https://github.com/anamanz7/anamanzanares.github.io.git/': Could not resolve host: github.com
[2026-03-10 11:27:19] ❌ Error al hacer push
[2026-03-10 22:28:19] === Iniciando verificación automática ===
[2026-03-10 22:28:20] Cambios detectados, creando commit...
[main 3f9b70b] Auto-commit: 1 modificado(s)
 Committer: Ana Manzanares <anamanzanares@MacBook-Pro-de-Ana.local>
Your name and email address were configured automatically based
on your username and hostname. Please check that they are accurate.
You can suppress this message by setting them explicitly:

    git config --global user.name "Your Name"
    git config --global user.email you@example.com

After doing this, you may fix the identity used for this commit with:

    git commit --amend --reset-author

 2 files changed, 23 insertions(+)
[2026-03-10 22:28:20] ✅ Commit creado exitosamente
[1;33m🔍 Verificando cambios pendientes...[0m
[1;33m📝 Cambios detectados. Creando commit automático...[0m
[main 3553f2d] Auto-commit: Actualización automática del portfolio
 Committer: Ana Manzanares <anamanzanares@MacBook-Pro-de-Ana.local>
Your name and email address were configured automatically based
on your username and hostname. Please check that they are accurate.
You can suppress this message by setting them explicitly:

    git config --global user.name "Your Name"
    git config --global user.email you@example.com

After doing this, you may fix the identity used for this commit with:

    git commit --amend --reset-author

 1 file changed, 17 insertions(+)
[0;32m✅ Commit automático creado exitosamente[0m
To https://github.com/anamanz7/anamanzanares.github.io.git
   f0a3077..3f9b70b  main -> main
[2026-03-10 22:28:22] ✅ Push realizado exitosamente a GitHub
[2026-03-10 22:28:22] === Verificación completada ===
[2026-03-10 22:38:22] === Iniciando verificación automática ===
[2026-03-10 22:38:22] Cambios detectados, creando commit...
[main 7671dce] Auto-commit: 1 modificado(s)
 Committer: Ana Manzanares <anamanzanares@MacBook-Pro-de-Ana.local>
Your name and email address were configured automatically based
on your username and hostname. Please check that they are accurate.
You can suppress this message by setting them explicitly:

    git config --global user.name "Your Name"
    git config --global user.email you@example.com

After doing this, you may fix the identity used for this commit with:

    git commit --amend --reset-author

 2 files changed, 25 insertions(+)
[2026-03-10 22:38:22] ✅ Commit creado exitosamente
[1;33m🔍 Verificando cambios pendientes...[0m
[1;33m📝 Cambios detectados. Creando commit automático...[0m
[main 64f9989] Auto-commit: Actualización automática del portfolio
 Committer: Ana Manzanares <anamanzanares@MacBook-Pro-de-Ana.local>
Your name and email address were configured automatically based
on your username and hostname. Please check that they are accurate.
You can suppress this message by setting them explicitly:

    git config --global user.name "Your Name"
    git config --global user.email you@example.com

After doing this, you may fix the identity used for this commit with:

    git commit --amend --reset-author

 1 file changed, 17 insertions(+)
[0;32m✅ Commit automático creado exitosamente[0m
To https://github.com/anamanz7/anamanzanares.github.io.git
   3553f2d..7671dce  main -> main
[2026-03-10 22:38:24] ✅ Push realizado exitosamente a GitHub
[2026-03-10 22:38:24] === Verificación completada ===
[2026-03-10 22:48:24] === Iniciando verificación automática ===
[2026-03-10 22:48:24] Cambios detectados, creando commit...
[main 4882a00] Auto-commit: 1 modificado(s)
 Committer: Ana Manzanares <anamanzanares@MacBook-Pro-de-Ana.local>
Your name and email address were configured automatically based
on your username and hostname. Please check that they are accurate.
You can suppress this message by setting them explicitly:

    git config --global user.name "Your Name"
    git config --global user.email you@example.com

After doing this, you may fix the identity used for this commit with:

    git commit --amend --reset-author

 2 files changed, 25 insertions(+)
[2026-03-10 22:48:24] ✅ Commit creado exitosamente
[1;33m🔍 Verificando cambios pendientes...[0m
[1;33m📝 Cambios detectados. Creando commit automático...[0m
[main 8038450] Auto-commit: Actualización automática del portfolio
 Committer: Ana Manzanares <anamanzanares@MacBook-Pro-de-Ana.local>
Your name and email address were configured automatically based
on your username and hostname. Please check that they are accurate.
You can suppress this message by setting them explicitly:

    git config --global user.name "Your Name"
    git config --global user.email you@example.com

After doing this, you may fix the identity used for this commit with:

    git commit --amend --reset-author

 1 file changed, 17 insertions(+)
[0;32m✅ Commit automático creado exitosamente[0m
To https://github.com/anamanz7/anamanzanares.github.io.git
   64f9989..4882a00  main -> main
[2026-03-10 22:48:28] ✅ Push realizado exitosamente a GitHub
[2026-03-10 22:48:28] === Verificación completada ===
[2026-03-10 22:58:28] === Iniciando verificación automática ===
[2026-03-10 22:58:28] Cambios detectados, creando commit...
[main 4df0781] Auto-commit: 1 modificado(s)
 Committer: Ana Manzanares <anamanzanares@MacBook-Pro-de-Ana.local>
Your name and email address were configured automatically based
on your username and hostname. Please check that they are accurate.
You can suppress this message by setting them explicitly:

    git config --global user.name "Your Name"
    git config --global user.email you@example.com

After doing this, you may fix the identity used for this commit with:

    git commit --amend --reset-author

 2 files changed, 25 insertions(+)
[2026-03-10 22:58:28] ✅ Commit creado exitosamente
[1;33m🔍 Verificando cambios pendientes...[0m
[1;33m📝 Cambios detectados. Creando commit automático...[0m
[main 0bae611] Auto-commit: Actualización automática del portfolio
 Committer: Ana Manzanares <anamanzanares@MacBook-Pro-de-Ana.local>
Your name and email address were configured automatically based
on your username and hostname. Please check that they are accurate.
You can suppress this message by setting them explicitly:

    git config --global user.name "Your Name"
    git config --global user.email you@example.com

After doing this, you may fix the identity used for this commit with:

    git commit --amend --reset-author

 1 file changed, 17 insertions(+)
[0;32m✅ Commit automático creado exitosamente[0m
To https://github.com/anamanz7/anamanzanares.github.io.git
   8038450..4df0781  main -> main
[2026-03-10 22:58:29] ✅ Push realizado exitosamente a GitHub
[2026-03-10 22:58:29] === Verificación completada ===
[2026-03-10 23:08:29] === Iniciando verificación automática ===
[2026-03-10 23:08:30] Cambios detectados, creando commit...
[main 80a98ec] Auto-commit: 1 modificado(s)
 Committer: Ana Manzanares <anamanzanares@MacBook-Pro-de-Ana.local>
Your name and email address were configured automatically based
on your username and hostname. Please check that they are accurate.
You can suppress this message by setting them explicitly:

    git config --global user.name "Your Name"
    git config --global user.email you@example.com

After doing this, you may fix the identity used for this commit with:

    git commit --amend --reset-author

 2 files changed, 25 insertions(+)
[2026-03-10 23:08:30] ✅ Commit creado exitosamente
[1;33m🔍 Verificando cambios pendientes...[0m
[1;33m📝 Cambios detectados. Creando commit automático...[0m
[main 400266c] Auto-commit: Actualización automática del portfolio
 Committer: Ana Manzanares <anamanzanares@MacBook-Pro-de-Ana.local>
Your name and email address were configured automatically based
on your username and hostname. Please check that they are accurate.
You can suppress this message by setting them explicitly:

    git config --global user.name "Your Name"
    git config --global user.email you@example.com

After doing this, you may fix the identity used for this commit with:

    git commit --amend --reset-author

 1 file changed, 17 insertions(+)
[0;32m✅ Commit automático creado exitosamente[0m
To https://github.com/anamanz7/anamanzanares.github.io.git
   0bae611..80a98ec  main -> main
[2026-03-10 23:08:31] ✅ Push realizado exitosamente a GitHub
[2026-03-10 23:08:31] === Verificación completada ===
[2026-03-10 23:18:31] === Iniciando verificación automática ===
[2026-03-10 23:18:31] Cambios detectados, creando commit...
[main 9b3e8f4] Auto-commit: 1 modificado(s)
 Committer: Ana Manzanares <anamanzanares@MacBook-Pro-de-Ana.local>
Your name and email address were configured automatically based
on your username and hostname. Please check that they are accurate.
You can suppress this message by setting them explicitly:

    git config --global user.name "Your Name"
    git config --global user.email you@example.com

After doing this, you may fix the identity used for this commit with:

    git commit --amend --reset-author

 2 files changed, 25 insertions(+)
[2026-03-10 23:18:31] ✅ Commit creado exitosamente
[1;33m🔍 Verificando cambios pendientes...[0m
[1;33m📝 Cambios detectados. Creando commit automático...[0m
[main 1a7b042] Auto-commit: Actualización automática del portfolio
 Committer: Ana Manzanares <anamanzanares@MacBook-Pro-de-Ana.local>
Your name and email address were configured automatically based
on your username and hostname. Please check that they are accurate.
You can suppress this message by setting them explicitly:

    git config --global user.name "Your Name"
    git config --global user.email you@example.com

After doing this, you may fix the identity used for this commit with:

    git commit --amend --reset-author

 1 file changed, 17 insertions(+)
[0;32m✅ Commit automático creado exitosamente[0m
To https://github.com/anamanz7/anamanzanares.github.io.git
   400266c..9b3e8f4  main -> main
[2026-03-10 23:18:33] ✅ Push realizado exitosamente a GitHub
[2026-03-10 23:18:33] === Verificación completada ===
[2026-03-10 23:28:33] === Iniciando verificación automática ===
[2026-03-10 23:28:33] Cambios detectados, creando commit...
[main db17538] Auto-commit: 1 modificado(s)
 Committer: Ana Manzanares <anamanzanares@MacBook-Pro-de-Ana.local>
Your name and email address were configured automatically based
on your username and hostname. Please check that they are accurate.
You can suppress this message by setting them explicitly:

    git config --global user.name "Your Name"
    git config --global user.email you@example.com

After doing this, you may fix the identity used for this commit with:

    git commit --amend --reset-author

 2 files changed, 25 insertions(+)
[2026-03-10 23:28:33] ✅ Commit creado exitosamente
[1;33m🔍 Verificando cambios pendientes...[0m
[1;33m📝 Cambios detectados. Creando commit automático...[0m
[main c381c47] Auto-commit: Actualización automática del portfolio
 Committer: Ana Manzanares <anamanzanares@MacBook-Pro-de-Ana.local>
Your name and email address were configured automatically based
on your username and hostname. Please check that they are accurate.
You can suppress this message by setting them explicitly:

    git config --global user.name "Your Name"
    git config --global user.email you@example.com

After doing this, you may fix the identity used for this commit with:

    git commit --amend --reset-author

 1 file changed, 17 insertions(+)
[0;32m✅ Commit automático creado exitosamente[0m
To https://github.com/anamanz7/anamanzanares.github.io.git
   1a7b042..db17538  main -> main
[2026-03-10 23:28:34] ✅ Push realizado exitosamente a GitHub
[2026-03-10 23:28:34] === Verificación completada ===
[2026-03-10 23:38:34] === Iniciando verificación automática ===
[2026-03-10 23:38:34] Cambios detectados, creando commit...
[main ff20638] Auto-commit: 1 modificado(s)
 Committer: Ana Manzanares <anamanzanares@MacBook-Pro-de-Ana.local>
Your name and email address were configured automatically based
on your username and hostname. Please check that they are accurate.
You can suppress this message by setting them explicitly:

    git config --global user.name "Your Name"
    git config --global user.email you@example.com

After doing this, you may fix the identity used for this commit with:

    git commit --amend --reset-author

 2 files changed, 25 insertions(+)
[2026-03-10 23:38:35] ✅ Commit creado exitosamente
[1;33m🔍 Verificando cambios pendientes...[0m
[1;33m📝 Cambios detectados. Creando commit automático...[0m
[main 8beff19] Auto-commit: Actualización automática del portfolio
 Committer: Ana Manzanares <anamanzanares@MacBook-Pro-de-Ana.local>
Your name and email address were configured automatically based
on your username and hostname. Please check that they are accurate.
You can suppress this message by setting them explicitly:

    git config --global user.name "Your Name"
    git config --global user.email you@example.com

After doing this, you may fix the identity used for this commit with:

    git commit --amend --reset-author

 1 file changed, 17 insertions(+)
[0;32m✅ Commit automático creado exitosamente[0m
To https://github.com/anamanz7/anamanzanares.github.io.git
   c381c47..ff20638  main -> main
[2026-03-10 23:38:36] ✅ Push realizado exitosamente a GitHub
[2026-03-10 23:38:36] === Verificación completada ===
[2026-03-10 23:48:36] === Iniciando verificación automática ===
[2026-03-10 23:48:37] Cambios detectados, creando commit...
[main a7d4ffc] Auto-commit: 1 modificado(s)
 Committer: Ana Manzanares <anamanzanares@MacBook-Pro-de-Ana.local>
Your name and email address were configured automatically based
on your username and hostname. Please check that they are accurate.
You can suppress this message by setting them explicitly:

    git config --global user.name "Your Name"
    git config --global user.email you@example.com

After doing this, you may fix the identity used for this commit with:

    git commit --amend --reset-author

 2 files changed, 25 insertions(+)
[2026-03-10 23:48:37] ✅ Commit creado exitosamente
[1;33m🔍 Verificando cambios pendientes...[0m
[1;33m📝 Cambios detectados. Creando commit automático...[0m
[main e3a288a] Auto-commit: Actualización automática del portfolio
 Committer: Ana Manzanares <anamanzanares@MacBook-Pro-de-Ana.local>
Your name and email address were configured automatically based
on your username and hostname. Please check that they are accurate.
You can suppress this message by setting them explicitly:

    git config --global user.name "Your Name"
    git config --global user.email you@example.com

After doing this, you may fix the identity used for this commit with:

    git commit --amend --reset-author

 1 file changed, 17 insertions(+)
[0;32m✅ Commit automático creado exitosamente[0m
To https://github.com/anamanz7/anamanzanares.github.io.git
   8beff19..a7d4ffc  main -> main
[2026-03-10 23:48:40] ✅ Push realizado exitosamente a GitHub
[2026-03-10 23:48:40] === Verificación completada ===
[2026-03-10 23:58:40] === Iniciando verificación automática ===
[2026-03-10 23:58:40] Cambios detectados, creando commit...
[main eb0d2b4] Auto-commit: 1 modificado(s)
 Committer: Ana Manzanares <anamanzanares@MacBook-Pro-de-Ana.local>
Your name and email address were configured automatically based
on your username and hostname. Please check that they are accurate.
You can suppress this message by setting them explicitly:

    git config --global user.name "Your Name"
    git config --global user.email you@example.com

After doing this, you may fix the identity used for this commit with:

    git commit --amend --reset-author

 2 files changed, 25 insertions(+)
[2026-03-10 23:58:40] ✅ Commit creado exitosamente
[1;33m🔍 Verificando cambios pendientes...[0m
[1;33m📝 Cambios detectados. Creando commit automático...[0m
[main f36a217] Auto-commit: Actualización automática del portfolio
 Committer: Ana Manzanares <anamanzanares@MacBook-Pro-de-Ana.local>
Your name and email address were configured automatically based
on your username and hostname. Please check that they are accurate.
You can suppress this message by setting them explicitly:

    git config --global user.name "Your Name"
    git config --global user.email you@example.com

After doing this, you may fix the identity used for this commit with:

    git commit --amend --reset-author

 1 file changed, 17 insertions(+)
[0;32m✅ Commit automático creado exitosamente[0m
To https://github.com/anamanz7/anamanzanares.github.io.git
   e3a288a..eb0d2b4  main -> main
[2026-03-10 23:58:42] ✅ Push realizado exitosamente a GitHub
[2026-03-10 23:58:42] === Verificación completada ===
[2026-03-11 00:08:42] === Iniciando verificación automática ===
[2026-03-11 00:08:42] Cambios detectados, creando commit...
[main 7a4d0c6] Auto-commit: 1 modificado(s)
 Committer: Ana Manzanares <anamanzanares@MacBook-Pro-de-Ana.local>
Your name and email address were configured automatically based
on your username and hostname. Please check that they are accurate.
You can suppress this message by setting them explicitly:

    git config --global user.name "Your Name"
    git config --global user.email you@example.com

After doing this, you may fix the identity used for this commit with:

    git commit --amend --reset-author

 2 files changed, 25 insertions(+)
[2026-03-11 00:08:42] ✅ Commit creado exitosamente
[1;33m🔍 Verificando cambios pendientes...[0m
[1;33m📝 Cambios detectados. Creando commit automático...[0m
[main 84582ab] Auto-commit: Actualización automática del portfolio
 Committer: Ana Manzanares <anamanzanares@MacBook-Pro-de-Ana.local>
Your name and email address were configured automatically based
on your username and hostname. Please check that they are accurate.
You can suppress this message by setting them explicitly:

    git config --global user.name "Your Name"
    git config --global user.email you@example.com

After doing this, you may fix the identity used for this commit with:

    git commit --amend --reset-author

 1 file changed, 17 insertions(+)
[0;32m✅ Commit automático creado exitosamente[0m
To https://github.com/anamanz7/anamanzanares.github.io.git
   f36a217..7a4d0c6  main -> main
[2026-03-11 00:08:44] ✅ Push realizado exitosamente a GitHub
[2026-03-11 00:08:44] === Verificación completada ===
[2026-03-11 00:18:44] === Iniciando verificación automática ===
[2026-03-11 00:18:44] Cambios detectados, creando commit...
[main e6d9875] Auto-commit: 1 modificado(s)
 Committer: Ana Manzanares <anamanzanares@MacBook-Pro-de-Ana.local>
Your name and email address were configured automatically based
on your username and hostname. Please check that they are accurate.
You can suppress this message by setting them explicitly:

    git config --global user.name "Your Name"
    git config --global user.email you@example.com

After doing this, you may fix the identity used for this commit with:

    git commit --amend --reset-author

 2 files changed, 25 insertions(+)
[2026-03-11 00:18:44] ✅ Commit creado exitosamente
[1;33m🔍 Verificando cambios pendientes...[0m
[1;33m📝 Cambios detectados. Creando commit automático...[0m
[main a182e63] Auto-commit: Actualización automática del portfolio
 Committer: Ana Manzanares <anamanzanares@MacBook-Pro-de-Ana.local>
Your name and email address were configured automatically based
on your username and hostname. Please check that they are accurate.
You can suppress this message by setting them explicitly:

    git config --global user.name "Your Name"
    git config --global user.email you@example.com

After doing this, you may fix the identity used for this commit with:

    git commit --amend --reset-author

 1 file changed, 17 insertions(+)
[0;32m✅ Commit automático creado exitosamente[0m
To https://github.com/anamanz7/anamanzanares.github.io.git
   84582ab..e6d9875  main -> main
[2026-03-11 00:18:45] ✅ Push realizado exitosamente a GitHub
[2026-03-11 00:18:45] === Verificación completada ===
[2026-03-11 22:52:59] === Iniciando verificación automática ===
[2026-03-11 22:53:02] Cambios detectados, creando commit...
[main af2ec25] Auto-commit: 1 modificado(s)
 Committer: Ana Manzanares <anamanzanares@MacBook-Pro-de-Ana.local>
Your name and email address were configured automatically based
on your username and hostname. Please check that they are accurate.
You can suppress this message by setting them explicitly:

    git config --global user.name "Your Name"
    git config --global user.email you@example.com

After doing this, you may fix the identity used for this commit with:

    git commit --amend --reset-author

 2 files changed, 25 insertions(+)
[2026-03-11 22:53:02] ✅ Commit creado exitosamente
[1;33m🔍 Verificando cambios pendientes...[0m
[1;33m📝 Cambios detectados. Creando commit automático...[0m
[main baea45d] Auto-commit: Actualización automática del portfolio
 Committer: Ana Manzanares <anamanzanares@MacBook-Pro-de-Ana.local>
Your name and email address were configured automatically based
on your username and hostname. Please check that they are accurate.
You can suppress this message by setting them explicitly:

    git config --global user.name "Your Name"
    git config --global user.email you@example.com

After doing this, you may fix the identity used for this commit with:

    git commit --amend --reset-author

 1 file changed, 17 insertions(+)
[0;32m✅ Commit automático creado exitosamente[0m
To https://github.com/anamanz7/anamanzanares.github.io.git
   a182e63..af2ec25  main -> main
[2026-03-11 22:53:07] ✅ Push realizado exitosamente a GitHub
[2026-03-11 22:53:07] === Verificación completada ===
[2026-03-11 23:03:07] === Iniciando verificación automática ===
[2026-03-11 23:03:07] Cambios detectados, creando commit...
[main 2a1ec10] Auto-commit: 1 modificado(s)
 Committer: Ana Manzanares <anamanzanares@MacBook-Pro-de-Ana.local>
Your name and email address were configured automatically based
on your username and hostname. Please check that they are accurate.
You can suppress this message by setting them explicitly:

    git config --global user.name "Your Name"
    git config --global user.email you@example.com

After doing this, you may fix the identity used for this commit with:

    git commit --amend --reset-author

 2 files changed, 25 insertions(+)
[2026-03-11 23:03:07] ✅ Commit creado exitosamente
[1;33m🔍 Verificando cambios pendientes...[0m
[1;33m📝 Cambios detectados. Creando commit automático...[0m
[main 731ea20] Auto-commit: Actualización automática del portfolio
 Committer: Ana Manzanares <anamanzanares@MacBook-Pro-de-Ana.local>
Your name and email address were configured automatically based
on your username and hostname. Please check that they are accurate.
You can suppress this message by setting them explicitly:

    git config --global user.name "Your Name"
    git config --global user.email you@example.com

After doing this, you may fix the identity used for this commit with:

    git commit --amend --reset-author

 1 file changed, 17 insertions(+)
[0;32m✅ Commit automático creado exitosamente[0m
To https://github.com/anamanz7/anamanzanares.github.io.git
   baea45d..2a1ec10  main -> main
[2026-03-11 23:03:09] ✅ Push realizado exitosamente a GitHub
[2026-03-11 23:03:09] === Verificación completada ===
[2026-03-11 23:13:09] === Iniciando verificación automática ===
[2026-03-11 23:13:09] Cambios detectados, creando commit...
[main 1efabd8] Auto-commit: 1 modificado(s)
 Committer: Ana Manzanares <anamanzanares@MacBook-Pro-de-Ana.local>
Your name and email address were configured automatically based
on your username and hostname. Please check that they are accurate.
You can suppress this message by setting them explicitly:

    git config --global user.name "Your Name"
    git config --global user.email you@example.com

After doing this, you may fix the identity used for this commit with:

    git commit --amend --reset-author

 2 files changed, 25 insertions(+)
[2026-03-11 23:13:09] ✅ Commit creado exitosamente
[1;33m🔍 Verificando cambios pendientes...[0m
[1;33m📝 Cambios detectados. Creando commit automático...[0m
[main cc1f01a] Auto-commit: Actualización automática del portfolio
 Committer: Ana Manzanares <anamanzanares@MacBook-Pro-de-Ana.local>
Your name and email address were configured automatically based
on your username and hostname. Please check that they are accurate.
You can suppress this message by setting them explicitly:

    git config --global user.name "Your Name"
    git config --global user.email you@example.com

After doing this, you may fix the identity used for this commit with:

    git commit --amend --reset-author

 1 file changed, 17 insertions(+)
[0;32m✅ Commit automático creado exitosamente[0m
To https://github.com/anamanz7/anamanzanares.github.io.git
   731ea20..1efabd8  main -> main
[2026-03-11 23:13:12] ✅ Push realizado exitosamente a GitHub
[2026-03-11 23:13:12] === Verificación completada ===
[2026-03-11 23:23:12] === Iniciando verificación automática ===
[2026-03-11 23:23:12] Cambios detectados, creando commit...
[main ce5d4bd] Auto-commit: 1 modificado(s)
 Committer: Ana Manzanares <anamanzanares@MacBook-Pro-de-Ana.local>
Your name and email address were configured automatically based
on your username and hostname. Please check that they are accurate.
You can suppress this message by setting them explicitly:

    git config --global user.name "Your Name"
    git config --global user.email you@example.com

After doing this, you may fix the identity used for this commit with:

    git commit --amend --reset-author

 2 files changed, 25 insertions(+)
[2026-03-11 23:23:12] ✅ Commit creado exitosamente
[1;33m🔍 Verificando cambios pendientes...[0m
[1;33m📝 Cambios detectados. Creando commit automático...[0m
[main 04cdb33] Auto-commit: Actualización automática del portfolio
 Committer: Ana Manzanares <anamanzanares@MacBook-Pro-de-Ana.local>
Your name and email address were configured automatically based
on your username and hostname. Please check that they are accurate.
You can suppress this message by setting them explicitly:

    git config --global user.name "Your Name"
    git config --global user.email you@example.com

After doing this, you may fix the identity used for this commit with:

    git commit --amend --reset-author

 1 file changed, 17 insertions(+)
[0;32m✅ Commit automático creado exitosamente[0m
To https://github.com/anamanz7/anamanzanares.github.io.git
   cc1f01a..ce5d4bd  main -> main
[2026-03-11 23:23:14] ✅ Push realizado exitosamente a GitHub
[2026-03-11 23:23:14] === Verificación completada ===
[2026-03-11 23:33:14] === Iniciando verificación automática ===
[2026-03-11 23:33:14] Cambios detectados, creando commit...
[main a105829] Auto-commit: 1 modificado(s)
 Committer: Ana Manzanares <anamanzanares@MacBook-Pro-de-Ana.local>
Your name and email address were configured automatically based
on your username and hostname. Please check that they are accurate.
You can suppress this message by setting them explicitly:

    git config --global user.name "Your Name"
    git config --global user.email you@example.com

After doing this, you may fix the identity used for this commit with:

    git commit --amend --reset-author

 2 files changed, 25 insertions(+)
[2026-03-11 23:33:14] ✅ Commit creado exitosamente
[1;33m🔍 Verificando cambios pendientes...[0m
[1;33m📝 Cambios detectados. Creando commit automático...[0m
[main a3bb9c1] Auto-commit: Actualización automática del portfolio
 Committer: Ana Manzanares <anamanzanares@MacBook-Pro-de-Ana.local>
Your name and email address were configured automatically based
on your username and hostname. Please check that they are accurate.
You can suppress this message by setting them explicitly:

    git config --global user.name "Your Name"
    git config --global user.email you@example.com

After doing this, you may fix the identity used for this commit with:

    git commit --amend --reset-author

 1 file changed, 17 insertions(+)
[0;32m✅ Commit automático creado exitosamente[0m
To https://github.com/anamanz7/anamanzanares.github.io.git
   04cdb33..a105829  main -> main
[2026-03-11 23:33:16] ✅ Push realizado exitosamente a GitHub
[2026-03-11 23:33:16] === Verificación completada ===
[2026-03-11 23:43:16] === Iniciando verificación automática ===
[2026-03-11 23:43:16] Cambios detectados, creando commit...
[main c8187a2] Auto-commit: 1 modificado(s)
 Committer: Ana Manzanares <anamanzanares@MacBook-Pro-de-Ana.local>
Your name and email address were configured automatically based
on your username and hostname. Please check that they are accurate.
You can suppress this message by setting them explicitly:

    git config --global user.name "Your Name"
    git config --global user.email you@example.com

After doing this, you may fix the identity used for this commit with:

    git commit --amend --reset-author

 2 files changed, 25 insertions(+)
[2026-03-11 23:43:16] ✅ Commit creado exitosamente
[1;33m🔍 Verificando cambios pendientes...[0m
[1;33m📝 Cambios detectados. Creando commit automático...[0m
[main a71a5c9] Auto-commit: Actualización automática del portfolio
 Committer: Ana Manzanares <anamanzanares@MacBook-Pro-de-Ana.local>
Your name and email address were configured automatically based
on your username and hostname. Please check that they are accurate.
You can suppress this message by setting them explicitly:

    git config --global user.name "Your Name"
    git config --global user.email you@example.com

After doing this, you may fix the identity used for this commit with:

    git commit --amend --reset-author

 1 file changed, 17 insertions(+)
[0;32m✅ Commit automático creado exitosamente[0m
To https://github.com/anamanz7/anamanzanares.github.io.git
   a3bb9c1..c8187a2  main -> main
[2026-03-11 23:43:18] ✅ Push realizado exitosamente a GitHub
[2026-03-11 23:43:18] === Verificación completada ===
[2026-03-11 23:53:18] === Iniciando verificación automática ===
[2026-03-11 23:53:18] Cambios detectados, creando commit...
[main db892e4] Auto-commit: 1 modificado(s)
 Committer: Ana Manzanares <anamanzanares@MacBook-Pro-de-Ana.local>
Your name and email address were configured automatically based
on your username and hostname. Please check that they are accurate.
You can suppress this message by setting them explicitly:

    git config --global user.name "Your Name"
    git config --global user.email you@example.com

After doing this, you may fix the identity used for this commit with:

    git commit --amend --reset-author

 2 files changed, 25 insertions(+)
[2026-03-11 23:53:18] ✅ Commit creado exitosamente
[1;33m🔍 Verificando cambios pendientes...[0m
[1;33m📝 Cambios detectados. Creando commit automático...[0m
[main a64e0ef] Auto-commit: Actualización automática del portfolio
 Committer: Ana Manzanares <anamanzanares@MacBook-Pro-de-Ana.local>
Your name and email address were configured automatically based
on your username and hostname. Please check that they are accurate.
You can suppress this message by setting them explicitly:

    git config --global user.name "Your Name"
    git config --global user.email you@example.com

After doing this, you may fix the identity used for this commit with:

    git commit --amend --reset-author

 1 file changed, 17 insertions(+)
[0;32m✅ Commit automático creado exitosamente[0m
To https://github.com/anamanz7/anamanzanares.github.io.git
   a71a5c9..db892e4  main -> main
[2026-03-11 23:53:20] ✅ Push realizado exitosamente a GitHub
[2026-03-11 23:53:20] === Verificación completada ===
[2026-03-12 00:03:20] === Iniciando verificación automática ===
[2026-03-12 00:03:21] Cambios detectados, creando commit...
[main e77790b] Auto-commit: 1 modificado(s)
 Committer: Ana Manzanares <anamanzanares@MacBook-Pro-de-Ana.local>
Your name and email address were configured automatically based
on your username and hostname. Please check that they are accurate.
You can suppress this message by setting them explicitly:

    git config --global user.name "Your Name"
    git config --global user.email you@example.com

After doing this, you may fix the identity used for this commit with:

    git commit --amend --reset-author

 2 files changed, 25 insertions(+)
[2026-03-12 00:03:21] ✅ Commit creado exitosamente
[1;33m🔍 Verificando cambios pendientes...[0m
[1;33m📝 Cambios detectados. Creando commit automático...[0m
[main a772b45] Auto-commit: Actualización automática del portfolio
 Committer: Ana Manzanares <anamanzanares@MacBook-Pro-de-Ana.local>
Your name and email address were configured automatically based
on your username and hostname. Please check that they are accurate.
You can suppress this message by setting them explicitly:

    git config --global user.name "Your Name"
    git config --global user.email you@example.com

After doing this, you may fix the identity used for this commit with:

    git commit --amend --reset-author

 1 file changed, 17 insertions(+)
[0;32m✅ Commit automático creado exitosamente[0m
To https://github.com/anamanz7/anamanzanares.github.io.git
   a64e0ef..e77790b  main -> main
[2026-03-12 00:03:22] ✅ Push realizado exitosamente a GitHub
[2026-03-12 00:03:22] === Verificación completada ===
[2026-03-12 00:13:23] === Iniciando verificación automática ===
[2026-03-12 00:13:23] Cambios detectados, creando commit...
[main 1ff7250] Auto-commit: 1 modificado(s)
 Committer: Ana Manzanares <anamanzanares@MacBook-Pro-de-Ana.local>
Your name and email address were configured automatically based
on your username and hostname. Please check that they are accurate.
You can suppress this message by setting them explicitly:

    git config --global user.name "Your Name"
    git config --global user.email you@example.com

After doing this, you may fix the identity used for this commit with:

    git commit --amend --reset-author

 2 files changed, 25 insertions(+)
[2026-03-12 00:13:23] ✅ Commit creado exitosamente
[1;33m🔍 Verificando cambios pendientes...[0m
[1;33m📝 Cambios detectados. Creando commit automático...[0m
[main 543d2bb] Auto-commit: Actualización automática del portfolio
 Committer: Ana Manzanares <anamanzanares@MacBook-Pro-de-Ana.local>
Your name and email address were configured automatically based
on your username and hostname. Please check that they are accurate.
You can suppress this message by setting them explicitly:

    git config --global user.name "Your Name"
    git config --global user.email you@example.com

After doing this, you may fix the identity used for this commit with:

    git commit --amend --reset-author

 1 file changed, 17 insertions(+)
[0;32m✅ Commit automático creado exitosamente[0m
To https://github.com/anamanz7/anamanzanares.github.io.git
   a772b45..1ff7250  main -> main
[2026-03-12 00:13:26] ✅ Push realizado exitosamente a GitHub
[2026-03-12 00:13:26] === Verificación completada ===
[2026-03-12 00:23:26] === Iniciando verificación automática ===
[2026-03-12 00:23:26] Cambios detectados, creando commit...
[main 1a7f2e1] Auto-commit: 1 modificado(s)
 Committer: Ana Manzanares <anamanzanares@MacBook-Pro-de-Ana.local>
Your name and email address were configured automatically based
on your username and hostname. Please check that they are accurate.
You can suppress this message by setting them explicitly:

    git config --global user.name "Your Name"
    git config --global user.email you@example.com

After doing this, you may fix the identity used for this commit with:

    git commit --amend --reset-author

 2 files changed, 25 insertions(+)
[2026-03-12 00:23:27] ✅ Commit creado exitosamente
[1;33m🔍 Verificando cambios pendientes...[0m
[1;33m📝 Cambios detectados. Creando commit automático...[0m
[main 10576d2] Auto-commit: Actualización automática del portfolio
 Committer: Ana Manzanares <anamanzanares@MacBook-Pro-de-Ana.local>
Your name and email address were configured automatically based
on your username and hostname. Please check that they are accurate.
You can suppress this message by setting them explicitly:

    git config --global user.name "Your Name"
    git config --global user.email you@example.com

After doing this, you may fix the identity used for this commit with:

    git commit --amend --reset-author

 1 file changed, 17 insertions(+)
[0;32m✅ Commit automático creado exitosamente[0m
To https://github.com/anamanz7/anamanzanares.github.io.git
   543d2bb..1a7f2e1  main -> main
[2026-03-12 00:23:29] ✅ Push realizado exitosamente a GitHub
[2026-03-12 00:23:29] === Verificación completada ===
[2026-03-12 00:33:29] === Iniciando verificación automática ===
[2026-03-12 00:33:29] Cambios detectados, creando commit...
[main d3d6c34] Auto-commit: 1 modificado(s)
 Committer: Ana Manzanares <anamanzanares@MacBook-Pro-de-Ana.local>
Your name and email address were configured automatically based
on your username and hostname. Please check that they are accurate.
You can suppress this message by setting them explicitly:

    git config --global user.name "Your Name"
    git config --global user.email you@example.com

After doing this, you may fix the identity used for this commit with:

    git commit --amend --reset-author

 2 files changed, 25 insertions(+)
[2026-03-12 00:33:30] ✅ Commit creado exitosamente
[1;33m🔍 Verificando cambios pendientes...[0m
[1;33m📝 Cambios detectados. Creando commit automático...[0m
[main 4499b88] Auto-commit: Actualización automática del portfolio
 Committer: Ana Manzanares <anamanzanares@MacBook-Pro-de-Ana.local>
Your name and email address were configured automatically based
on your username and hostname. Please check that they are accurate.
You can suppress this message by setting them explicitly:

    git config --global user.name "Your Name"
    git config --global user.email you@example.com

After doing this, you may fix the identity used for this commit with:

    git commit --amend --reset-author

 1 file changed, 17 insertions(+)
[0;32m✅ Commit automático creado exitosamente[0m
To https://github.com/anamanz7/anamanzanares.github.io.git
   10576d2..d3d6c34  main -> main
[2026-03-12 00:33:32] ✅ Push realizado exitosamente a GitHub
[2026-03-12 00:33:32] === Verificación completada ===
[2026-03-12 00:43:32] === Iniciando verificación automática ===
[2026-03-12 00:43:32] Cambios detectados, creando commit...
[main 6c829e9] Auto-commit: 1 modificado(s)
 Committer: Ana Manzanares <anamanzanares@MacBook-Pro-de-Ana.local>
Your name and email address were configured automatically based
on your username and hostname. Please check that they are accurate.
You can suppress this message by setting them explicitly:

    git config --global user.name "Your Name"
    git config --global user.email you@example.com

After doing this, you may fix the identity used for this commit with:

    git commit --amend --reset-author

 2 files changed, 25 insertions(+)
[2026-03-12 00:43:32] ✅ Commit creado exitosamente
[1;33m🔍 Verificando cambios pendientes...[0m
[1;33m📝 Cambios detectados. Creando commit automático...[0m
[main 5dee317] Auto-commit: Actualización automática del portfolio
 Committer: Ana Manzanares <anamanzanares@MacBook-Pro-de-Ana.local>
Your name and email address were configured automatically based
on your username and hostname. Please check that they are accurate.
You can suppress this message by setting them explicitly:

    git config --global user.name "Your Name"
    git config --global user.email you@example.com

After doing this, you may fix the identity used for this commit with:

    git commit --amend --reset-author

 1 file changed, 17 insertions(+)
[0;32m✅ Commit automático creado exitosamente[0m
To https://github.com/anamanz7/anamanzanares.github.io.git
   4499b88..6c829e9  main -> main
[2026-03-12 00:43:35] ✅ Push realizado exitosamente a GitHub
[2026-03-12 00:43:35] === Verificación completada ===
[2026-03-12 22:14:29] === Iniciando verificación automática ===
[2026-03-12 22:14:31] Cambios detectados, creando commit...
[main b1d6d1c] Auto-commit: 1 modificado(s)
 Committer: Ana Manzanares <anamanzanares@MacBook-Pro-de-Ana.local>
Your name and email address were configured automatically based
on your username and hostname. Please check that they are accurate.
You can suppress this message by setting them explicitly:

    git config --global user.name "Your Name"
    git config --global user.email you@example.com

After doing this, you may fix the identity used for this commit with:

    git commit --amend --reset-author

 2 files changed, 25 insertions(+)
[2026-03-12 22:14:31] ✅ Commit creado exitosamente
fatal: unable to access 'https://github.com/anamanz7/anamanzanares.github.io.git/': Could not resolve host: github.com
[2026-03-12 22:14:32] ❌ Error al hacer push
[2026-03-12 22:24:28] === Iniciando verificación automática ===
[2026-03-12 22:24:29] Cambios detectados, creando commit...
[main 74fa4e5] Auto-commit: 1 modificado(s)
 Committer: Ana Manzanares <anamanzanares@MacBook-Pro-de-Ana.local>
Your name and email address were configured automatically based
on your username and hostname. Please check that they are accurate.
You can suppress this message by setting them explicitly:

    git config --global user.name "Your Name"
    git config --global user.email you@example.com

After doing this, you may fix the identity used for this commit with:

    git commit --amend --reset-author

 2 files changed, 23 insertions(+)
[2026-03-12 22:24:29] ✅ Commit creado exitosamente
[1;33m🔍 Verificando cambios pendientes...[0m
[1;33m📝 Cambios detectados. Creando commit automático...[0m
[main c3c2670] Auto-commit: Actualización automática del portfolio
 Committer: Ana Manzanares <anamanzanares@MacBook-Pro-de-Ana.local>
Your name and email address were configured automatically based
on your username and hostname. Please check that they are accurate.
You can suppress this message by setting them explicitly:

    git config --global user.name "Your Name"
    git config --global user.email you@example.com

After doing this, you may fix the identity used for this commit with:

    git commit --amend --reset-author

 1 file changed, 17 insertions(+)
[0;32m✅ Commit automático creado exitosamente[0m
To https://github.com/anamanz7/anamanzanares.github.io.git
   5dee317..74fa4e5  main -> main
[2026-03-12 22:24:31] ✅ Push realizado exitosamente a GitHub
[2026-03-12 22:24:31] === Verificación completada ===
[2026-03-12 22:34:31] === Iniciando verificación automática ===
[2026-03-12 22:34:31] Cambios detectados, creando commit...
[main 5380215] Auto-commit: 1 modificado(s)
 Committer: Ana Manzanares <anamanzanares@MacBook-Pro-de-Ana.local>
Your name and email address were configured automatically based
on your username and hostname. Please check that they are accurate.
You can suppress this message by setting them explicitly:

    git config --global user.name "Your Name"
    git config --global user.email you@example.com

After doing this, you may fix the identity used for this commit with:

    git commit --amend --reset-author

 2 files changed, 25 insertions(+)
[2026-03-12 22:34:32] ✅ Commit creado exitosamente
[1;33m🔍 Verificando cambios pendientes...[0m
[1;33m📝 Cambios detectados. Creando commit automático...[0m
[main 41e813f] Auto-commit: Actualización automática del portfolio
 Committer: Ana Manzanares <anamanzanares@MacBook-Pro-de-Ana.local>
Your name and email address were configured automatically based
on your username and hostname. Please check that they are accurate.
You can suppress this message by setting them explicitly:

    git config --global user.name "Your Name"
    git config --global user.email you@example.com

After doing this, you may fix the identity used for this commit with:

    git commit --amend --reset-author

 1 file changed, 17 insertions(+)
[0;32m✅ Commit automático creado exitosamente[0m
To https://github.com/anamanz7/anamanzanares.github.io.git
   c3c2670..5380215  main -> main
[2026-03-12 22:34:33] ✅ Push realizado exitosamente a GitHub
[2026-03-12 22:34:33] === Verificación completada ===
[2026-03-12 22:44:33] === Iniciando verificación automática ===
[2026-03-12 22:44:33] Cambios detectados, creando commit...
[main e7a3587] Auto-commit: 1 modificado(s)
 Committer: Ana Manzanares <anamanzanares@MacBook-Pro-de-Ana.local>
Your name and email address were configured automatically based
on your username and hostname. Please check that they are accurate.
You can suppress this message by setting them explicitly:

    git config --global user.name "Your Name"
    git config --global user.email you@example.com

After doing this, you may fix the identity used for this commit with:

    git commit --amend --reset-author

 2 files changed, 25 insertions(+)
[2026-03-12 22:44:34] ✅ Commit creado exitosamente
[1;33m🔍 Verificando cambios pendientes...[0m
[1;33m📝 Cambios detectados. Creando commit automático...[0m
[main 1543f0c] Auto-commit: Actualización automática del portfolio
 Committer: Ana Manzanares <anamanzanares@MacBook-Pro-de-Ana.local>
Your name and email address were configured automatically based
on your username and hostname. Please check that they are accurate.
You can suppress this message by setting them explicitly:

    git config --global user.name "Your Name"
    git config --global user.email you@example.com

After doing this, you may fix the identity used for this commit with:

    git commit --amend --reset-author

 1 file changed, 17 insertions(+)
[0;32m✅ Commit automático creado exitosamente[0m
To https://github.com/anamanz7/anamanzanares.github.io.git
   41e813f..e7a3587  main -> main
[2026-03-12 22:44:36] ✅ Push realizado exitosamente a GitHub
[2026-03-12 22:44:36] === Verificación completada ===
[2026-03-12 22:54:36] === Iniciando verificación automática ===
[2026-03-12 22:54:37] Cambios detectados, creando commit...
[main 4af5c85] Auto-commit: 1 modificado(s)
 Committer: Ana Manzanares <anamanzanares@MacBook-Pro-de-Ana.local>
Your name and email address were configured automatically based
on your username and hostname. Please check that they are accurate.
You can suppress this message by setting them explicitly:

    git config --global user.name "Your Name"
    git config --global user.email you@example.com

After doing this, you may fix the identity used for this commit with:

    git commit --amend --reset-author

 2 files changed, 25 insertions(+)
[2026-03-12 22:54:37] ✅ Commit creado exitosamente
[1;33m🔍 Verificando cambios pendientes...[0m
[1;33m📝 Cambios detectados. Creando commit automático...[0m
[main 8ded5c5] Auto-commit: Actualización automática del portfolio
 Committer: Ana Manzanares <anamanzanares@MacBook-Pro-de-Ana.local>
Your name and email address were configured automatically based
on your username and hostname. Please check that they are accurate.
You can suppress this message by setting them explicitly:

    git config --global user.name "Your Name"
    git config --global user.email you@example.com

After doing this, you may fix the identity used for this commit with:

    git commit --amend --reset-author

 1 file changed, 17 insertions(+)
[0;32m✅ Commit automático creado exitosamente[0m
To https://github.com/anamanz7/anamanzanares.github.io.git
   1543f0c..4af5c85  main -> main
[2026-03-12 22:54:39] ✅ Push realizado exitosamente a GitHub
[2026-03-12 22:54:39] === Verificación completada ===
[2026-03-12 23:04:39] === Iniciando verificación automática ===
[2026-03-12 23:04:39] Cambios detectados, creando commit...
[main b440f9e] Auto-commit: 1 modificado(s)
 Committer: Ana Manzanares <anamanzanares@MacBook-Pro-de-Ana.local>
Your name and email address were configured automatically based
on your username and hostname. Please check that they are accurate.
You can suppress this message by setting them explicitly:

    git config --global user.name "Your Name"
    git config --global user.email you@example.com

After doing this, you may fix the identity used for this commit with:

    git commit --amend --reset-author

 2 files changed, 25 insertions(+)
[2026-03-12 23:04:40] ✅ Commit creado exitosamente
[1;33m🔍 Verificando cambios pendientes...[0m
[1;33m📝 Cambios detectados. Creando commit automático...[0m
[main 4c27104] Auto-commit: Actualización automática del portfolio
 Committer: Ana Manzanares <anamanzanares@MacBook-Pro-de-Ana.local>
Your name and email address were configured automatically based
on your username and hostname. Please check that they are accurate.
You can suppress this message by setting them explicitly:

    git config --global user.name "Your Name"
    git config --global user.email you@example.com

After doing this, you may fix the identity used for this commit with:

    git commit --amend --reset-author

 1 file changed, 17 insertions(+)
[0;32m✅ Commit automático creado exitosamente[0m
To https://github.com/anamanz7/anamanzanares.github.io.git
   8ded5c5..b440f9e  main -> main
[2026-03-12 23:04:43] ✅ Push realizado exitosamente a GitHub
[2026-03-12 23:04:43] === Verificación completada ===
[2026-03-12 23:14:43] === Iniciando verificación automática ===
[2026-03-12 23:14:43] Cambios detectados, creando commit...
[main c1043dc] Auto-commit: 1 modificado(s)
 Committer: Ana Manzanares <anamanzanares@MacBook-Pro-de-Ana.local>
Your name and email address were configured automatically based
on your username and hostname. Please check that they are accurate.
You can suppress this message by setting them explicitly:

    git config --global user.name "Your Name"
    git config --global user.email you@example.com

After doing this, you may fix the identity used for this commit with:

    git commit --amend --reset-author

 2 files changed, 25 insertions(+)
[2026-03-12 23:14:43] ✅ Commit creado exitosamente
[1;33m🔍 Verificando cambios pendientes...[0m
[1;33m📝 Cambios detectados. Creando commit automático...[0m
[main 87045c6] Auto-commit: Actualización automática del portfolio
 Committer: Ana Manzanares <anamanzanares@MacBook-Pro-de-Ana.local>
Your name and email address were configured automatically based
on your username and hostname. Please check that they are accurate.
You can suppress this message by setting them explicitly:

    git config --global user.name "Your Name"
    git config --global user.email you@example.com

After doing this, you may fix the identity used for this commit with:

    git commit --amend --reset-author

 1 file changed, 17 insertions(+)
[0;32m✅ Commit automático creado exitosamente[0m
To https://github.com/anamanz7/anamanzanares.github.io.git
   4c27104..c1043dc  main -> main
[2026-03-12 23:14:45] ✅ Push realizado exitosamente a GitHub
[2026-03-12 23:14:45] === Verificación completada ===
[2026-03-12 23:24:45] === Iniciando verificación automática ===
[2026-03-12 23:24:45] Cambios detectados, creando commit...
[main 2fae132] Auto-commit: 1 modificado(s)
 Committer: Ana Manzanares <anamanzanares@MacBook-Pro-de-Ana.local>
Your name and email address were configured automatically based
on your username and hostname. Please check that they are accurate.
You can suppress this message by setting them explicitly:

    git config --global user.name "Your Name"
    git config --global user.email you@example.com

After doing this, you may fix the identity used for this commit with:

    git commit --amend --reset-author

 2 files changed, 25 insertions(+)
[2026-03-12 23:24:45] ✅ Commit creado exitosamente
[1;33m🔍 Verificando cambios pendientes...[0m
[1;33m📝 Cambios detectados. Creando commit automático...[0m
[main 541df4b] Auto-commit: Actualización automática del portfolio
 Committer: Ana Manzanares <anamanzanares@MacBook-Pro-de-Ana.local>
Your name and email address were configured automatically based
on your username and hostname. Please check that they are accurate.
You can suppress this message by setting them explicitly:

    git config --global user.name "Your Name"
    git config --global user.email you@example.com

After doing this, you may fix the identity used for this commit with:

    git commit --amend --reset-author

 1 file changed, 17 insertions(+)
[0;32m✅ Commit automático creado exitosamente[0m
To https://github.com/anamanz7/anamanzanares.github.io.git
   87045c6..2fae132  main -> main
[2026-03-12 23:24:47] ✅ Push realizado exitosamente a GitHub
[2026-03-12 23:24:47] === Verificación completada ===
[2026-03-12 23:34:47] === Iniciando verificación automática ===
[2026-03-12 23:34:48] Cambios detectados, creando commit...
[main b7b1ee4] Auto-commit: 1 modificado(s)
 Committer: Ana Manzanares <anamanzanares@MacBook-Pro-de-Ana.local>
Your name and email address were configured automatically based
on your username and hostname. Please check that they are accurate.
You can suppress this message by setting them explicitly:

    git config --global user.name "Your Name"
    git config --global user.email you@example.com

After doing this, you may fix the identity used for this commit with:

    git commit --amend --reset-author

 2 files changed, 25 insertions(+)
[2026-03-12 23:34:48] ✅ Commit creado exitosamente
[1;33m🔍 Verificando cambios pendientes...[0m
[1;33m📝 Cambios detectados. Creando commit automático...[0m
[main 0c1d41e] Auto-commit: Actualización automática del portfolio
 Committer: Ana Manzanares <anamanzanares@MacBook-Pro-de-Ana.local>
Your name and email address were configured automatically based
on your username and hostname. Please check that they are accurate.
You can suppress this message by setting them explicitly:

    git config --global user.name "Your Name"
    git config --global user.email you@example.com

After doing this, you may fix the identity used for this commit with:

    git commit --amend --reset-author

 1 file changed, 17 insertions(+)
[0;32m✅ Commit automático creado exitosamente[0m
To https://github.com/anamanz7/anamanzanares.github.io.git
   541df4b..b7b1ee4  main -> main
[2026-03-12 23:34:51] ✅ Push realizado exitosamente a GitHub
[2026-03-12 23:34:51] === Verificación completada ===
[2026-03-12 23:44:51] === Iniciando verificación automática ===
[2026-03-12 23:44:52] Cambios detectados, creando commit...
[main 387e9fc] Auto-commit: 1 modificado(s)
 Committer: Ana Manzanares <anamanzanares@MacBook-Pro-de-Ana.local>
Your name and email address were configured automatically based
on your username and hostname. Please check that they are accurate.
You can suppress this message by setting them explicitly:

    git config --global user.name "Your Name"
    git config --global user.email you@example.com

After doing this, you may fix the identity used for this commit with:

    git commit --amend --reset-author

 2 files changed, 25 insertions(+)
[2026-03-12 23:44:52] ✅ Commit creado exitosamente
[1;33m🔍 Verificando cambios pendientes...[0m
[1;33m📝 Cambios detectados. Creando commit automático...[0m
[main 19817af] Auto-commit: Actualización automática del portfolio
 Committer: Ana Manzanares <anamanzanares@MacBook-Pro-de-Ana.local>
Your name and email address were configured automatically based
on your username and hostname. Please check that they are accurate.
You can suppress this message by setting them explicitly:

    git config --global user.name "Your Name"
    git config --global user.email you@example.com

After doing this, you may fix the identity used for this commit with:

    git commit --amend --reset-author

 1 file changed, 17 insertions(+)
[0;32m✅ Commit automático creado exitosamente[0m
To https://github.com/anamanz7/anamanzanares.github.io.git
   0c1d41e..387e9fc  main -> main
[2026-03-12 23:44:54] ✅ Push realizado exitosamente a GitHub
[2026-03-12 23:44:54] === Verificación completada ===
[2026-03-12 23:54:54] === Iniciando verificación automática ===
[2026-03-12 23:54:54] Cambios detectados, creando commit...
[main 2af60df] Auto-commit: 1 modificado(s)
 Committer: Ana Manzanares <anamanzanares@MacBook-Pro-de-Ana.local>
Your name and email address were configured automatically based
on your username and hostname. Please check that they are accurate.
You can suppress this message by setting them explicitly:

    git config --global user.name "Your Name"
    git config --global user.email you@example.com

After doing this, you may fix the identity used for this commit with:

    git commit --amend --reset-author

 2 files changed, 25 insertions(+)
[2026-03-12 23:54:55] ✅ Commit creado exitosamente
[1;33m🔍 Verificando cambios pendientes...[0m
[1;33m📝 Cambios detectados. Creando commit automático...[0m
[main 08df5dd] Auto-commit: Actualización automática del portfolio
 Committer: Ana Manzanares <anamanzanares@MacBook-Pro-de-Ana.local>
Your name and email address were configured automatically based
on your username and hostname. Please check that they are accurate.
You can suppress this message by setting them explicitly:

    git config --global user.name "Your Name"
    git config --global user.email you@example.com

After doing this, you may fix the identity used for this commit with:

    git commit --amend --reset-author

 1 file changed, 17 insertions(+)
[0;32m✅ Commit automático creado exitosamente[0m
To https://github.com/anamanz7/anamanzanares.github.io.git
   19817af..2af60df  main -> main
[2026-03-12 23:54:56] ✅ Push realizado exitosamente a GitHub
[2026-03-12 23:54:56] === Verificación completada ===
[2026-03-13 00:04:56] === Iniciando verificación automática ===
[2026-03-13 00:04:57] Cambios detectados, creando commit...
[main fa274fa] Auto-commit: 1 modificado(s)
 Committer: Ana Manzanares <anamanzanares@MacBook-Pro-de-Ana.local>
Your name and email address were configured automatically based
on your username and hostname. Please check that they are accurate.
You can suppress this message by setting them explicitly:

    git config --global user.name "Your Name"
    git config --global user.email you@example.com

After doing this, you may fix the identity used for this commit with:

    git commit --amend --reset-author

 2 files changed, 25 insertions(+)
[2026-03-13 00:04:57] ✅ Commit creado exitosamente
[1;33m🔍 Verificando cambios pendientes...[0m
[1;33m📝 Cambios detectados. Creando commit automático...[0m
[main 4a402f3] Auto-commit: Actualización automática del portfolio
 Committer: Ana Manzanares <anamanzanares@MacBook-Pro-de-Ana.local>
Your name and email address were configured automatically based
on your username and hostname. Please check that they are accurate.
You can suppress this message by setting them explicitly:

    git config --global user.name "Your Name"
    git config --global user.email you@example.com

After doing this, you may fix the identity used for this commit with:

    git commit --amend --reset-author

 1 file changed, 17 insertions(+)
[0;32m✅ Commit automático creado exitosamente[0m
To https://github.com/anamanz7/anamanzanares.github.io.git
   08df5dd..fa274fa  main -> main
[2026-03-13 00:04:59] ✅ Push realizado exitosamente a GitHub
[2026-03-13 00:04:59] === Verificación completada ===
[2026-03-13 22:31:57] === Iniciando verificación automática ===
[2026-03-13 22:31:59] Cambios detectados, creando commit...
[main d681cf6] Auto-commit: 1 modificado(s)
 Committer: Ana Manzanares <anamanzanares@MacBook-Pro-de-Ana.local>
Your name and email address were configured automatically based
on your username and hostname. Please check that they are accurate.
You can suppress this message by setting them explicitly:

    git config --global user.name "Your Name"
    git config --global user.email you@example.com

After doing this, you may fix the identity used for this commit with:

    git commit --amend --reset-author

 2 files changed, 25 insertions(+)
[2026-03-13 22:31:59] ✅ Commit creado exitosamente
[1;33m🔍 Verificando cambios pendientes...[0m
[1;33m📝 Cambios detectados. Creando commit automático...[0m
[main 94dc578] Auto-commit: Actualización automática del portfolio
 Committer: Ana Manzanares <anamanzanares@MacBook-Pro-de-Ana.local>
Your name and email address were configured automatically based
on your username and hostname. Please check that they are accurate.
You can suppress this message by setting them explicitly:

    git config --global user.name "Your Name"
    git config --global user.email you@example.com

After doing this, you may fix the identity used for this commit with:

    git commit --amend --reset-author

 1 file changed, 17 insertions(+)
[0;32m✅ Commit automático creado exitosamente[0m
To https://github.com/anamanz7/anamanzanares.github.io.git
   4a402f3..d681cf6  main -> main
[2026-03-13 22:32:05] ✅ Push realizado exitosamente a GitHub
[2026-03-13 22:32:05] === Verificación completada ===
[2026-03-13 22:42:05] === Iniciando verificación automática ===
[2026-03-13 22:42:05] Cambios detectados, creando commit...
[main bb3e51e] Auto-commit: 1 modificado(s)
 Committer: Ana Manzanares <anamanzanares@MacBook-Pro-de-Ana.local>
Your name and email address were configured automatically based
on your username and hostname. Please check that they are accurate.
You can suppress this message by setting them explicitly:

    git config --global user.name "Your Name"
    git config --global user.email you@example.com

After doing this, you may fix the identity used for this commit with:

    git commit --amend --reset-author

 2 files changed, 25 insertions(+)
[2026-03-13 22:42:05] ✅ Commit creado exitosamente
[1;33m🔍 Verificando cambios pendientes...[0m
[1;33m📝 Cambios detectados. Creando commit automático...[0m
[main 137d971] Auto-commit: Actualización automática del portfolio
 Committer: Ana Manzanares <anamanzanares@MacBook-Pro-de-Ana.local>
Your name and email address were configured automatically based
on your username and hostname. Please check that they are accurate.
You can suppress this message by setting them explicitly:

    git config --global user.name "Your Name"
    git config --global user.email you@example.com

After doing this, you may fix the identity used for this commit with:

    git commit --amend --reset-author

 1 file changed, 17 insertions(+)
[0;32m✅ Commit automático creado exitosamente[0m
To https://github.com/anamanz7/anamanzanares.github.io.git
   94dc578..bb3e51e  main -> main
[2026-03-13 22:42:07] ✅ Push realizado exitosamente a GitHub
[2026-03-13 22:42:07] === Verificación completada ===
[2026-03-13 22:52:07] === Iniciando verificación automática ===
[2026-03-13 22:52:08] Cambios detectados, creando commit...
[main 59b88fd] Auto-commit: 1 modificado(s)
 Committer: Ana Manzanares <anamanzanares@MacBook-Pro-de-Ana.local>
Your name and email address were configured automatically based
on your username and hostname. Please check that they are accurate.
You can suppress this message by setting them explicitly:

    git config --global user.name "Your Name"
    git config --global user.email you@example.com

After doing this, you may fix the identity used for this commit with:

    git commit --amend --reset-author

 2 files changed, 25 insertions(+)
[2026-03-13 22:52:08] ✅ Commit creado exitosamente
[1;33m🔍 Verificando cambios pendientes...[0m
[1;33m📝 Cambios detectados. Creando commit automático...[0m
[main 6fcd97b] Auto-commit: Actualización automática del portfolio
 Committer: Ana Manzanares <anamanzanares@MacBook-Pro-de-Ana.local>
Your name and email address were configured automatically based
on your username and hostname. Please check that they are accurate.
You can suppress this message by setting them explicitly:

    git config --global user.name "Your Name"
    git config --global user.email you@example.com

After doing this, you may fix the identity used for this commit with:

    git commit --amend --reset-author

 1 file changed, 17 insertions(+)
[0;32m✅ Commit automático creado exitosamente[0m
To https://github.com/anamanz7/anamanzanares.github.io.git
   137d971..59b88fd  main -> main
[2026-03-13 22:52:11] ✅ Push realizado exitosamente a GitHub
[2026-03-13 22:52:11] === Verificación completada ===
[2026-03-13 23:02:11] === Iniciando verificación automática ===
[2026-03-13 23:02:11] Cambios detectados, creando commit...
[main 8c20b4f] Auto-commit: 1 modificado(s)
 Committer: Ana Manzanares <anamanzanares@MacBook-Pro-de-Ana.local>
Your name and email address were configured automatically based
on your username and hostname. Please check that they are accurate.
You can suppress this message by setting them explicitly:

    git config --global user.name "Your Name"
    git config --global user.email you@example.com

After doing this, you may fix the identity used for this commit with:

    git commit --amend --reset-author

 2 files changed, 25 insertions(+)
[2026-03-13 23:02:11] ✅ Commit creado exitosamente
[1;33m🔍 Verificando cambios pendientes...[0m
[1;33m📝 Cambios detectados. Creando commit automático...[0m
[main b10050c] Auto-commit: Actualización automática del portfolio
 Committer: Ana Manzanares <anamanzanares@MacBook-Pro-de-Ana.local>
Your name and email address were configured automatically based
on your username and hostname. Please check that they are accurate.
You can suppress this message by setting them explicitly:

    git config --global user.name "Your Name"
    git config --global user.email you@example.com

After doing this, you may fix the identity used for this commit with:

    git commit --amend --reset-author

 1 file changed, 17 insertions(+)
[0;32m✅ Commit automático creado exitosamente[0m
To https://github.com/anamanz7/anamanzanares.github.io.git
   6fcd97b..8c20b4f  main -> main
[2026-03-13 23:02:13] ✅ Push realizado exitosamente a GitHub
[2026-03-13 23:02:13] === Verificación completada ===
[2026-03-13 23:12:13] === Iniciando verificación automática ===
[2026-03-13 23:12:13] Cambios detectados, creando commit...
[main 43c736e] Auto-commit: 1 modificado(s)
 Committer: Ana Manzanares <anamanzanares@MacBook-Pro-de-Ana.local>
Your name and email address were configured automatically based
on your username and hostname. Please check that they are accurate.
You can suppress this message by setting them explicitly:

    git config --global user.name "Your Name"
    git config --global user.email you@example.com

After doing this, you may fix the identity used for this commit with:

    git commit --amend --reset-author

 2 files changed, 25 insertions(+)
[2026-03-13 23:12:14] ✅ Commit creado exitosamente
[1;33m🔍 Verificando cambios pendientes...[0m
[1;33m📝 Cambios detectados. Creando commit automático...[0m
[main 3068c6c] Auto-commit: Actualización automática del portfolio
 Committer: Ana Manzanares <anamanzanares@MacBook-Pro-de-Ana.local>
Your name and email address were configured automatically based
on your username and hostname. Please check that they are accurate.
You can suppress this message by setting them explicitly:

    git config --global user.name "Your Name"
    git config --global user.email you@example.com

After doing this, you may fix the identity used for this commit with:

    git commit --amend --reset-author

 1 file changed, 17 insertions(+)
[0;32m✅ Commit automático creado exitosamente[0m
To https://github.com/anamanz7/anamanzanares.github.io.git
   b10050c..43c736e  main -> main
[2026-03-13 23:12:17] ✅ Push realizado exitosamente a GitHub
[2026-03-13 23:12:17] === Verificación completada ===
[2026-03-13 23:22:17] === Iniciando verificación automática ===
[2026-03-13 23:22:17] Cambios detectados, creando commit...
[main b732dfe] Auto-commit: 1 modificado(s)
 Committer: Ana Manzanares <anamanzanares@MacBook-Pro-de-Ana.local>
Your name and email address were configured automatically based
on your username and hostname. Please check that they are accurate.
You can suppress this message by setting them explicitly:

    git config --global user.name "Your Name"
    git config --global user.email you@example.com

After doing this, you may fix the identity used for this commit with:

    git commit --amend --reset-author

 2 files changed, 25 insertions(+)
[2026-03-13 23:22:17] ✅ Commit creado exitosamente
[1;33m🔍 Verificando cambios pendientes...[0m
[1;33m📝 Cambios detectados. Creando commit automático...[0m
[main 2a50a31] Auto-commit: Actualización automática del portfolio
 Committer: Ana Manzanares <anamanzanares@MacBook-Pro-de-Ana.local>
Your name and email address were configured automatically based
on your username and hostname. Please check that they are accurate.
You can suppress this message by setting them explicitly:

    git config --global user.name "Your Name"
    git config --global user.email you@example.com

After doing this, you may fix the identity used for this commit with:

    git commit --amend --reset-author

 1 file changed, 17 insertions(+)
[0;32m✅ Commit automático creado exitosamente[0m
To https://github.com/anamanz7/anamanzanares.github.io.git
   3068c6c..b732dfe  main -> main
[2026-03-13 23:22:19] ✅ Push realizado exitosamente a GitHub
[2026-03-13 23:22:19] === Verificación completada ===
[2026-03-13 23:32:19] === Iniciando verificación automática ===
[2026-03-13 23:32:19] Cambios detectados, creando commit...
[main de81704] Auto-commit: 1 modificado(s)
 Committer: Ana Manzanares <anamanzanares@MacBook-Pro-de-Ana.local>
Your name and email address were configured automatically based
on your username and hostname. Please check that they are accurate.
You can suppress this message by setting them explicitly:

    git config --global user.name "Your Name"
    git config --global user.email you@example.com

After doing this, you may fix the identity used for this commit with:

    git commit --amend --reset-author

 2 files changed, 25 insertions(+)
[2026-03-13 23:32:19] ✅ Commit creado exitosamente
[1;33m🔍 Verificando cambios pendientes...[0m
[1;33m📝 Cambios detectados. Creando commit automático...[0m
[main 215e9cc] Auto-commit: Actualización automática del portfolio
 Committer: Ana Manzanares <anamanzanares@MacBook-Pro-de-Ana.local>
Your name and email address were configured automatically based
on your username and hostname. Please check that they are accurate.
You can suppress this message by setting them explicitly:

    git config --global user.name "Your Name"
    git config --global user.email you@example.com

After doing this, you may fix the identity used for this commit with:

    git commit --amend --reset-author

 1 file changed, 17 insertions(+)
[0;32m✅ Commit automático creado exitosamente[0m
To https://github.com/anamanz7/anamanzanares.github.io.git
   2a50a31..de81704  main -> main
[2026-03-13 23:32:21] ✅ Push realizado exitosamente a GitHub
[2026-03-13 23:32:21] === Verificación completada ===
[2026-03-13 23:42:21] === Iniciando verificación automática ===
[2026-03-13 23:42:21] Cambios detectados, creando commit...
[main b8ae81f] Auto-commit: 1 modificado(s)
 Committer: Ana Manzanares <anamanzanares@MacBook-Pro-de-Ana.local>
Your name and email address were configured automatically based
on your username and hostname. Please check that they are accurate.
You can suppress this message by setting them explicitly:

    git config --global user.name "Your Name"
    git config --global user.email you@example.com

After doing this, you may fix the identity used for this commit with:

    git commit --amend --reset-author

 2 files changed, 25 insertions(+)
[2026-03-13 23:42:21] ✅ Commit creado exitosamente
[1;33m🔍 Verificando cambios pendientes...[0m
[1;33m📝 Cambios detectados. Creando commit automático...[0m
[main 7df7c46] Auto-commit: Actualización automática del portfolio
 Committer: Ana Manzanares <anamanzanares@MacBook-Pro-de-Ana.local>
Your name and email address were configured automatically based
on your username and hostname. Please check that they are accurate.
You can suppress this message by setting them explicitly:

    git config --global user.name "Your Name"
    git config --global user.email you@example.com

After doing this, you may fix the identity used for this commit with:

    git commit --amend --reset-author

 1 file changed, 17 insertions(+)
[0;32m✅ Commit automático creado exitosamente[0m
To https://github.com/anamanz7/anamanzanares.github.io.git
   215e9cc..b8ae81f  main -> main
[2026-03-13 23:42:23] ✅ Push realizado exitosamente a GitHub
[2026-03-13 23:42:23] === Verificación completada ===
[2026-03-13 23:52:23] === Iniciando verificación automática ===
[2026-03-13 23:52:23] Cambios detectados, creando commit...
[main 1552f73] Auto-commit: 1 modificado(s)
 Committer: Ana Manzanares <anamanzanares@MacBook-Pro-de-Ana.local>
Your name and email address were configured automatically based
on your username and hostname. Please check that they are accurate.
You can suppress this message by setting them explicitly:

    git config --global user.name "Your Name"
    git config --global user.email you@example.com

After doing this, you may fix the identity used for this commit with:

    git commit --amend --reset-author

 2 files changed, 25 insertions(+)
[2026-03-13 23:52:24] ✅ Commit creado exitosamente
[1;33m🔍 Verificando cambios pendientes...[0m
[1;33m📝 Cambios detectados. Creando commit automático...[0m
[main 905c1ad] Auto-commit: Actualización automática del portfolio
 Committer: Ana Manzanares <anamanzanares@MacBook-Pro-de-Ana.local>
Your name and email address were configured automatically based
on your username and hostname. Please check that they are accurate.
You can suppress this message by setting them explicitly:

    git config --global user.name "Your Name"
    git config --global user.email you@example.com

After doing this, you may fix the identity used for this commit with:

    git commit --amend --reset-author

 1 file changed, 17 insertions(+)
[0;32m✅ Commit automático creado exitosamente[0m
To https://github.com/anamanz7/anamanzanares.github.io.git
   7df7c46..1552f73  main -> main
[2026-03-13 23:52:32] ✅ Push realizado exitosamente a GitHub
[2026-03-13 23:52:32] === Verificación completada ===
[2026-03-14 00:02:32] === Iniciando verificación automática ===
[2026-03-14 00:02:32] Cambios detectados, creando commit...
[main 117772f] Auto-commit: 1 modificado(s)
 Committer: Ana Manzanares <anamanzanares@MacBook-Pro-de-Ana.local>
Your name and email address were configured automatically based
on your username and hostname. Please check that they are accurate.
You can suppress this message by setting them explicitly:

    git config --global user.name "Your Name"
    git config --global user.email you@example.com

After doing this, you may fix the identity used for this commit with:

    git commit --amend --reset-author

 2 files changed, 25 insertions(+)
[2026-03-14 00:02:33] ✅ Commit creado exitosamente
[1;33m🔍 Verificando cambios pendientes...[0m
[1;33m📝 Cambios detectados. Creando commit automático...[0m
[main e1c812c] Auto-commit: Actualización automática del portfolio
 Committer: Ana Manzanares <anamanzanares@MacBook-Pro-de-Ana.local>
Your name and email address were configured automatically based
on your username and hostname. Please check that they are accurate.
You can suppress this message by setting them explicitly:

    git config --global user.name "Your Name"
    git config --global user.email you@example.com

After doing this, you may fix the identity used for this commit with:

    git commit --amend --reset-author

 1 file changed, 17 insertions(+)
[0;32m✅ Commit automático creado exitosamente[0m
To https://github.com/anamanz7/anamanzanares.github.io.git
   905c1ad..117772f  main -> main
[2026-03-14 00:02:35] ✅ Push realizado exitosamente a GitHub
[2026-03-14 00:02:35] === Verificación completada ===
[2026-03-14 00:12:35] === Iniciando verificación automática ===
[2026-03-14 00:12:35] Cambios detectados, creando commit...
[main 898be8d] Auto-commit: 1 modificado(s)
 Committer: Ana Manzanares <anamanzanares@MacBook-Pro-de-Ana.local>
Your name and email address were configured automatically based
on your username and hostname. Please check that they are accurate.
You can suppress this message by setting them explicitly:

    git config --global user.name "Your Name"
    git config --global user.email you@example.com

After doing this, you may fix the identity used for this commit with:

    git commit --amend --reset-author

 2 files changed, 25 insertions(+)
[2026-03-14 00:12:36] ✅ Commit creado exitosamente
[1;33m🔍 Verificando cambios pendientes...[0m
[1;33m📝 Cambios detectados. Creando commit automático...[0m
[main 7606be5] Auto-commit: Actualización automática del portfolio
 Committer: Ana Manzanares <anamanzanares@MacBook-Pro-de-Ana.local>
Your name and email address were configured automatically based
on your username and hostname. Please check that they are accurate.
You can suppress this message by setting them explicitly:

    git config --global user.name "Your Name"
    git config --global user.email you@example.com

After doing this, you may fix the identity used for this commit with:

    git commit --amend --reset-author

 1 file changed, 17 insertions(+)
[0;32m✅ Commit automático creado exitosamente[0m
To https://github.com/anamanz7/anamanzanares.github.io.git
   e1c812c..898be8d  main -> main
[2026-03-14 00:12:38] ✅ Push realizado exitosamente a GitHub
[2026-03-14 00:12:38] === Verificación completada ===
[2026-03-14 00:22:38] === Iniciando verificación automática ===
[2026-03-14 00:22:38] Cambios detectados, creando commit...
[main 6dca88a] Auto-commit: 1 modificado(s)
 Committer: Ana Manzanares <anamanzanares@MacBook-Pro-de-Ana.local>
Your name and email address were configured automatically based
on your username and hostname. Please check that they are accurate.
You can suppress this message by setting them explicitly:

    git config --global user.name "Your Name"
    git config --global user.email you@example.com

After doing this, you may fix the identity used for this commit with:

    git commit --amend --reset-author

 2 files changed, 25 insertions(+)
[2026-03-14 00:22:38] ✅ Commit creado exitosamente
[1;33m🔍 Verificando cambios pendientes...[0m
[1;33m📝 Cambios detectados. Creando commit automático...[0m
[main 17c8476] Auto-commit: Actualización automática del portfolio
 Committer: Ana Manzanares <anamanzanares@MacBook-Pro-de-Ana.local>
Your name and email address were configured automatically based
on your username and hostname. Please check that they are accurate.
You can suppress this message by setting them explicitly:

    git config --global user.name "Your Name"
    git config --global user.email you@example.com

After doing this, you may fix the identity used for this commit with:

    git commit --amend --reset-author

 1 file changed, 17 insertions(+)
[0;32m✅ Commit automático creado exitosamente[0m
To https://github.com/anamanz7/anamanzanares.github.io.git
   7606be5..6dca88a  main -> main
[2026-03-14 00:22:40] ✅ Push realizado exitosamente a GitHub
[2026-03-14 00:22:40] === Verificación completada ===
[2026-03-14 00:32:40] === Iniciando verificación automática ===
[2026-03-14 00:32:40] Cambios detectados, creando commit...
[main 927ab76] Auto-commit: 1 modificado(s)
 Committer: Ana Manzanares <anamanzanares@MacBook-Pro-de-Ana.local>
Your name and email address were configured automatically based
on your username and hostname. Please check that they are accurate.
You can suppress this message by setting them explicitly:

    git config --global user.name "Your Name"
    git config --global user.email you@example.com

After doing this, you may fix the identity used for this commit with:

    git commit --amend --reset-author

 2 files changed, 25 insertions(+)
[2026-03-14 00:32:41] ✅ Commit creado exitosamente
[1;33m🔍 Verificando cambios pendientes...[0m
[1;33m📝 Cambios detectados. Creando commit automático...[0m
[main a30d2ac] Auto-commit: Actualización automática del portfolio
 Committer: Ana Manzanares <anamanzanares@MacBook-Pro-de-Ana.local>
Your name and email address were configured automatically based
on your username and hostname. Please check that they are accurate.
You can suppress this message by setting them explicitly:

    git config --global user.name "Your Name"
    git config --global user.email you@example.com

After doing this, you may fix the identity used for this commit with:

    git commit --amend --reset-author

 1 file changed, 17 insertions(+)
[0;32m✅ Commit automático creado exitosamente[0m
To https://github.com/anamanz7/anamanzanares.github.io.git
   17c8476..927ab76  main -> main
[2026-03-14 00:32:43] ✅ Push realizado exitosamente a GitHub
[2026-03-14 00:32:43] === Verificación completada ===
[2026-03-14 00:42:43] === Iniciando verificación automática ===
[2026-03-14 00:42:43] Cambios detectados, creando commit...
[main ab028fb] Auto-commit: 1 modificado(s)
 Committer: Ana Manzanares <anamanzanares@MacBook-Pro-de-Ana.local>
Your name and email address were configured automatically based
on your username and hostname. Please check that they are accurate.
You can suppress this message by setting them explicitly:

    git config --global user.name "Your Name"
    git config --global user.email you@example.com

After doing this, you may fix the identity used for this commit with:

    git commit --amend --reset-author

 2 files changed, 25 insertions(+)
[2026-03-14 00:42:44] ✅ Commit creado exitosamente
[1;33m🔍 Verificando cambios pendientes...[0m
[1;33m📝 Cambios detectados. Creando commit automático...[0m
[main 3ebe8ef] Auto-commit: Actualización automática del portfolio
 Committer: Ana Manzanares <anamanzanares@MacBook-Pro-de-Ana.local>
Your name and email address were configured automatically based
on your username and hostname. Please check that they are accurate.
You can suppress this message by setting them explicitly:

    git config --global user.name "Your Name"
    git config --global user.email you@example.com

After doing this, you may fix the identity used for this commit with:

    git commit --amend --reset-author

 1 file changed, 17 insertions(+)
[0;32m✅ Commit automático creado exitosamente[0m
To https://github.com/anamanz7/anamanzanares.github.io.git
   a30d2ac..ab028fb  main -> main
[2026-03-14 00:42:46] ✅ Push realizado exitosamente a GitHub
[2026-03-14 00:42:46] === Verificación completada ===
[2026-03-14 00:52:47] === Iniciando verificación automática ===
[2026-03-14 00:52:47] Cambios detectados, creando commit...
[main b0b91cb] Auto-commit: 1 modificado(s)
 Committer: Ana Manzanares <anamanzanares@MacBook-Pro-de-Ana.local>
Your name and email address were configured automatically based
on your username and hostname. Please check that they are accurate.
You can suppress this message by setting them explicitly:

    git config --global user.name "Your Name"
    git config --global user.email you@example.com

After doing this, you may fix the identity used for this commit with:

    git commit --amend --reset-author

 2 files changed, 25 insertions(+)
[2026-03-14 00:52:47] ✅ Commit creado exitosamente
[1;33m🔍 Verificando cambios pendientes...[0m
[1;33m📝 Cambios detectados. Creando commit automático...[0m
[main c697657] Auto-commit: Actualización automática del portfolio
 Committer: Ana Manzanares <anamanzanares@MacBook-Pro-de-Ana.local>
Your name and email address were configured automatically based
on your username and hostname. Please check that they are accurate.
You can suppress this message by setting them explicitly:

    git config --global user.name "Your Name"
    git config --global user.email you@example.com

After doing this, you may fix the identity used for this commit with:

    git commit --amend --reset-author

 1 file changed, 17 insertions(+)
[0;32m✅ Commit automático creado exitosamente[0m
To https://github.com/anamanz7/anamanzanares.github.io.git
   3ebe8ef..b0b91cb  main -> main
[2026-03-14 00:52:49] ✅ Push realizado exitosamente a GitHub
[2026-03-14 00:52:49] === Verificación completada ===
[2026-03-14 01:02:50] === Iniciando verificación automática ===
[2026-03-14 01:02:50] Cambios detectados, creando commit...
[main 658f89f] Auto-commit: 1 modificado(s)
 Committer: Ana Manzanares <anamanzanares@MacBook-Pro-de-Ana.local>
Your name and email address were configured automatically based
on your username and hostname. Please check that they are accurate.
You can suppress this message by setting them explicitly:

    git config --global user.name "Your Name"
    git config --global user.email you@example.com

After doing this, you may fix the identity used for this commit with:

    git commit --amend --reset-author

 2 files changed, 25 insertions(+)
[2026-03-14 01:02:50] ✅ Commit creado exitosamente
[1;33m🔍 Verificando cambios pendientes...[0m
[1;33m📝 Cambios detectados. Creando commit automático...[0m
[main 632aaf6] Auto-commit: Actualización automática del portfolio
 Committer: Ana Manzanares <anamanzanares@MacBook-Pro-de-Ana.local>
Your name and email address were configured automatically based
on your username and hostname. Please check that they are accurate.
You can suppress this message by setting them explicitly:

    git config --global user.name "Your Name"
    git config --global user.email you@example.com

After doing this, you may fix the identity used for this commit with:

    git commit --amend --reset-author

 1 file changed, 17 insertions(+)
[0;32m✅ Commit automático creado exitosamente[0m
To https://github.com/anamanz7/anamanzanares.github.io.git
   c697657..658f89f  main -> main
[2026-03-14 01:02:53] ✅ Push realizado exitosamente a GitHub
[2026-03-14 01:02:53] === Verificación completada ===
[2026-03-14 01:12:53] === Iniciando verificación automática ===
[2026-03-14 01:12:53] Cambios detectados, creando commit...
[main c3a1b71] Auto-commit: 1 modificado(s)
 Committer: Ana Manzanares <anamanzanares@MacBook-Pro-de-Ana.local>
Your name and email address were configured automatically based
on your username and hostname. Please check that they are accurate.
You can suppress this message by setting them explicitly:

    git config --global user.name "Your Name"
    git config --global user.email you@example.com

After doing this, you may fix the identity used for this commit with:

    git commit --amend --reset-author

 2 files changed, 25 insertions(+)
[2026-03-14 01:12:53] ✅ Commit creado exitosamente
[1;33m🔍 Verificando cambios pendientes...[0m
[1;33m📝 Cambios detectados. Creando commit automático...[0m
[main 58ff02c] Auto-commit: Actualización automática del portfolio
 Committer: Ana Manzanares <anamanzanares@MacBook-Pro-de-Ana.local>
Your name and email address were configured automatically based
on your username and hostname. Please check that they are accurate.
You can suppress this message by setting them explicitly:

    git config --global user.name "Your Name"
    git config --global user.email you@example.com

After doing this, you may fix the identity used for this commit with:

    git commit --amend --reset-author

 1 file changed, 17 insertions(+)
[0;32m✅ Commit automático creado exitosamente[0m
To https://github.com/anamanz7/anamanzanares.github.io.git
   632aaf6..c3a1b71  main -> main
[2026-03-14 01:12:55] ✅ Push realizado exitosamente a GitHub
[2026-03-14 01:12:55] === Verificación completada ===
[2026-03-14 10:50:51] === Iniciando verificación automática ===
[2026-03-14 10:50:52] Cambios detectados, creando commit...
[main b4a4aef] Auto-commit: 1 modificado(s)
 Committer: Ana Manzanares <anamanzanares@MacBook-Pro-de-Ana.local>
Your name and email address were configured automatically based
on your username and hostname. Please check that they are accurate.
You can suppress this message by setting them explicitly:

    git config --global user.name "Your Name"
    git config --global user.email you@example.com

After doing this, you may fix the identity used for this commit with:

    git commit --amend --reset-author

 2 files changed, 25 insertions(+)
[2026-03-14 10:50:53] ✅ Commit creado exitosamente
fatal: unable to access 'https://github.com/anamanz7/anamanzanares.github.io.git/': Could not resolve host: github.com
[2026-03-14 10:50:53] ❌ Error al hacer push
[2026-03-14 11:00:53] === Iniciando verificación automática ===
[2026-03-14 11:00:53] Cambios detectados, creando commit...
[main 50508d5] Auto-commit: 1 modificado(s)
 Committer: Ana Manzanares <anamanzanares@MacBook-Pro-de-Ana.local>
Your name and email address were configured automatically based
on your username and hostname. Please check that they are accurate.
You can suppress this message by setting them explicitly:

    git config --global user.name "Your Name"
    git config --global user.email you@example.com

After doing this, you may fix the identity used for this commit with:

    git commit --amend --reset-author

 2 files changed, 23 insertions(+)
[2026-03-14 11:00:53] ✅ Commit creado exitosamente
[1;33m🔍 Verificando cambios pendientes...[0m
[1;33m📝 Cambios detectados. Creando commit automático...[0m
[main 114477f] Auto-commit: Actualización automática del portfolio
 Committer: Ana Manzanares <anamanzanares@MacBook-Pro-de-Ana.local>
Your name and email address were configured automatically based
on your username and hostname. Please check that they are accurate.
You can suppress this message by setting them explicitly:

    git config --global user.name "Your Name"
    git config --global user.email you@example.com

After doing this, you may fix the identity used for this commit with:

    git commit --amend --reset-author

 1 file changed, 17 insertions(+)
[0;32m✅ Commit automático creado exitosamente[0m
To https://github.com/anamanz7/anamanzanares.github.io.git
   58ff02c..50508d5  main -> main
[2026-03-14 11:00:56] ✅ Push realizado exitosamente a GitHub
[2026-03-14 11:00:56] === Verificación completada ===
[2026-03-14 11:10:56] === Iniciando verificación automática ===
[2026-03-14 11:10:57] Cambios detectados, creando commit...
[main d1f06bc] Auto-commit: 1 modificado(s)
 Committer: Ana Manzanares <anamanzanares@MacBook-Pro-de-Ana.local>
Your name and email address were configured automatically based
on your username and hostname. Please check that they are accurate.
You can suppress this message by setting them explicitly:

    git config --global user.name "Your Name"
    git config --global user.email you@example.com

After doing this, you may fix the identity used for this commit with:

    git commit --amend --reset-author

 2 files changed, 25 insertions(+)
[2026-03-14 11:10:57] ✅ Commit creado exitosamente
[1;33m🔍 Verificando cambios pendientes...[0m
[1;33m📝 Cambios detectados. Creando commit automático...[0m
[main 1d987ac] Auto-commit: Actualización automática del portfolio
 Committer: Ana Manzanares <anamanzanares@MacBook-Pro-de-Ana.local>
Your name and email address were configured automatically based
on your username and hostname. Please check that they are accurate.
You can suppress this message by setting them explicitly:

    git config --global user.name "Your Name"
    git config --global user.email you@example.com

After doing this, you may fix the identity used for this commit with:

    git commit --amend --reset-author

 1 file changed, 17 insertions(+)
[0;32m✅ Commit automático creado exitosamente[0m
To https://github.com/anamanz7/anamanzanares.github.io.git
   114477f..d1f06bc  main -> main
[2026-03-14 11:10:58] ✅ Push realizado exitosamente a GitHub
[2026-03-14 11:10:58] === Verificación completada ===
[2026-03-14 11:20:58] === Iniciando verificación automática ===
[2026-03-14 11:20:58] Cambios detectados, creando commit...
[main 58104b8] Auto-commit: 1 modificado(s)
 Committer: Ana Manzanares <anamanzanares@MacBook-Pro-de-Ana.local>
Your name and email address were configured automatically based
on your username and hostname. Please check that they are accurate.
You can suppress this message by setting them explicitly:

    git config --global user.name "Your Name"
    git config --global user.email you@example.com

After doing this, you may fix the identity used for this commit with:

    git commit --amend --reset-author

 2 files changed, 25 insertions(+)
[2026-03-14 11:20:59] ✅ Commit creado exitosamente
[1;33m🔍 Verificando cambios pendientes...[0m
[1;33m📝 Cambios detectados. Creando commit automático...[0m
[main fd907ea] Auto-commit: Actualización automática del portfolio
 Committer: Ana Manzanares <anamanzanares@MacBook-Pro-de-Ana.local>
Your name and email address were configured automatically based
on your username and hostname. Please check that they are accurate.
You can suppress this message by setting them explicitly:

    git config --global user.name "Your Name"
    git config --global user.email you@example.com

After doing this, you may fix the identity used for this commit with:

    git commit --amend --reset-author

 1 file changed, 17 insertions(+)
[0;32m✅ Commit automático creado exitosamente[0m
To https://github.com/anamanz7/anamanzanares.github.io.git
   1d987ac..58104b8  main -> main
[2026-03-14 11:21:00] ✅ Push realizado exitosamente a GitHub
[2026-03-14 11:21:00] === Verificación completada ===
[2026-03-14 15:22:41] === Iniciando verificación automática ===
[2026-03-14 15:22:41] Cambios detectados, creando commit...
[main b4f375e] Auto-commit: 1 modificado(s)
 Committer: Ana Manzanares <anamanzanares@MacBook-Pro-de-Ana.local>
Your name and email address were configured automatically based
on your username and hostname. Please check that they are accurate.
You can suppress this message by setting them explicitly:

    git config --global user.name "Your Name"
    git config --global user.email you@example.com

After doing this, you may fix the identity used for this commit with:

    git commit --amend --reset-author

 2 files changed, 25 insertions(+)
[2026-03-14 15:22:42] ✅ Commit creado exitosamente
[1;33m🔍 Verificando cambios pendientes...[0m
[1;33m📝 Cambios detectados. Creando commit automático...[0m
[main 6d6db32] Auto-commit: Actualización automática del portfolio
 Committer: Ana Manzanares <anamanzanares@MacBook-Pro-de-Ana.local>
Your name and email address were configured automatically based
on your username and hostname. Please check that they are accurate.
You can suppress this message by setting them explicitly:

    git config --global user.name "Your Name"
    git config --global user.email you@example.com

After doing this, you may fix the identity used for this commit with:

    git commit --amend --reset-author

 1 file changed, 17 insertions(+)
[0;32m✅ Commit automático creado exitosamente[0m
To https://github.com/anamanz7/anamanzanares.github.io.git
   fd907ea..b4f375e  main -> main
[2026-03-14 15:22:43] ✅ Push realizado exitosamente a GitHub
[2026-03-14 15:22:43] === Verificación completada ===
[2026-03-14 17:57:48] === Iniciando verificación automática ===
[2026-03-14 17:57:48] Cambios detectados, creando commit...
[main b3b4679] Auto-commit: 1 modificado(s)
 Committer: Ana Manzanares <anamanzanares@MacBook-Pro-de-Ana.local>
Your name and email address were configured automatically based
on your username and hostname. Please check that they are accurate.
You can suppress this message by setting them explicitly:

    git config --global user.name "Your Name"
    git config --global user.email you@example.com

After doing this, you may fix the identity used for this commit with:

    git commit --amend --reset-author

 2 files changed, 25 insertions(+)
[2026-03-14 17:57:48] ✅ Commit creado exitosamente
[1;33m🔍 Verificando cambios pendientes...[0m
[1;33m📝 Cambios detectados. Creando commit automático...[0m
[main 25ef46e] Auto-commit: Actualización automática del portfolio
 Committer: Ana Manzanares <anamanzanares@MacBook-Pro-de-Ana.local>
Your name and email address were configured automatically based
on your username and hostname. Please check that they are accurate.
You can suppress this message by setting them explicitly:

    git config --global user.name "Your Name"
    git config --global user.email you@example.com

After doing this, you may fix the identity used for this commit with:

    git commit --amend --reset-author

 1 file changed, 17 insertions(+)
[0;32m✅ Commit automático creado exitosamente[0m
To https://github.com/anamanz7/anamanzanares.github.io.git
   6d6db32..b3b4679  main -> main
[2026-03-14 17:57:50] ✅ Push realizado exitosamente a GitHub
[2026-03-14 17:57:50] === Verificación completada ===
[2026-03-14 18:07:50] === Iniciando verificación automática ===
[2026-03-14 18:07:50] Cambios detectados, creando commit...
[main d7c0186] Auto-commit: 1 modificado(s)
 Committer: Ana Manzanares <anamanzanares@MacBook-Pro-de-Ana.local>
Your name and email address were configured automatically based
on your username and hostname. Please check that they are accurate.
You can suppress this message by setting them explicitly:

    git config --global user.name "Your Name"
    git config --global user.email you@example.com

After doing this, you may fix the identity used for this commit with:

    git commit --amend --reset-author

 2 files changed, 25 insertions(+)
[2026-03-14 18:07:50] ✅ Commit creado exitosamente
[1;33m🔍 Verificando cambios pendientes...[0m
[1;33m📝 Cambios detectados. Creando commit automático...[0m
[main 18c9cc4] Auto-commit: Actualización automática del portfolio
 Committer: Ana Manzanares <anamanzanares@MacBook-Pro-de-Ana.local>
Your name and email address were configured automatically based
on your username and hostname. Please check that they are accurate.
You can suppress this message by setting them explicitly:

    git config --global user.name "Your Name"
    git config --global user.email you@example.com

After doing this, you may fix the identity used for this commit with:

    git commit --amend --reset-author

 1 file changed, 17 insertions(+)
[0;32m✅ Commit automático creado exitosamente[0m
To https://github.com/anamanz7/anamanzanares.github.io.git
   25ef46e..d7c0186  main -> main
[2026-03-14 18:07:52] ✅ Push realizado exitosamente a GitHub
[2026-03-14 18:07:52] === Verificación completada ===
[2026-03-14 18:17:52] === Iniciando verificación automática ===
[2026-03-14 18:17:52] Cambios detectados, creando commit...
[main ae0a78f] Auto-commit: 1 modificado(s)
 Committer: Ana Manzanares <anamanzanares@MacBook-Pro-de-Ana.local>
Your name and email address were configured automatically based
on your username and hostname. Please check that they are accurate.
You can suppress this message by setting them explicitly:

    git config --global user.name "Your Name"
    git config --global user.email you@example.com

After doing this, you may fix the identity used for this commit with:

    git commit --amend --reset-author

 2 files changed, 25 insertions(+)
[2026-03-14 18:17:52] ✅ Commit creado exitosamente
[1;33m🔍 Verificando cambios pendientes...[0m
[1;33m📝 Cambios detectados. Creando commit automático...[0m
[main bce1fad] Auto-commit: Actualización automática del portfolio
 Committer: Ana Manzanares <anamanzanares@MacBook-Pro-de-Ana.local>
Your name and email address were configured automatically based
on your username and hostname. Please check that they are accurate.
You can suppress this message by setting them explicitly:

    git config --global user.name "Your Name"
    git config --global user.email you@example.com

After doing this, you may fix the identity used for this commit with:

    git commit --amend --reset-author

 1 file changed, 17 insertions(+)
[0;32m✅ Commit automático creado exitosamente[0m
To https://github.com/anamanz7/anamanzanares.github.io.git
   18c9cc4..ae0a78f  main -> main
[2026-03-14 18:17:53] ✅ Push realizado exitosamente a GitHub
[2026-03-14 18:17:53] === Verificación completada ===
[2026-03-14 18:27:53] === Iniciando verificación automática ===
[2026-03-14 18:27:54] Cambios detectados, creando commit...
[main 9813b6d] Auto-commit: 1 modificado(s)
 Committer: Ana Manzanares <anamanzanares@MacBook-Pro-de-Ana.local>
Your name and email address were configured automatically based
on your username and hostname. Please check that they are accurate.
You can suppress this message by setting them explicitly:

    git config --global user.name "Your Name"
    git config --global user.email you@example.com

After doing this, you may fix the identity used for this commit with:

    git commit --amend --reset-author

 2 files changed, 25 insertions(+)
[2026-03-14 18:27:54] ✅ Commit creado exitosamente
[1;33m🔍 Verificando cambios pendientes...[0m
[1;33m📝 Cambios detectados. Creando commit automático...[0m
[main 23a2e32] Auto-commit: Actualización automática del portfolio
 Committer: Ana Manzanares <anamanzanares@MacBook-Pro-de-Ana.local>
Your name and email address were configured automatically based
on your username and hostname. Please check that they are accurate.
You can suppress this message by setting them explicitly:

    git config --global user.name "Your Name"
    git config --global user.email you@example.com

After doing this, you may fix the identity used for this commit with:

    git commit --amend --reset-author

 1 file changed, 17 insertions(+)
[0;32m✅ Commit automático creado exitosamente[0m
To https://github.com/anamanz7/anamanzanares.github.io.git
   bce1fad..9813b6d  main -> main
[2026-03-14 18:27:55] ✅ Push realizado exitosamente a GitHub
[2026-03-14 18:27:55] === Verificación completada ===
[2026-03-14 18:37:55] === Iniciando verificación automática ===
[2026-03-14 18:37:55] Cambios detectados, creando commit...
[main 19929a2] Auto-commit: 1 modificado(s)
 Committer: Ana Manzanares <anamanzanares@MacBook-Pro-de-Ana.local>
Your name and email address were configured automatically based
on your username and hostname. Please check that they are accurate.
You can suppress this message by setting them explicitly:

    git config --global user.name "Your Name"
    git config --global user.email you@example.com

After doing this, you may fix the identity used for this commit with:

    git commit --amend --reset-author

 2 files changed, 25 insertions(+)
[2026-03-14 18:37:55] ✅ Commit creado exitosamente
[1;33m🔍 Verificando cambios pendientes...[0m
[1;33m📝 Cambios detectados. Creando commit automático...[0m
[main 52db238] Auto-commit: Actualización automática del portfolio
 Committer: Ana Manzanares <anamanzanares@MacBook-Pro-de-Ana.local>
Your name and email address were configured automatically based
on your username and hostname. Please check that they are accurate.
You can suppress this message by setting them explicitly:

    git config --global user.name "Your Name"
    git config --global user.email you@example.com

After doing this, you may fix the identity used for this commit with:

    git commit --amend --reset-author

 1 file changed, 17 insertions(+)
[0;32m✅ Commit automático creado exitosamente[0m
To https://github.com/anamanz7/anamanzanares.github.io.git
   23a2e32..19929a2  main -> main
[2026-03-14 18:37:57] ✅ Push realizado exitosamente a GitHub
[2026-03-14 18:37:57] === Verificación completada ===
[2026-03-14 18:47:57] === Iniciando verificación automática ===
[2026-03-14 18:47:57] Cambios detectados, creando commit...
[main f864631] Auto-commit: 1 modificado(s)
 Committer: Ana Manzanares <anamanzanares@MacBook-Pro-de-Ana.local>
Your name and email address were configured automatically based
on your username and hostname. Please check that they are accurate.
You can suppress this message by setting them explicitly:

    git config --global user.name "Your Name"
    git config --global user.email you@example.com

After doing this, you may fix the identity used for this commit with:

    git commit --amend --reset-author

 2 files changed, 25 insertions(+)
[2026-03-14 18:47:57] ✅ Commit creado exitosamente
[1;33m🔍 Verificando cambios pendientes...[0m
[1;33m📝 Cambios detectados. Creando commit automático...[0m
[main 524d0ff] Auto-commit: Actualización automática del portfolio
 Committer: Ana Manzanares <anamanzanares@MacBook-Pro-de-Ana.local>
Your name and email address were configured automatically based
on your username and hostname. Please check that they are accurate.
You can suppress this message by setting them explicitly:

    git config --global user.name "Your Name"
    git config --global user.email you@example.com

After doing this, you may fix the identity used for this commit with:

    git commit --amend --reset-author

 1 file changed, 17 insertions(+)
[0;32m✅ Commit automático creado exitosamente[0m
To https://github.com/anamanz7/anamanzanares.github.io.git
   52db238..f864631  main -> main
[2026-03-14 18:47:59] ✅ Push realizado exitosamente a GitHub
[2026-03-14 18:47:59] === Verificación completada ===
[2026-03-14 18:57:59] === Iniciando verificación automática ===
[2026-03-14 18:57:59] Cambios detectados, creando commit...
[main f7f0462] Auto-commit: 1 modificado(s)
 Committer: Ana Manzanares <anamanzanares@MacBook-Pro-de-Ana.local>
Your name and email address were configured automatically based
on your username and hostname. Please check that they are accurate.
You can suppress this message by setting them explicitly:

    git config --global user.name "Your Name"
    git config --global user.email you@example.com

After doing this, you may fix the identity used for this commit with:

    git commit --amend --reset-author

 2 files changed, 25 insertions(+)
[2026-03-14 18:57:59] ✅ Commit creado exitosamente
[1;33m🔍 Verificando cambios pendientes...[0m
[1;33m📝 Cambios detectados. Creando commit automático...[0m
[main 2b6da43] Auto-commit: Actualización automática del portfolio
 Committer: Ana Manzanares <anamanzanares@MacBook-Pro-de-Ana.local>
Your name and email address were configured automatically based
on your username and hostname. Please check that they are accurate.
You can suppress this message by setting them explicitly:

    git config --global user.name "Your Name"
    git config --global user.email you@example.com

After doing this, you may fix the identity used for this commit with:

    git commit --amend --reset-author

 1 file changed, 17 insertions(+)
[0;32m✅ Commit automático creado exitosamente[0m
To https://github.com/anamanz7/anamanzanares.github.io.git
   524d0ff..f7f0462  main -> main
[2026-03-14 18:58:01] ✅ Push realizado exitosamente a GitHub
[2026-03-14 18:58:01] === Verificación completada ===
[2026-03-14 19:08:01] === Iniciando verificación automática ===
[2026-03-14 19:08:01] Cambios detectados, creando commit...
[main 06262a1] Auto-commit: 1 modificado(s)
 Committer: Ana Manzanares <anamanzanares@MacBook-Pro-de-Ana.local>
Your name and email address were configured automatically based
on your username and hostname. Please check that they are accurate.
You can suppress this message by setting them explicitly:

    git config --global user.name "Your Name"
    git config --global user.email you@example.com

After doing this, you may fix the identity used for this commit with:

    git commit --amend --reset-author

 2 files changed, 25 insertions(+)
[2026-03-14 19:08:01] ✅ Commit creado exitosamente
[1;33m🔍 Verificando cambios pendientes...[0m
[1;33m📝 Cambios detectados. Creando commit automático...[0m
[main 2ba1fc9] Auto-commit: Actualización automática del portfolio
 Committer: Ana Manzanares <anamanzanares@MacBook-Pro-de-Ana.local>
Your name and email address were configured automatically based
on your username and hostname. Please check that they are accurate.
You can suppress this message by setting them explicitly:

    git config --global user.name "Your Name"
    git config --global user.email you@example.com

After doing this, you may fix the identity used for this commit with:

    git commit --amend --reset-author

 1 file changed, 17 insertions(+)
[0;32m✅ Commit automático creado exitosamente[0m
To https://github.com/anamanz7/anamanzanares.github.io.git
   2b6da43..06262a1  main -> main
[2026-03-14 19:08:02] ✅ Push realizado exitosamente a GitHub
[2026-03-14 19:08:02] === Verificación completada ===
[2026-03-14 19:18:02] === Iniciando verificación automática ===
[2026-03-14 19:18:02] Cambios detectados, creando commit...
[main 819a5b8] Auto-commit: 1 modificado(s)
 Committer: Ana Manzanares <anamanzanares@MacBook-Pro-de-Ana.local>
Your name and email address were configured automatically based
on your username and hostname. Please check that they are accurate.
You can suppress this message by setting them explicitly:

    git config --global user.name "Your Name"
    git config --global user.email you@example.com

After doing this, you may fix the identity used for this commit with:

    git commit --amend --reset-author

 2 files changed, 25 insertions(+)
[2026-03-14 19:18:03] ✅ Commit creado exitosamente
[1;33m🔍 Verificando cambios pendientes...[0m
[1;33m📝 Cambios detectados. Creando commit automático...[0m
[main f75bf60] Auto-commit: Actualización automática del portfolio
 Committer: Ana Manzanares <anamanzanares@MacBook-Pro-de-Ana.local>
Your name and email address were configured automatically based
on your username and hostname. Please check that they are accurate.
You can suppress this message by setting them explicitly:

    git config --global user.name "Your Name"
    git config --global user.email you@example.com

After doing this, you may fix the identity used for this commit with:

    git commit --amend --reset-author

 1 file changed, 17 insertions(+)
[0;32m✅ Commit automático creado exitosamente[0m
To https://github.com/anamanz7/anamanzanares.github.io.git
   2ba1fc9..819a5b8  main -> main
[2026-03-14 19:18:04] ✅ Push realizado exitosamente a GitHub
[2026-03-14 19:18:04] === Verificación completada ===
[2026-03-14 19:28:04] === Iniciando verificación automática ===
[2026-03-14 19:28:04] Cambios detectados, creando commit...
[main 8d4d6b3] Auto-commit: 1 modificado(s)
 Committer: Ana Manzanares <anamanzanares@MacBook-Pro-de-Ana.local>
Your name and email address were configured automatically based
on your username and hostname. Please check that they are accurate.
You can suppress this message by setting them explicitly:

    git config --global user.name "Your Name"
    git config --global user.email you@example.com

After doing this, you may fix the identity used for this commit with:

    git commit --amend --reset-author

 2 files changed, 25 insertions(+)
[2026-03-14 19:28:04] ✅ Commit creado exitosamente
[1;33m🔍 Verificando cambios pendientes...[0m
[1;33m📝 Cambios detectados. Creando commit automático...[0m
[main 55e6c06] Auto-commit: Actualización automática del portfolio
 Committer: Ana Manzanares <anamanzanares@MacBook-Pro-de-Ana.local>
Your name and email address were configured automatically based
on your username and hostname. Please check that they are accurate.
You can suppress this message by setting them explicitly:

    git config --global user.name "Your Name"
    git config --global user.email you@example.com

After doing this, you may fix the identity used for this commit with:

    git commit --amend --reset-author

 1 file changed, 17 insertions(+)
[0;32m✅ Commit automático creado exitosamente[0m
To https://github.com/anamanz7/anamanzanares.github.io.git
   f75bf60..8d4d6b3  main -> main
[2026-03-14 19:28:06] ✅ Push realizado exitosamente a GitHub
[2026-03-14 19:28:06] === Verificación completada ===
[2026-03-14 19:38:06] === Iniciando verificación automática ===
[2026-03-14 19:38:06] Cambios detectados, creando commit...
[main 71d975f] Auto-commit: 1 modificado(s)
 Committer: Ana Manzanares <anamanzanares@MacBook-Pro-de-Ana.local>
Your name and email address were configured automatically based
on your username and hostname. Please check that they are accurate.
You can suppress this message by setting them explicitly:

    git config --global user.name "Your Name"
    git config --global user.email you@example.com

After doing this, you may fix the identity used for this commit with:

    git commit --amend --reset-author

 2 files changed, 25 insertions(+)
[2026-03-14 19:38:06] ✅ Commit creado exitosamente
[1;33m🔍 Verificando cambios pendientes...[0m
[1;33m📝 Cambios detectados. Creando commit automático...[0m
[main 735acdc] Auto-commit: Actualización automática del portfolio
 Committer: Ana Manzanares <anamanzanares@MacBook-Pro-de-Ana.local>
Your name and email address were configured automatically based
on your username and hostname. Please check that they are accurate.
You can suppress this message by setting them explicitly:

    git config --global user.name "Your Name"
    git config --global user.email you@example.com

After doing this, you may fix the identity used for this commit with:

    git commit --amend --reset-author

 1 file changed, 17 insertions(+)
[0;32m✅ Commit automático creado exitosamente[0m
To https://github.com/anamanz7/anamanzanares.github.io.git
   55e6c06..71d975f  main -> main
[2026-03-14 19:38:07] ✅ Push realizado exitosamente a GitHub
[2026-03-14 19:38:07] === Verificación completada ===
[2026-03-14 19:48:07] === Iniciando verificación automática ===
[2026-03-14 19:48:07] Cambios detectados, creando commit...
[main 36ed848] Auto-commit: 1 modificado(s)
 Committer: Ana Manzanares <anamanzanares@MacBook-Pro-de-Ana.local>
Your name and email address were configured automatically based
on your username and hostname. Please check that they are accurate.
You can suppress this message by setting them explicitly:

    git config --global user.name "Your Name"
    git config --global user.email you@example.com

After doing this, you may fix the identity used for this commit with:

    git commit --amend --reset-author

 2 files changed, 25 insertions(+)
[2026-03-14 19:48:08] ✅ Commit creado exitosamente
[1;33m🔍 Verificando cambios pendientes...[0m
[1;33m📝 Cambios detectados. Creando commit automático...[0m
[main ca9072b] Auto-commit: Actualización automática del portfolio
 Committer: Ana Manzanares <anamanzanares@MacBook-Pro-de-Ana.local>
Your name and email address were configured automatically based
on your username and hostname. Please check that they are accurate.
You can suppress this message by setting them explicitly:

    git config --global user.name "Your Name"
    git config --global user.email you@example.com

After doing this, you may fix the identity used for this commit with:

    git commit --amend --reset-author

 1 file changed, 17 insertions(+)
[0;32m✅ Commit automático creado exitosamente[0m
To https://github.com/anamanz7/anamanzanares.github.io.git
   735acdc..36ed848  main -> main
[2026-03-14 19:48:09] ✅ Push realizado exitosamente a GitHub
[2026-03-14 19:48:09] === Verificación completada ===
[2026-03-14 19:58:09] === Iniciando verificación automática ===
[2026-03-14 19:58:09] Cambios detectados, creando commit...
[main 8a9a35c] Auto-commit: 1 modificado(s)
 Committer: Ana Manzanares <anamanzanares@MacBook-Pro-de-Ana.local>
Your name and email address were configured automatically based
on your username and hostname. Please check that they are accurate.
You can suppress this message by setting them explicitly:

    git config --global user.name "Your Name"
    git config --global user.email you@example.com

After doing this, you may fix the identity used for this commit with:

    git commit --amend --reset-author

 2 files changed, 25 insertions(+)
[2026-03-14 19:58:09] ✅ Commit creado exitosamente
[1;33m🔍 Verificando cambios pendientes...[0m
[1;33m📝 Cambios detectados. Creando commit automático...[0m
[main f99bdb4] Auto-commit: Actualización automática del portfolio
 Committer: Ana Manzanares <anamanzanares@MacBook-Pro-de-Ana.local>
Your name and email address were configured automatically based
on your username and hostname. Please check that they are accurate.
You can suppress this message by setting them explicitly:

    git config --global user.name "Your Name"
    git config --global user.email you@example.com

After doing this, you may fix the identity used for this commit with:

    git commit --amend --reset-author

 1 file changed, 17 insertions(+)
[0;32m✅ Commit automático creado exitosamente[0m
To https://github.com/anamanz7/anamanzanares.github.io.git
   ca9072b..8a9a35c  main -> main
[2026-03-14 19:58:11] ✅ Push realizado exitosamente a GitHub
[2026-03-14 19:58:11] === Verificación completada ===
[2026-03-14 20:08:11] === Iniciando verificación automática ===
[2026-03-14 20:08:11] Cambios detectados, creando commit...
[main 29e23d4] Auto-commit: 1 modificado(s)
 Committer: Ana Manzanares <anamanzanares@MacBook-Pro-de-Ana.local>
Your name and email address were configured automatically based
on your username and hostname. Please check that they are accurate.
You can suppress this message by setting them explicitly:

    git config --global user.name "Your Name"
    git config --global user.email you@example.com

After doing this, you may fix the identity used for this commit with:

    git commit --amend --reset-author

 2 files changed, 25 insertions(+)
[2026-03-14 20:08:11] ✅ Commit creado exitosamente
[1;33m🔍 Verificando cambios pendientes...[0m
[1;33m📝 Cambios detectados. Creando commit automático...[0m
[main 216cef4] Auto-commit: Actualización automática del portfolio
 Committer: Ana Manzanares <anamanzanares@MacBook-Pro-de-Ana.local>
Your name and email address were configured automatically based
on your username and hostname. Please check that they are accurate.
You can suppress this message by setting them explicitly:

    git config --global user.name "Your Name"
    git config --global user.email you@example.com

After doing this, you may fix the identity used for this commit with:

    git commit --amend --reset-author

 1 file changed, 17 insertions(+)
[0;32m✅ Commit automático creado exitosamente[0m
To https://github.com/anamanz7/anamanzanares.github.io.git
   f99bdb4..29e23d4  main -> main
[2026-03-14 20:08:12] ✅ Push realizado exitosamente a GitHub
[2026-03-14 20:08:12] === Verificación completada ===
[2026-03-14 20:18:12] === Iniciando verificación automática ===
[2026-03-14 20:18:13] Cambios detectados, creando commit...
[main e8bb5a9] Auto-commit: 1 modificado(s)
 Committer: Ana Manzanares <anamanzanares@MacBook-Pro-de-Ana.local>
Your name and email address were configured automatically based
on your username and hostname. Please check that they are accurate.
You can suppress this message by setting them explicitly:

    git config --global user.name "Your Name"
    git config --global user.email you@example.com

After doing this, you may fix the identity used for this commit with:

    git commit --amend --reset-author

 2 files changed, 25 insertions(+)
[2026-03-14 20:18:13] ✅ Commit creado exitosamente
[1;33m🔍 Verificando cambios pendientes...[0m
[1;33m📝 Cambios detectados. Creando commit automático...[0m
[main be23945] Auto-commit: Actualización automática del portfolio
 Committer: Ana Manzanares <anamanzanares@MacBook-Pro-de-Ana.local>
Your name and email address were configured automatically based
on your username and hostname. Please check that they are accurate.
You can suppress this message by setting them explicitly:

    git config --global user.name "Your Name"
    git config --global user.email you@example.com

After doing this, you may fix the identity used for this commit with:

    git commit --amend --reset-author

 1 file changed, 17 insertions(+)
[0;32m✅ Commit automático creado exitosamente[0m
To https://github.com/anamanz7/anamanzanares.github.io.git
   216cef4..e8bb5a9  main -> main
[2026-03-14 20:18:14] ✅ Push realizado exitosamente a GitHub
[2026-03-14 20:18:14] === Verificación completada ===
[2026-03-14 20:28:14] === Iniciando verificación automática ===
[2026-03-14 20:28:14] Cambios detectados, creando commit...
[main f23b46e] Auto-commit: 1 modificado(s)
 Committer: Ana Manzanares <anamanzanares@MacBook-Pro-de-Ana.local>
Your name and email address were configured automatically based
on your username and hostname. Please check that they are accurate.
You can suppress this message by setting them explicitly:

    git config --global user.name "Your Name"
    git config --global user.email you@example.com

After doing this, you may fix the identity used for this commit with:

    git commit --amend --reset-author

 2 files changed, 25 insertions(+)
[2026-03-14 20:28:15] ✅ Commit creado exitosamente
[1;33m🔍 Verificando cambios pendientes...[0m
[1;33m📝 Cambios detectados. Creando commit automático...[0m
[main db4d9f7] Auto-commit: Actualización automática del portfolio
 Committer: Ana Manzanares <anamanzanares@MacBook-Pro-de-Ana.local>
Your name and email address were configured automatically based
on your username and hostname. Please check that they are accurate.
You can suppress this message by setting them explicitly:

    git config --global user.name "Your Name"
    git config --global user.email you@example.com

After doing this, you may fix the identity used for this commit with:

    git commit --amend --reset-author

 1 file changed, 17 insertions(+)
[0;32m✅ Commit automático creado exitosamente[0m
To https://github.com/anamanz7/anamanzanares.github.io.git
   be23945..f23b46e  main -> main
[2026-03-14 20:28:16] ✅ Push realizado exitosamente a GitHub
[2026-03-14 20:28:16] === Verificación completada ===
[2026-03-14 20:38:16] === Iniciando verificación automática ===
[2026-03-14 20:38:16] Cambios detectados, creando commit...
[main 5adad84] Auto-commit: 1 modificado(s)
 Committer: Ana Manzanares <anamanzanares@MacBook-Pro-de-Ana.local>
Your name and email address were configured automatically based
on your username and hostname. Please check that they are accurate.
You can suppress this message by setting them explicitly:

    git config --global user.name "Your Name"
    git config --global user.email you@example.com

After doing this, you may fix the identity used for this commit with:

    git commit --amend --reset-author

 2 files changed, 25 insertions(+)
[2026-03-14 20:38:16] ✅ Commit creado exitosamente
[1;33m🔍 Verificando cambios pendientes...[0m
[1;33m📝 Cambios detectados. Creando commit automático...[0m
[main 795fac0] Auto-commit: Actualización automática del portfolio
 Committer: Ana Manzanares <anamanzanares@MacBook-Pro-de-Ana.local>
Your name and email address were configured automatically based
on your username and hostname. Please check that they are accurate.
You can suppress this message by setting them explicitly:

    git config --global user.name "Your Name"
    git config --global user.email you@example.com

After doing this, you may fix the identity used for this commit with:

    git commit --amend --reset-author

 1 file changed, 17 insertions(+)
[0;32m✅ Commit automático creado exitosamente[0m
To https://github.com/anamanz7/anamanzanares.github.io.git
   db4d9f7..5adad84  main -> main
[2026-03-14 20:38:18] ✅ Push realizado exitosamente a GitHub
[2026-03-14 20:38:18] === Verificación completada ===
[2026-03-14 20:48:18] === Iniciando verificación automática ===
[2026-03-14 20:48:18] Cambios detectados, creando commit...
[main 1fc0736] Auto-commit: 1 modificado(s)
 Committer: Ana Manzanares <anamanzanares@MacBook-Pro-de-Ana.local>
Your name and email address were configured automatically based
on your username and hostname. Please check that they are accurate.
You can suppress this message by setting them explicitly:

    git config --global user.name "Your Name"
    git config --global user.email you@example.com

After doing this, you may fix the identity used for this commit with:

    git commit --amend --reset-author

 2 files changed, 25 insertions(+)
[2026-03-14 20:48:18] ✅ Commit creado exitosamente
[1;33m🔍 Verificando cambios pendientes...[0m
[1;33m📝 Cambios detectados. Creando commit automático...[0m
[main e79e6f5] Auto-commit: Actualización automática del portfolio
 Committer: Ana Manzanares <anamanzanares@MacBook-Pro-de-Ana.local>
Your name and email address were configured automatically based
on your username and hostname. Please check that they are accurate.
You can suppress this message by setting them explicitly:

    git config --global user.name "Your Name"
    git config --global user.email you@example.com

After doing this, you may fix the identity used for this commit with:

    git commit --amend --reset-author

 1 file changed, 17 insertions(+)
[0;32m✅ Commit automático creado exitosamente[0m
To https://github.com/anamanz7/anamanzanares.github.io.git
   795fac0..1fc0736  main -> main
[2026-03-14 20:48:21] ✅ Push realizado exitosamente a GitHub
[2026-03-14 20:48:21] === Verificación completada ===
[2026-03-14 20:58:21] === Iniciando verificación automática ===
[2026-03-14 20:58:21] Cambios detectados, creando commit...
[main cc7aba4] Auto-commit: 1 modificado(s)
 Committer: Ana Manzanares <anamanzanares@MacBook-Pro-de-Ana.local>
Your name and email address were configured automatically based
on your username and hostname. Please check that they are accurate.
You can suppress this message by setting them explicitly:

    git config --global user.name "Your Name"
    git config --global user.email you@example.com

After doing this, you may fix the identity used for this commit with:

    git commit --amend --reset-author

 2 files changed, 25 insertions(+)
[2026-03-14 20:58:21] ✅ Commit creado exitosamente
[1;33m🔍 Verificando cambios pendientes...[0m
[1;33m📝 Cambios detectados. Creando commit automático...[0m
[main 92d1ae1] Auto-commit: Actualización automática del portfolio
 Committer: Ana Manzanares <anamanzanares@MacBook-Pro-de-Ana.local>
Your name and email address were configured automatically based
on your username and hostname. Please check that they are accurate.
You can suppress this message by setting them explicitly:

    git config --global user.name "Your Name"
    git config --global user.email you@example.com

After doing this, you may fix the identity used for this commit with:

    git commit --amend --reset-author

 1 file changed, 17 insertions(+)
[0;32m✅ Commit automático creado exitosamente[0m
To https://github.com/anamanz7/anamanzanares.github.io.git
   e79e6f5..cc7aba4  main -> main
[2026-03-14 20:58:22] ✅ Push realizado exitosamente a GitHub
[2026-03-14 20:58:22] === Verificación completada ===
[2026-03-14 21:08:22] === Iniciando verificación automática ===
[2026-03-14 21:08:22] Cambios detectados, creando commit...
[main 90b3c49] Auto-commit: 1 modificado(s)
 Committer: Ana Manzanares <anamanzanares@MacBook-Pro-de-Ana.local>
Your name and email address were configured automatically based
on your username and hostname. Please check that they are accurate.
You can suppress this message by setting them explicitly:

    git config --global user.name "Your Name"
    git config --global user.email you@example.com

After doing this, you may fix the identity used for this commit with:

    git commit --amend --reset-author

 2 files changed, 25 insertions(+)
[2026-03-14 21:08:23] ✅ Commit creado exitosamente
[1;33m🔍 Verificando cambios pendientes...[0m
[1;33m📝 Cambios detectados. Creando commit automático...[0m
[main 12aebc4] Auto-commit: Actualización automática del portfolio
 Committer: Ana Manzanares <anamanzanares@MacBook-Pro-de-Ana.local>
Your name and email address were configured automatically based
on your username and hostname. Please check that they are accurate.
You can suppress this message by setting them explicitly:

    git config --global user.name "Your Name"
    git config --global user.email you@example.com

After doing this, you may fix the identity used for this commit with:

    git commit --amend --reset-author

 1 file changed, 17 insertions(+)
[0;32m✅ Commit automático creado exitosamente[0m
To https://github.com/anamanz7/anamanzanares.github.io.git
   92d1ae1..90b3c49  main -> main
[2026-03-14 21:08:24] ✅ Push realizado exitosamente a GitHub
[2026-03-14 21:08:24] === Verificación completada ===
[2026-03-14 21:48:45] === Iniciando verificación automática ===
[2026-03-14 21:48:45] Cambios detectados, creando commit...
[main 2544a67] Auto-commit: 1 modificado(s)
 Committer: Ana Manzanares <anamanzanares@MacBook-Pro-de-Ana.local>
Your name and email address were configured automatically based
on your username and hostname. Please check that they are accurate.
You can suppress this message by setting them explicitly:

    git config --global user.name "Your Name"
    git config --global user.email you@example.com

After doing this, you may fix the identity used for this commit with:

    git commit --amend --reset-author

 2 files changed, 25 insertions(+)
[2026-03-14 21:48:45] ✅ Commit creado exitosamente
[1;33m🔍 Verificando cambios pendientes...[0m
[1;33m📝 Cambios detectados. Creando commit automático...[0m
[main 7c60b75] Auto-commit: Actualización automática del portfolio
 Committer: Ana Manzanares <anamanzanares@MacBook-Pro-de-Ana.local>
Your name and email address were configured automatically based
on your username and hostname. Please check that they are accurate.
You can suppress this message by setting them explicitly:

    git config --global user.name "Your Name"
    git config --global user.email you@example.com

After doing this, you may fix the identity used for this commit with:

    git commit --amend --reset-author

 1 file changed, 17 insertions(+)
[0;32m✅ Commit automático creado exitosamente[0m
To https://github.com/anamanz7/anamanzanares.github.io.git
   12aebc4..2544a67  main -> main
[2026-03-14 21:48:46] ✅ Push realizado exitosamente a GitHub
[2026-03-14 21:48:46] === Verificación completada ===
[2026-03-14 21:58:46] === Iniciando verificación automática ===
[2026-03-14 21:58:46] Cambios detectados, creando commit...
[main 66c659e] Auto-commit: 1 modificado(s)
 Committer: Ana Manzanares <anamanzanares@MacBook-Pro-de-Ana.local>
Your name and email address were configured automatically based
on your username and hostname. Please check that they are accurate.
You can suppress this message by setting them explicitly:

    git config --global user.name "Your Name"
    git config --global user.email you@example.com

After doing this, you may fix the identity used for this commit with:

    git commit --amend --reset-author

 2 files changed, 25 insertions(+)
[2026-03-14 21:58:47] ✅ Commit creado exitosamente
[1;33m🔍 Verificando cambios pendientes...[0m
[1;33m📝 Cambios detectados. Creando commit automático...[0m
[main 26d9125] Auto-commit: Actualización automática del portfolio
 Committer: Ana Manzanares <anamanzanares@MacBook-Pro-de-Ana.local>
Your name and email address were configured automatically based
on your username and hostname. Please check that they are accurate.
You can suppress this message by setting them explicitly:

    git config --global user.name "Your Name"
    git config --global user.email you@example.com

After doing this, you may fix the identity used for this commit with:

    git commit --amend --reset-author

 1 file changed, 17 insertions(+)
[0;32m✅ Commit automático creado exitosamente[0m
To https://github.com/anamanz7/anamanzanares.github.io.git
   7c60b75..66c659e  main -> main
[2026-03-14 21:58:48] ✅ Push realizado exitosamente a GitHub
[2026-03-14 21:58:48] === Verificación completada ===
[2026-03-14 22:08:48] === Iniciando verificación automática ===
[2026-03-14 22:08:48] Cambios detectados, creando commit...
[main 708d86b] Auto-commit: 1 modificado(s)
 Committer: Ana Manzanares <anamanzanares@MacBook-Pro-de-Ana.local>
Your name and email address were configured automatically based
on your username and hostname. Please check that they are accurate.
You can suppress this message by setting them explicitly:

    git config --global user.name "Your Name"
    git config --global user.email you@example.com

After doing this, you may fix the identity used for this commit with:

    git commit --amend --reset-author

 2 files changed, 25 insertions(+)
[2026-03-14 22:08:49] ✅ Commit creado exitosamente
[1;33m🔍 Verificando cambios pendientes...[0m
[1;33m📝 Cambios detectados. Creando commit automático...[0m
[main 46fd792] Auto-commit: Actualización automática del portfolio
 Committer: Ana Manzanares <anamanzanares@MacBook-Pro-de-Ana.local>
Your name and email address were configured automatically based
on your username and hostname. Please check that they are accurate.
You can suppress this message by setting them explicitly:

    git config --global user.name "Your Name"
    git config --global user.email you@example.com

After doing this, you may fix the identity used for this commit with:

    git commit --amend --reset-author

 1 file changed, 17 insertions(+)
[0;32m✅ Commit automático creado exitosamente[0m
To https://github.com/anamanz7/anamanzanares.github.io.git
   26d9125..708d86b  main -> main
[2026-03-14 22:08:50] ✅ Push realizado exitosamente a GitHub
[2026-03-14 22:08:50] === Verificación completada ===
[2026-03-14 22:18:50] === Iniciando verificación automática ===
[2026-03-14 22:18:50] Cambios detectados, creando commit...
[main 774c3f9] Auto-commit: 1 modificado(s)
 Committer: Ana Manzanares <anamanzanares@MacBook-Pro-de-Ana.local>
Your name and email address were configured automatically based
on your username and hostname. Please check that they are accurate.
You can suppress this message by setting them explicitly:

    git config --global user.name "Your Name"
    git config --global user.email you@example.com

After doing this, you may fix the identity used for this commit with:

    git commit --amend --reset-author

 2 files changed, 25 insertions(+)
[2026-03-14 22:18:50] ✅ Commit creado exitosamente
[1;33m🔍 Verificando cambios pendientes...[0m
[1;33m📝 Cambios detectados. Creando commit automático...[0m
[main cf786cd] Auto-commit: Actualización automática del portfolio
 Committer: Ana Manzanares <anamanzanares@MacBook-Pro-de-Ana.local>
Your name and email address were configured automatically based
on your username and hostname. Please check that they are accurate.
You can suppress this message by setting them explicitly:

    git config --global user.name "Your Name"
    git config --global user.email you@example.com

After doing this, you may fix the identity used for this commit with:

    git commit --amend --reset-author

 1 file changed, 17 insertions(+)
[0;32m✅ Commit automático creado exitosamente[0m
To https://github.com/anamanz7/anamanzanares.github.io.git
   46fd792..774c3f9  main -> main
[2026-03-14 22:18:52] ✅ Push realizado exitosamente a GitHub
[2026-03-14 22:18:52] === Verificación completada ===
[2026-03-14 22:31:39] === Iniciando verificación automática ===
[2026-03-14 22:31:39] Cambios detectados, creando commit...
[main 39e4220] Auto-commit: 1 modificado(s)
 Committer: Ana Manzanares <anamanzanares@MacBook-Pro-de-Ana.local>
Your name and email address were configured automatically based
on your username and hostname. Please check that they are accurate.
You can suppress this message by setting them explicitly:

    git config --global user.name "Your Name"
    git config --global user.email you@example.com

After doing this, you may fix the identity used for this commit with:

    git commit --amend --reset-author

 2 files changed, 25 insertions(+)
[2026-03-14 22:31:39] ✅ Commit creado exitosamente
[1;33m🔍 Verificando cambios pendientes...[0m
[1;33m📝 Cambios detectados. Creando commit automático...[0m
[main abfc7a9] Auto-commit: Actualización automática del portfolio
 Committer: Ana Manzanares <anamanzanares@MacBook-Pro-de-Ana.local>
Your name and email address were configured automatically based
on your username and hostname. Please check that they are accurate.
You can suppress this message by setting them explicitly:

    git config --global user.name "Your Name"
    git config --global user.email you@example.com

After doing this, you may fix the identity used for this commit with:

    git commit --amend --reset-author

 1 file changed, 17 insertions(+)
[0;32m✅ Commit automático creado exitosamente[0m
To https://github.com/anamanz7/anamanzanares.github.io.git
   cf786cd..39e4220  main -> main
[2026-03-14 22:31:42] ✅ Push realizado exitosamente a GitHub
[2026-03-14 22:31:42] === Verificación completada ===
[2026-03-14 22:41:42] === Iniciando verificación automática ===
[2026-03-14 22:41:42] Cambios detectados, creando commit...
[main 30e508f] Auto-commit: 1 modificado(s)
 Committer: Ana Manzanares <anamanzanares@MacBook-Pro-de-Ana.local>
Your name and email address were configured automatically based
on your username and hostname. Please check that they are accurate.
You can suppress this message by setting them explicitly:

    git config --global user.name "Your Name"
    git config --global user.email you@example.com

After doing this, you may fix the identity used for this commit with:

    git commit --amend --reset-author

 2 files changed, 25 insertions(+)
[2026-03-14 22:41:42] ✅ Commit creado exitosamente
[1;33m🔍 Verificando cambios pendientes...[0m
[1;33m📝 Cambios detectados. Creando commit automático...[0m
[main 500464a] Auto-commit: Actualización automática del portfolio
 Committer: Ana Manzanares <anamanzanares@MacBook-Pro-de-Ana.local>
Your name and email address were configured automatically based
on your username and hostname. Please check that they are accurate.
You can suppress this message by setting them explicitly:

    git config --global user.name "Your Name"
    git config --global user.email you@example.com

After doing this, you may fix the identity used for this commit with:

    git commit --amend --reset-author

 1 file changed, 17 insertions(+)
[0;32m✅ Commit automático creado exitosamente[0m
To https://github.com/anamanz7/anamanzanares.github.io.git
   abfc7a9..30e508f  main -> main
[2026-03-14 22:41:44] ✅ Push realizado exitosamente a GitHub
[2026-03-14 22:41:44] === Verificación completada ===
[2026-03-14 22:51:44] === Iniciando verificación automática ===
[2026-03-14 22:51:45] Cambios detectados, creando commit...
[main 993def5] Auto-commit: 1 modificado(s)
 Committer: Ana Manzanares <anamanzanares@MacBook-Pro-de-Ana.local>
Your name and email address were configured automatically based
on your username and hostname. Please check that they are accurate.
You can suppress this message by setting them explicitly:

    git config --global user.name "Your Name"
    git config --global user.email you@example.com

After doing this, you may fix the identity used for this commit with:

    git commit --amend --reset-author

 2 files changed, 25 insertions(+)
[2026-03-14 22:51:45] ✅ Commit creado exitosamente
[1;33m🔍 Verificando cambios pendientes...[0m
[1;33m📝 Cambios detectados. Creando commit automático...[0m
[main f92560c] Auto-commit: Actualización automática del portfolio
 Committer: Ana Manzanares <anamanzanares@MacBook-Pro-de-Ana.local>
Your name and email address were configured automatically based
on your username and hostname. Please check that they are accurate.
You can suppress this message by setting them explicitly:

    git config --global user.name "Your Name"
    git config --global user.email you@example.com

After doing this, you may fix the identity used for this commit with:

    git commit --amend --reset-author

 1 file changed, 17 insertions(+)
[0;32m✅ Commit automático creado exitosamente[0m
To https://github.com/anamanz7/anamanzanares.github.io.git
   500464a..993def5  main -> main
[2026-03-14 22:51:47] ✅ Push realizado exitosamente a GitHub
[2026-03-14 22:51:47] === Verificación completada ===
[2026-03-14 23:01:47] === Iniciando verificación automática ===
[2026-03-14 23:01:47] Cambios detectados, creando commit...
[main df51360] Auto-commit: 1 modificado(s)
 Committer: Ana Manzanares <anamanzanares@MacBook-Pro-de-Ana.local>
Your name and email address were configured automatically based
on your username and hostname. Please check that they are accurate.
You can suppress this message by setting them explicitly:

    git config --global user.name "Your Name"
    git config --global user.email you@example.com

After doing this, you may fix the identity used for this commit with:

    git commit --amend --reset-author

 2 files changed, 25 insertions(+)
[2026-03-14 23:01:48] ✅ Commit creado exitosamente
[1;33m🔍 Verificando cambios pendientes...[0m
[1;33m📝 Cambios detectados. Creando commit automático...[0m
[main 846edda] Auto-commit: Actualización automática del portfolio
 Committer: Ana Manzanares <anamanzanares@MacBook-Pro-de-Ana.local>
Your name and email address were configured automatically based
on your username and hostname. Please check that they are accurate.
You can suppress this message by setting them explicitly:

    git config --global user.name "Your Name"
    git config --global user.email you@example.com

After doing this, you may fix the identity used for this commit with:

    git commit --amend --reset-author

 1 file changed, 17 insertions(+)
[0;32m✅ Commit automático creado exitosamente[0m
To https://github.com/anamanz7/anamanzanares.github.io.git
   f92560c..df51360  main -> main
[2026-03-14 23:01:50] ✅ Push realizado exitosamente a GitHub
[2026-03-14 23:01:50] === Verificación completada ===
[2026-03-14 23:11:50] === Iniciando verificación automática ===
[2026-03-14 23:11:50] Cambios detectados, creando commit...
[main 35c046a] Auto-commit: 1 modificado(s)
 Committer: Ana Manzanares <anamanzanares@MacBook-Pro-de-Ana.local>
Your name and email address were configured automatically based
on your username and hostname. Please check that they are accurate.
You can suppress this message by setting them explicitly:

    git config --global user.name "Your Name"
    git config --global user.email you@example.com

After doing this, you may fix the identity used for this commit with:

    git commit --amend --reset-author

 2 files changed, 25 insertions(+)
[2026-03-14 23:11:50] ✅ Commit creado exitosamente
[1;33m🔍 Verificando cambios pendientes...[0m
[1;33m📝 Cambios detectados. Creando commit automático...[0m
[main 2fc966f] Auto-commit: Actualización automática del portfolio
 Committer: Ana Manzanares <anamanzanares@MacBook-Pro-de-Ana.local>
Your name and email address were configured automatically based
on your username and hostname. Please check that they are accurate.
You can suppress this message by setting them explicitly:

    git config --global user.name "Your Name"
    git config --global user.email you@example.com

After doing this, you may fix the identity used for this commit with:

    git commit --amend --reset-author

 1 file changed, 17 insertions(+)
[0;32m✅ Commit automático creado exitosamente[0m
To https://github.com/anamanz7/anamanzanares.github.io.git
   846edda..35c046a  main -> main
[2026-03-14 23:11:52] ✅ Push realizado exitosamente a GitHub
[2026-03-14 23:11:52] === Verificación completada ===
[2026-03-14 23:21:52] === Iniciando verificación automática ===
[2026-03-14 23:21:53] Cambios detectados, creando commit...
[main d454839] Auto-commit: 1 modificado(s)
 Committer: Ana Manzanares <anamanzanares@MacBook-Pro-de-Ana.local>
Your name and email address were configured automatically based
on your username and hostname. Please check that they are accurate.
You can suppress this message by setting them explicitly:

    git config --global user.name "Your Name"
    git config --global user.email you@example.com

After doing this, you may fix the identity used for this commit with:

    git commit --amend --reset-author

 2 files changed, 25 insertions(+)
[2026-03-14 23:21:53] ✅ Commit creado exitosamente
[1;33m🔍 Verificando cambios pendientes...[0m
[1;33m📝 Cambios detectados. Creando commit automático...[0m
[main 9a6c95d] Auto-commit: Actualización automática del portfolio
 Committer: Ana Manzanares <anamanzanares@MacBook-Pro-de-Ana.local>
Your name and email address were configured automatically based
on your username and hostname. Please check that they are accurate.
You can suppress this message by setting them explicitly:

    git config --global user.name "Your Name"
    git config --global user.email you@example.com

After doing this, you may fix the identity used for this commit with:

    git commit --amend --reset-author

 1 file changed, 17 insertions(+)
[0;32m✅ Commit automático creado exitosamente[0m
To https://github.com/anamanz7/anamanzanares.github.io.git
   2fc966f..d454839  main -> main
[2026-03-14 23:21:55] ✅ Push realizado exitosamente a GitHub
[2026-03-14 23:21:55] === Verificación completada ===
[2026-03-14 23:31:55] === Iniciando verificación automática ===
[2026-03-14 23:31:55] Cambios detectados, creando commit...
[main 44b89a4] Auto-commit: 1 modificado(s)
 Committer: Ana Manzanares <anamanzanares@MacBook-Pro-de-Ana.local>
Your name and email address were configured automatically based
on your username and hostname. Please check that they are accurate.
You can suppress this message by setting them explicitly:

    git config --global user.name "Your Name"
    git config --global user.email you@example.com

After doing this, you may fix the identity used for this commit with:

    git commit --amend --reset-author

 2 files changed, 25 insertions(+)
[2026-03-14 23:31:55] ✅ Commit creado exitosamente
[1;33m🔍 Verificando cambios pendientes...[0m
[1;33m📝 Cambios detectados. Creando commit automático...[0m
[main f215328] Auto-commit: Actualización automática del portfolio
 Committer: Ana Manzanares <anamanzanares@MacBook-Pro-de-Ana.local>
Your name and email address were configured automatically based
on your username and hostname. Please check that they are accurate.
You can suppress this message by setting them explicitly:

    git config --global user.name "Your Name"
    git config --global user.email you@example.com

After doing this, you may fix the identity used for this commit with:

    git commit --amend --reset-author

 1 file changed, 17 insertions(+)
[0;32m✅ Commit automático creado exitosamente[0m
To https://github.com/anamanz7/anamanzanares.github.io.git
   9a6c95d..44b89a4  main -> main
[2026-03-14 23:31:57] ✅ Push realizado exitosamente a GitHub
[2026-03-14 23:31:57] === Verificación completada ===
[2026-03-14 23:41:57] === Iniciando verificación automática ===
[2026-03-14 23:41:57] Cambios detectados, creando commit...
[main b655cf3] Auto-commit: 1 modificado(s)
 Committer: Ana Manzanares <anamanzanares@MacBook-Pro-de-Ana.local>
Your name and email address were configured automatically based
on your username and hostname. Please check that they are accurate.
You can suppress this message by setting them explicitly:

    git config --global user.name "Your Name"
    git config --global user.email you@example.com

After doing this, you may fix the identity used for this commit with:

    git commit --amend --reset-author

 2 files changed, 25 insertions(+)
[2026-03-14 23:41:58] ✅ Commit creado exitosamente
[1;33m🔍 Verificando cambios pendientes...[0m
[1;33m📝 Cambios detectados. Creando commit automático...[0m
[main 6d12792] Auto-commit: Actualización automática del portfolio
 Committer: Ana Manzanares <anamanzanares@MacBook-Pro-de-Ana.local>
Your name and email address were configured automatically based
on your username and hostname. Please check that they are accurate.
You can suppress this message by setting them explicitly:

    git config --global user.name "Your Name"
    git config --global user.email you@example.com

After doing this, you may fix the identity used for this commit with:

    git commit --amend --reset-author

 1 file changed, 17 insertions(+)
[0;32m✅ Commit automático creado exitosamente[0m
To https://github.com/anamanz7/anamanzanares.github.io.git
   f215328..b655cf3  main -> main
[2026-03-14 23:42:00] ✅ Push realizado exitosamente a GitHub
[2026-03-14 23:42:00] === Verificación completada ===
[2026-03-14 23:52:00] === Iniciando verificación automática ===
[2026-03-14 23:52:00] Cambios detectados, creando commit...
[main 44653dc] Auto-commit: 1 modificado(s)
 Committer: Ana Manzanares <anamanzanares@MacBook-Pro-de-Ana.local>
Your name and email address were configured automatically based
on your username and hostname. Please check that they are accurate.
You can suppress this message by setting them explicitly:

    git config --global user.name "Your Name"
    git config --global user.email you@example.com

After doing this, you may fix the identity used for this commit with:

    git commit --amend --reset-author

 2 files changed, 25 insertions(+)
[2026-03-14 23:52:00] ✅ Commit creado exitosamente
[1;33m🔍 Verificando cambios pendientes...[0m
[1;33m📝 Cambios detectados. Creando commit automático...[0m
[main 87fa73f] Auto-commit: Actualización automática del portfolio
 Committer: Ana Manzanares <anamanzanares@MacBook-Pro-de-Ana.local>
Your name and email address were configured automatically based
on your username and hostname. Please check that they are accurate.
You can suppress this message by setting them explicitly:

    git config --global user.name "Your Name"
    git config --global user.email you@example.com

After doing this, you may fix the identity used for this commit with:

    git commit --amend --reset-author

 1 file changed, 17 insertions(+)
[0;32m✅ Commit automático creado exitosamente[0m
To https://github.com/anamanz7/anamanzanares.github.io.git
   6d12792..44653dc  main -> main
[2026-03-14 23:52:03] ✅ Push realizado exitosamente a GitHub
[2026-03-14 23:52:03] === Verificación completada ===
[2026-03-15 00:02:03] === Iniciando verificación automática ===
[2026-03-15 00:02:03] Cambios detectados, creando commit...
[main 84f7ac1] Auto-commit: 1 modificado(s)
 Committer: Ana Manzanares <anamanzanares@MacBook-Pro-de-Ana.local>
Your name and email address were configured automatically based
on your username and hostname. Please check that they are accurate.
You can suppress this message by setting them explicitly:

    git config --global user.name "Your Name"
    git config --global user.email you@example.com

After doing this, you may fix the identity used for this commit with:

    git commit --amend --reset-author

 2 files changed, 25 insertions(+)
[2026-03-15 00:02:03] ✅ Commit creado exitosamente
[1;33m🔍 Verificando cambios pendientes...[0m
[1;33m📝 Cambios detectados. Creando commit automático...[0m
[main d288484] Auto-commit: Actualización automática del portfolio
 Committer: Ana Manzanares <anamanzanares@MacBook-Pro-de-Ana.local>
Your name and email address were configured automatically based
on your username and hostname. Please check that they are accurate.
You can suppress this message by setting them explicitly:

    git config --global user.name "Your Name"
    git config --global user.email you@example.com

After doing this, you may fix the identity used for this commit with:

    git commit --amend --reset-author

 1 file changed, 17 insertions(+)
[0;32m✅ Commit automático creado exitosamente[0m
To https://github.com/anamanz7/anamanzanares.github.io.git
   87fa73f..84f7ac1  main -> main
[2026-03-15 00:02:05] ✅ Push realizado exitosamente a GitHub
[2026-03-15 00:02:05] === Verificación completada ===
[2026-03-15 00:12:05] === Iniciando verificación automática ===
[2026-03-15 00:12:05] Cambios detectados, creando commit...
[main 2ea3380] Auto-commit: 1 modificado(s)
 Committer: Ana Manzanares <anamanzanares@MacBook-Pro-de-Ana.local>
Your name and email address were configured automatically based
on your username and hostname. Please check that they are accurate.
You can suppress this message by setting them explicitly:

    git config --global user.name "Your Name"
    git config --global user.email you@example.com

After doing this, you may fix the identity used for this commit with:

    git commit --amend --reset-author

 2 files changed, 25 insertions(+)
[2026-03-15 00:12:06] ✅ Commit creado exitosamente
[1;33m🔍 Verificando cambios pendientes...[0m
[1;33m📝 Cambios detectados. Creando commit automático...[0m
[main 1719193] Auto-commit: Actualización automática del portfolio
 Committer: Ana Manzanares <anamanzanares@MacBook-Pro-de-Ana.local>
Your name and email address were configured automatically based
on your username and hostname. Please check that they are accurate.
You can suppress this message by setting them explicitly:

    git config --global user.name "Your Name"
    git config --global user.email you@example.com

After doing this, you may fix the identity used for this commit with:

    git commit --amend --reset-author

 1 file changed, 17 insertions(+)
[0;32m✅ Commit automático creado exitosamente[0m
To https://github.com/anamanz7/anamanzanares.github.io.git
   d288484..2ea3380  main -> main
[2026-03-15 00:12:08] ✅ Push realizado exitosamente a GitHub
[2026-03-15 00:12:08] === Verificación completada ===
[2026-03-15 22:45:16] === Iniciando verificación automática ===
[2026-03-15 22:45:18] Cambios detectados, creando commit...
[main 50566d1] Auto-commit: 1 modificado(s)
 Committer: Ana Manzanares <anamanzanares@MacBook-Pro-de-Ana.local>
Your name and email address were configured automatically based
on your username and hostname. Please check that they are accurate.
You can suppress this message by setting them explicitly:

    git config --global user.name "Your Name"
    git config --global user.email you@example.com

After doing this, you may fix the identity used for this commit with:

    git commit --amend --reset-author

 2 files changed, 25 insertions(+)
[2026-03-15 22:45:19] ✅ Commit creado exitosamente
[1;33m🔍 Verificando cambios pendientes...[0m
[1;33m📝 Cambios detectados. Creando commit automático...[0m
[main 23944dd] Auto-commit: Actualización automática del portfolio
 Committer: Ana Manzanares <anamanzanares@MacBook-Pro-de-Ana.local>
Your name and email address were configured automatically based
on your username and hostname. Please check that they are accurate.
You can suppress this message by setting them explicitly:

    git config --global user.name "Your Name"
    git config --global user.email you@example.com

After doing this, you may fix the identity used for this commit with:

    git commit --amend --reset-author

 1 file changed, 17 insertions(+)
[0;32m✅ Commit automático creado exitosamente[0m
To https://github.com/anamanz7/anamanzanares.github.io.git
   1719193..50566d1  main -> main
[2026-03-15 22:45:24] ✅ Push realizado exitosamente a GitHub
[2026-03-15 22:45:24] === Verificación completada ===
[2026-03-15 22:55:24] === Iniciando verificación automática ===
[2026-03-15 22:55:24] Cambios detectados, creando commit...
[main 870d75a] Auto-commit: 1 modificado(s)
 Committer: Ana Manzanares <anamanzanares@MacBook-Pro-de-Ana.local>
Your name and email address were configured automatically based
on your username and hostname. Please check that they are accurate.
You can suppress this message by setting them explicitly:

    git config --global user.name "Your Name"
    git config --global user.email you@example.com

After doing this, you may fix the identity used for this commit with:

    git commit --amend --reset-author

 2 files changed, 25 insertions(+)
[2026-03-15 22:55:24] ✅ Commit creado exitosamente
[1;33m🔍 Verificando cambios pendientes...[0m
[1;33m📝 Cambios detectados. Creando commit automático...[0m
[main 08b8028] Auto-commit: Actualización automática del portfolio
 Committer: Ana Manzanares <anamanzanares@MacBook-Pro-de-Ana.local>
Your name and email address were configured automatically based
on your username and hostname. Please check that they are accurate.
You can suppress this message by setting them explicitly:

    git config --global user.name "Your Name"
    git config --global user.email you@example.com

After doing this, you may fix the identity used for this commit with:

    git commit --amend --reset-author

 1 file changed, 17 insertions(+)
[0;32m✅ Commit automático creado exitosamente[0m
To https://github.com/anamanz7/anamanzanares.github.io.git
   23944dd..870d75a  main -> main
[2026-03-15 22:55:26] ✅ Push realizado exitosamente a GitHub
[2026-03-15 22:55:26] === Verificación completada ===
[2026-03-15 23:05:26] === Iniciando verificación automática ===
[2026-03-15 23:05:26] Cambios detectados, creando commit...
[main 8828c9f] Auto-commit: 1 modificado(s)
 Committer: Ana Manzanares <anamanzanares@MacBook-Pro-de-Ana.local>
Your name and email address were configured automatically based
on your username and hostname. Please check that they are accurate.
You can suppress this message by setting them explicitly:

    git config --global user.name "Your Name"
    git config --global user.email you@example.com

After doing this, you may fix the identity used for this commit with:

    git commit --amend --reset-author

 2 files changed, 25 insertions(+)
[2026-03-15 23:05:27] ✅ Commit creado exitosamente
[1;33m🔍 Verificando cambios pendientes...[0m
[1;33m📝 Cambios detectados. Creando commit automático...[0m
[main 6ba93ee] Auto-commit: Actualización automática del portfolio
 Committer: Ana Manzanares <anamanzanares@MacBook-Pro-de-Ana.local>
Your name and email address were configured automatically based
on your username and hostname. Please check that they are accurate.
You can suppress this message by setting them explicitly:

    git config --global user.name "Your Name"
    git config --global user.email you@example.com

After doing this, you may fix the identity used for this commit with:

    git commit --amend --reset-author

 1 file changed, 17 insertions(+)
[0;32m✅ Commit automático creado exitosamente[0m
To https://github.com/anamanz7/anamanzanares.github.io.git
   08b8028..8828c9f  main -> main
[2026-03-15 23:05:29] ✅ Push realizado exitosamente a GitHub
[2026-03-15 23:05:29] === Verificación completada ===
[2026-03-15 23:15:29] === Iniciando verificación automática ===
[2026-03-15 23:15:29] Cambios detectados, creando commit...
[main d76cab0] Auto-commit: 1 modificado(s)
 Committer: Ana Manzanares <anamanzanares@MacBook-Pro-de-Ana.local>
Your name and email address were configured automatically based
on your username and hostname. Please check that they are accurate.
You can suppress this message by setting them explicitly:

    git config --global user.name "Your Name"
    git config --global user.email you@example.com

After doing this, you may fix the identity used for this commit with:

    git commit --amend --reset-author

 2 files changed, 25 insertions(+)
[2026-03-15 23:15:29] ✅ Commit creado exitosamente
[1;33m🔍 Verificando cambios pendientes...[0m
[1;33m📝 Cambios detectados. Creando commit automático...[0m
[main 12b13c0] Auto-commit: Actualización automática del portfolio
 Committer: Ana Manzanares <anamanzanares@MacBook-Pro-de-Ana.local>
Your name and email address were configured automatically based
on your username and hostname. Please check that they are accurate.
You can suppress this message by setting them explicitly:

    git config --global user.name "Your Name"
    git config --global user.email you@example.com

After doing this, you may fix the identity used for this commit with:

    git commit --amend --reset-author

 1 file changed, 17 insertions(+)
[0;32m✅ Commit automático creado exitosamente[0m
To https://github.com/anamanz7/anamanzanares.github.io.git
   6ba93ee..d76cab0  main -> main
[2026-03-15 23:15:31] ✅ Push realizado exitosamente a GitHub
[2026-03-15 23:15:31] === Verificación completada ===
[2026-03-15 23:25:31] === Iniciando verificación automática ===
[2026-03-15 23:25:31] Cambios detectados, creando commit...
[main dfb6942] Auto-commit: 1 modificado(s)
 Committer: Ana Manzanares <anamanzanares@MacBook-Pro-de-Ana.local>
Your name and email address were configured automatically based
on your username and hostname. Please check that they are accurate.
You can suppress this message by setting them explicitly:

    git config --global user.name "Your Name"
    git config --global user.email you@example.com

After doing this, you may fix the identity used for this commit with:

    git commit --amend --reset-author

 2 files changed, 25 insertions(+)
[2026-03-15 23:25:32] ✅ Commit creado exitosamente
[1;33m🔍 Verificando cambios pendientes...[0m
[1;33m📝 Cambios detectados. Creando commit automático...[0m
[main d357469] Auto-commit: Actualización automática del portfolio
 Committer: Ana Manzanares <anamanzanares@MacBook-Pro-de-Ana.local>
Your name and email address were configured automatically based
on your username and hostname. Please check that they are accurate.
You can suppress this message by setting them explicitly:

    git config --global user.name "Your Name"
    git config --global user.email you@example.com

After doing this, you may fix the identity used for this commit with:

    git commit --amend --reset-author

 1 file changed, 17 insertions(+)
[0;32m✅ Commit automático creado exitosamente[0m
To https://github.com/anamanz7/anamanzanares.github.io.git
   12b13c0..dfb6942  main -> main
[2026-03-15 23:25:33] ✅ Push realizado exitosamente a GitHub
[2026-03-15 23:25:33] === Verificación completada ===
[2026-03-15 23:35:33] === Iniciando verificación automática ===
[2026-03-15 23:35:33] Cambios detectados, creando commit...
[main 8a988a1] Auto-commit: 1 modificado(s)
 Committer: Ana Manzanares <anamanzanares@MacBook-Pro-de-Ana.local>
Your name and email address were configured automatically based
on your username and hostname. Please check that they are accurate.
You can suppress this message by setting them explicitly:

    git config --global user.name "Your Name"
    git config --global user.email you@example.com

After doing this, you may fix the identity used for this commit with:

    git commit --amend --reset-author

 2 files changed, 25 insertions(+)
[2026-03-15 23:35:34] ✅ Commit creado exitosamente
[1;33m🔍 Verificando cambios pendientes...[0m
[1;33m📝 Cambios detectados. Creando commit automático...[0m
[main caa5c0c] Auto-commit: Actualización automática del portfolio
 Committer: Ana Manzanares <anamanzanares@MacBook-Pro-de-Ana.local>
Your name and email address were configured automatically based
on your username and hostname. Please check that they are accurate.
You can suppress this message by setting them explicitly:

    git config --global user.name "Your Name"
    git config --global user.email you@example.com

After doing this, you may fix the identity used for this commit with:

    git commit --amend --reset-author

 1 file changed, 17 insertions(+)
[0;32m✅ Commit automático creado exitosamente[0m
To https://github.com/anamanz7/anamanzanares.github.io.git
   d357469..8a988a1  main -> main
[2026-03-15 23:35:36] ✅ Push realizado exitosamente a GitHub
[2026-03-15 23:35:36] === Verificación completada ===
[2026-03-15 23:45:36] === Iniciando verificación automática ===
[2026-03-15 23:45:36] Cambios detectados, creando commit...
[main 8a34095] Auto-commit: 1 modificado(s)
 Committer: Ana Manzanares <anamanzanares@MacBook-Pro-de-Ana.local>
Your name and email address were configured automatically based
on your username and hostname. Please check that they are accurate.
You can suppress this message by setting them explicitly:

    git config --global user.name "Your Name"
    git config --global user.email you@example.com

After doing this, you may fix the identity used for this commit with:

    git commit --amend --reset-author

 2 files changed, 25 insertions(+)
[2026-03-15 23:45:37] ✅ Commit creado exitosamente
[1;33m🔍 Verificando cambios pendientes...[0m
[1;33m📝 Cambios detectados. Creando commit automático...[0m
[main cff64b1] Auto-commit: Actualización automática del portfolio
 Committer: Ana Manzanares <anamanzanares@MacBook-Pro-de-Ana.local>
Your name and email address were configured automatically based
on your username and hostname. Please check that they are accurate.
You can suppress this message by setting them explicitly:

    git config --global user.name "Your Name"
    git config --global user.email you@example.com

After doing this, you may fix the identity used for this commit with:

    git commit --amend --reset-author

 1 file changed, 17 insertions(+)
[0;32m✅ Commit automático creado exitosamente[0m
To https://github.com/anamanz7/anamanzanares.github.io.git
   caa5c0c..8a34095  main -> main
[2026-03-15 23:45:39] ✅ Push realizado exitosamente a GitHub
[2026-03-15 23:45:39] === Verificación completada ===
[2026-03-15 23:55:39] === Iniciando verificación automática ===
[2026-03-15 23:55:40] Cambios detectados, creando commit...
[main 018c419] Auto-commit: 1 modificado(s)
 Committer: Ana Manzanares <anamanzanares@MacBook-Pro-de-Ana.local>
Your name and email address were configured automatically based
on your username and hostname. Please check that they are accurate.
You can suppress this message by setting them explicitly:

    git config --global user.name "Your Name"
    git config --global user.email you@example.com

After doing this, you may fix the identity used for this commit with:

    git commit --amend --reset-author

 2 files changed, 25 insertions(+)
[2026-03-15 23:55:42] ✅ Commit creado exitosamente
[1;33m🔍 Verificando cambios pendientes...[0m
[1;33m📝 Cambios detectados. Creando commit automático...[0m
[main d8298a1] Auto-commit: Actualización automática del portfolio
 Committer: Ana Manzanares <anamanzanares@MacBook-Pro-de-Ana.local>
Your name and email address were configured automatically based
on your username and hostname. Please check that they are accurate.
You can suppress this message by setting them explicitly:

    git config --global user.name "Your Name"
    git config --global user.email you@example.com

After doing this, you may fix the identity used for this commit with:

    git commit --amend --reset-author

 1 file changed, 17 insertions(+)
[0;32m✅ Commit automático creado exitosamente[0m
To https://github.com/anamanz7/anamanzanares.github.io.git
   cff64b1..018c419  main -> main
[2026-03-15 23:55:46] ✅ Push realizado exitosamente a GitHub
[2026-03-15 23:55:46] === Verificación completada ===
[2026-03-16 00:05:46] === Iniciando verificación automática ===
[2026-03-16 00:05:46] Cambios detectados, creando commit...
[main 138a28f] Auto-commit: 1 modificado(s)
 Committer: Ana Manzanares <anamanzanares@MacBook-Pro-de-Ana.local>
Your name and email address were configured automatically based
on your username and hostname. Please check that they are accurate.
You can suppress this message by setting them explicitly:

    git config --global user.name "Your Name"
    git config --global user.email you@example.com

After doing this, you may fix the identity used for this commit with:

    git commit --amend --reset-author

 2 files changed, 25 insertions(+)
[2026-03-16 00:05:46] ✅ Commit creado exitosamente
[1;33m🔍 Verificando cambios pendientes...[0m
[1;33m📝 Cambios detectados. Creando commit automático...[0m
[main de95d7a] Auto-commit: Actualización automática del portfolio
 Committer: Ana Manzanares <anamanzanares@MacBook-Pro-de-Ana.local>
Your name and email address were configured automatically based
on your username and hostname. Please check that they are accurate.
You can suppress this message by setting them explicitly:

    git config --global user.name "Your Name"
    git config --global user.email you@example.com

After doing this, you may fix the identity used for this commit with:

    git commit --amend --reset-author

 1 file changed, 17 insertions(+)
[0;32m✅ Commit automático creado exitosamente[0m
To https://github.com/anamanz7/anamanzanares.github.io.git
   d8298a1..138a28f  main -> main
[2026-03-16 00:05:47] ✅ Push realizado exitosamente a GitHub
[2026-03-16 00:05:47] === Verificación completada ===
[2026-03-16 00:15:47] === Iniciando verificación automática ===
[2026-03-16 00:15:48] Cambios detectados, creando commit...
[main d84e8dd] Auto-commit: 1 modificado(s)
 Committer: Ana Manzanares <anamanzanares@MacBook-Pro-de-Ana.local>
Your name and email address were configured automatically based
on your username and hostname. Please check that they are accurate.
You can suppress this message by setting them explicitly:

    git config --global user.name "Your Name"
    git config --global user.email you@example.com

After doing this, you may fix the identity used for this commit with:

    git commit --amend --reset-author

 2 files changed, 25 insertions(+)
[2026-03-16 00:15:48] ✅ Commit creado exitosamente
[1;33m🔍 Verificando cambios pendientes...[0m
[1;33m📝 Cambios detectados. Creando commit automático...[0m
[main b0aaed1] Auto-commit: Actualización automática del portfolio
 Committer: Ana Manzanares <anamanzanares@MacBook-Pro-de-Ana.local>
Your name and email address were configured automatically based
on your username and hostname. Please check that they are accurate.
You can suppress this message by setting them explicitly:

    git config --global user.name "Your Name"
    git config --global user.email you@example.com

After doing this, you may fix the identity used for this commit with:

    git commit --amend --reset-author

 1 file changed, 17 insertions(+)
[0;32m✅ Commit automático creado exitosamente[0m
To https://github.com/anamanz7/anamanzanares.github.io.git
   de95d7a..d84e8dd  main -> main
[2026-03-16 00:15:49] ✅ Push realizado exitosamente a GitHub
[2026-03-16 00:15:49] === Verificación completada ===
[2026-03-16 00:25:49] === Iniciando verificación automática ===
[2026-03-16 00:25:49] Cambios detectados, creando commit...
[main 89c7c99] Auto-commit: 1 modificado(s)
 Committer: Ana Manzanares <anamanzanares@MacBook-Pro-de-Ana.local>
Your name and email address were configured automatically based
on your username and hostname. Please check that they are accurate.
You can suppress this message by setting them explicitly:

    git config --global user.name "Your Name"
    git config --global user.email you@example.com

After doing this, you may fix the identity used for this commit with:

    git commit --amend --reset-author

 2 files changed, 25 insertions(+)
[2026-03-16 00:25:49] ✅ Commit creado exitosamente
[1;33m🔍 Verificando cambios pendientes...[0m
[1;33m📝 Cambios detectados. Creando commit automático...[0m
[main d749efb] Auto-commit: Actualización automática del portfolio
 Committer: Ana Manzanares <anamanzanares@MacBook-Pro-de-Ana.local>
Your name and email address were configured automatically based
on your username and hostname. Please check that they are accurate.
You can suppress this message by setting them explicitly:

    git config --global user.name "Your Name"
    git config --global user.email you@example.com

After doing this, you may fix the identity used for this commit with:

    git commit --amend --reset-author

 1 file changed, 17 insertions(+)
[0;32m✅ Commit automático creado exitosamente[0m
To https://github.com/anamanz7/anamanzanares.github.io.git
   b0aaed1..89c7c99  main -> main
[2026-03-16 00:25:51] ✅ Push realizado exitosamente a GitHub
[2026-03-16 00:25:51] === Verificación completada ===
[2026-03-16 00:35:51] === Iniciando verificación automática ===
[2026-03-16 00:35:51] Cambios detectados, creando commit...
[main 6a4cada] Auto-commit: 1 modificado(s)
 Committer: Ana Manzanares <anamanzanares@MacBook-Pro-de-Ana.local>
Your name and email address were configured automatically based
on your username and hostname. Please check that they are accurate.
You can suppress this message by setting them explicitly:

    git config --global user.name "Your Name"
    git config --global user.email you@example.com

After doing this, you may fix the identity used for this commit with:

    git commit --amend --reset-author

 2 files changed, 25 insertions(+)
[2026-03-16 00:35:51] ✅ Commit creado exitosamente
[1;33m🔍 Verificando cambios pendientes...[0m
[1;33m📝 Cambios detectados. Creando commit automático...[0m
[main 90d43e3] Auto-commit: Actualización automática del portfolio
 Committer: Ana Manzanares <anamanzanares@MacBook-Pro-de-Ana.local>
Your name and email address were configured automatically based
on your username and hostname. Please check that they are accurate.
You can suppress this message by setting them explicitly:

    git config --global user.name "Your Name"
    git config --global user.email you@example.com

After doing this, you may fix the identity used for this commit with:

    git commit --amend --reset-author

 1 file changed, 17 insertions(+)
[0;32m✅ Commit automático creado exitosamente[0m
To https://github.com/anamanz7/anamanzanares.github.io.git
   d749efb..6a4cada  main -> main
[2026-03-16 00:35:52] ✅ Push realizado exitosamente a GitHub
[2026-03-16 00:35:52] === Verificación completada ===
[2026-03-16 00:45:52] === Iniciando verificación automática ===
[2026-03-16 00:45:52] Cambios detectados, creando commit...
[main b7c4529] Auto-commit: 1 modificado(s)
 Committer: Ana Manzanares <anamanzanares@MacBook-Pro-de-Ana.local>
Your name and email address were configured automatically based
on your username and hostname. Please check that they are accurate.
You can suppress this message by setting them explicitly:

    git config --global user.name "Your Name"
    git config --global user.email you@example.com

After doing this, you may fix the identity used for this commit with:

    git commit --amend --reset-author

 2 files changed, 25 insertions(+)
[2026-03-16 00:45:53] ✅ Commit creado exitosamente
[1;33m🔍 Verificando cambios pendientes...[0m
[1;33m📝 Cambios detectados. Creando commit automático...[0m
[main f392530] Auto-commit: Actualización automática del portfolio
 Committer: Ana Manzanares <anamanzanares@MacBook-Pro-de-Ana.local>
Your name and email address were configured automatically based
on your username and hostname. Please check that they are accurate.
You can suppress this message by setting them explicitly:

    git config --global user.name "Your Name"
    git config --global user.email you@example.com

After doing this, you may fix the identity used for this commit with:

    git commit --amend --reset-author

 1 file changed, 17 insertions(+)
[0;32m✅ Commit automático creado exitosamente[0m
To https://github.com/anamanz7/anamanzanares.github.io.git
   90d43e3..b7c4529  main -> main
[2026-03-16 00:45:54] ✅ Push realizado exitosamente a GitHub
[2026-03-16 00:45:54] === Verificación completada ===
[2026-03-16 22:51:25] === Iniciando verificación automática ===
[2026-03-16 22:51:27] Cambios detectados, creando commit...
[main 5ffbb23] Auto-commit: 1 modificado(s)
 Committer: Ana Manzanares <anamanzanares@MacBook-Pro-de-Ana.local>
Your name and email address were configured automatically based
on your username and hostname. Please check that they are accurate.
You can suppress this message by setting them explicitly:

    git config --global user.name "Your Name"
    git config --global user.email you@example.com

After doing this, you may fix the identity used for this commit with:

    git commit --amend --reset-author

 2 files changed, 25 insertions(+)
[2026-03-16 22:51:28] ✅ Commit creado exitosamente
[1;33m🔍 Verificando cambios pendientes...[0m
[1;33m📝 Cambios detectados. Creando commit automático...[0m
[main 1c72d73] Auto-commit: Actualización automática del portfolio
 Committer: Ana Manzanares <anamanzanares@MacBook-Pro-de-Ana.local>
Your name and email address were configured automatically based
on your username and hostname. Please check that they are accurate.
You can suppress this message by setting them explicitly:

    git config --global user.name "Your Name"
    git config --global user.email you@example.com

After doing this, you may fix the identity used for this commit with:

    git commit --amend --reset-author

 1 file changed, 17 insertions(+)
[0;32m✅ Commit automático creado exitosamente[0m
To https://github.com/anamanz7/anamanzanares.github.io.git
   f392530..5ffbb23  main -> main
[2026-03-16 22:51:32] ✅ Push realizado exitosamente a GitHub
[2026-03-16 22:51:32] === Verificación completada ===
[2026-03-16 23:01:32] === Iniciando verificación automática ===
[2026-03-16 23:01:32] Cambios detectados, creando commit...
[main 17f6a7b] Auto-commit: 1 modificado(s)
 Committer: Ana Manzanares <anamanzanares@MacBook-Pro-de-Ana.local>
Your name and email address were configured automatically based
on your username and hostname. Please check that they are accurate.
You can suppress this message by setting them explicitly:

    git config --global user.name "Your Name"
    git config --global user.email you@example.com

After doing this, you may fix the identity used for this commit with:

    git commit --amend --reset-author

 2 files changed, 25 insertions(+)
[2026-03-16 23:01:33] ✅ Commit creado exitosamente
[1;33m🔍 Verificando cambios pendientes...[0m
[1;33m📝 Cambios detectados. Creando commit automático...[0m
[main b8e6b20] Auto-commit: Actualización automática del portfolio
 Committer: Ana Manzanares <anamanzanares@MacBook-Pro-de-Ana.local>
Your name and email address were configured automatically based
on your username and hostname. Please check that they are accurate.
You can suppress this message by setting them explicitly:

    git config --global user.name "Your Name"
    git config --global user.email you@example.com

After doing this, you may fix the identity used for this commit with:

    git commit --amend --reset-author

 1 file changed, 17 insertions(+)
[0;32m✅ Commit automático creado exitosamente[0m
To https://github.com/anamanz7/anamanzanares.github.io.git
   1c72d73..17f6a7b  main -> main
[2026-03-16 23:01:35] ✅ Push realizado exitosamente a GitHub
[2026-03-16 23:01:35] === Verificación completada ===
[2026-03-16 23:11:35] === Iniciando verificación automática ===
[2026-03-16 23:11:35] Cambios detectados, creando commit...
[main fa1e002] Auto-commit: 1 modificado(s)
 Committer: Ana Manzanares <anamanzanares@MacBook-Pro-de-Ana.local>
Your name and email address were configured automatically based
on your username and hostname. Please check that they are accurate.
You can suppress this message by setting them explicitly:

    git config --global user.name "Your Name"
    git config --global user.email you@example.com

After doing this, you may fix the identity used for this commit with:

    git commit --amend --reset-author

 2 files changed, 25 insertions(+)
[2026-03-16 23:11:35] ✅ Commit creado exitosamente
[1;33m🔍 Verificando cambios pendientes...[0m
[1;33m📝 Cambios detectados. Creando commit automático...[0m
[main 899d536] Auto-commit: Actualización automática del portfolio
 Committer: Ana Manzanares <anamanzanares@MacBook-Pro-de-Ana.local>
Your name and email address were configured automatically based
on your username and hostname. Please check that they are accurate.
You can suppress this message by setting them explicitly:

    git config --global user.name "Your Name"
    git config --global user.email you@example.com

After doing this, you may fix the identity used for this commit with:

    git commit --amend --reset-author

 1 file changed, 17 insertions(+)
[0;32m✅ Commit automático creado exitosamente[0m
To https://github.com/anamanz7/anamanzanares.github.io.git
   b8e6b20..fa1e002  main -> main
[2026-03-16 23:11:37] ✅ Push realizado exitosamente a GitHub
[2026-03-16 23:11:37] === Verificación completada ===
[2026-03-16 23:21:37] === Iniciando verificación automática ===
[2026-03-16 23:21:37] Cambios detectados, creando commit...
[main 6a72d83] Auto-commit: 1 modificado(s)
 Committer: Ana Manzanares <anamanzanares@MacBook-Pro-de-Ana.local>
Your name and email address were configured automatically based
on your username and hostname. Please check that they are accurate.
You can suppress this message by setting them explicitly:

    git config --global user.name "Your Name"
    git config --global user.email you@example.com

After doing this, you may fix the identity used for this commit with:

    git commit --amend --reset-author

 2 files changed, 25 insertions(+)
[2026-03-16 23:21:38] ✅ Commit creado exitosamente
[1;33m🔍 Verificando cambios pendientes...[0m
[1;33m📝 Cambios detectados. Creando commit automático...[0m
[main 608736b] Auto-commit: Actualización automática del portfolio
 Committer: Ana Manzanares <anamanzanares@MacBook-Pro-de-Ana.local>
Your name and email address were configured automatically based
on your username and hostname. Please check that they are accurate.
You can suppress this message by setting them explicitly:

    git config --global user.name "Your Name"
    git config --global user.email you@example.com

After doing this, you may fix the identity used for this commit with:

    git commit --amend --reset-author

 1 file changed, 17 insertions(+)
[0;32m✅ Commit automático creado exitosamente[0m
To https://github.com/anamanz7/anamanzanares.github.io.git
   899d536..6a72d83  main -> main
[2026-03-16 23:21:40] ✅ Push realizado exitosamente a GitHub
[2026-03-16 23:21:40] === Verificación completada ===
[2026-03-16 23:31:40] === Iniciando verificación automática ===
[2026-03-16 23:31:40] Cambios detectados, creando commit...
[main 007af1e] Auto-commit: 1 modificado(s)
 Committer: Ana Manzanares <anamanzanares@MacBook-Pro-de-Ana.local>
Your name and email address were configured automatically based
on your username and hostname. Please check that they are accurate.
You can suppress this message by setting them explicitly:

    git config --global user.name "Your Name"
    git config --global user.email you@example.com

After doing this, you may fix the identity used for this commit with:

    git commit --amend --reset-author

 2 files changed, 25 insertions(+)
[2026-03-16 23:31:41] ✅ Commit creado exitosamente
[1;33m🔍 Verificando cambios pendientes...[0m
[1;33m📝 Cambios detectados. Creando commit automático...[0m
[main 2c7e566] Auto-commit: Actualización automática del portfolio
 Committer: Ana Manzanares <anamanzanares@MacBook-Pro-de-Ana.local>
Your name and email address were configured automatically based
on your username and hostname. Please check that they are accurate.
You can suppress this message by setting them explicitly:

    git config --global user.name "Your Name"
    git config --global user.email you@example.com

After doing this, you may fix the identity used for this commit with:

    git commit --amend --reset-author

 1 file changed, 17 insertions(+)
[0;32m✅ Commit automático creado exitosamente[0m
To https://github.com/anamanz7/anamanzanares.github.io.git
   608736b..007af1e  main -> main
[2026-03-16 23:31:44] ✅ Push realizado exitosamente a GitHub
[2026-03-16 23:31:44] === Verificación completada ===
[2026-03-16 23:41:44] === Iniciando verificación automática ===
[2026-03-16 23:41:44] Cambios detectados, creando commit...
[main e8e57e8] Auto-commit: 1 modificado(s)
 Committer: Ana Manzanares <anamanzanares@MacBook-Pro-de-Ana.local>
Your name and email address were configured automatically based
on your username and hostname. Please check that they are accurate.
You can suppress this message by setting them explicitly:

    git config --global user.name "Your Name"
    git config --global user.email you@example.com

After doing this, you may fix the identity used for this commit with:

    git commit --amend --reset-author

 2 files changed, 25 insertions(+)
[2026-03-16 23:41:44] ✅ Commit creado exitosamente
[1;33m🔍 Verificando cambios pendientes...[0m
[1;33m📝 Cambios detectados. Creando commit automático...[0m
[main 0fd290f] Auto-commit: Actualización automática del portfolio
 Committer: Ana Manzanares <anamanzanares@MacBook-Pro-de-Ana.local>
Your name and email address were configured automatically based
on your username and hostname. Please check that they are accurate.
You can suppress this message by setting them explicitly:

    git config --global user.name "Your Name"
    git config --global user.email you@example.com

After doing this, you may fix the identity used for this commit with:

    git commit --amend --reset-author

 1 file changed, 17 insertions(+)
[0;32m✅ Commit automático creado exitosamente[0m
To https://github.com/anamanz7/anamanzanares.github.io.git
   2c7e566..e8e57e8  main -> main
[2026-03-16 23:41:47] ✅ Push realizado exitosamente a GitHub
[2026-03-16 23:41:47] === Verificación completada ===
[2026-03-16 23:51:47] === Iniciando verificación automática ===
[2026-03-16 23:51:47] Cambios detectados, creando commit...
[main c0a4027] Auto-commit: 1 modificado(s)
 Committer: Ana Manzanares <anamanzanares@MacBook-Pro-de-Ana.local>
Your name and email address were configured automatically based
on your username and hostname. Please check that they are accurate.
You can suppress this message by setting them explicitly:

    git config --global user.name "Your Name"
    git config --global user.email you@example.com

After doing this, you may fix the identity used for this commit with:

    git commit --amend --reset-author

 2 files changed, 25 insertions(+)
[2026-03-16 23:51:48] ✅ Commit creado exitosamente
[1;33m🔍 Verificando cambios pendientes...[0m
[1;33m📝 Cambios detectados. Creando commit automático...[0m
[main 3f693a0] Auto-commit: Actualización automática del portfolio
 Committer: Ana Manzanares <anamanzanares@MacBook-Pro-de-Ana.local>
Your name and email address were configured automatically based
on your username and hostname. Please check that they are accurate.
You can suppress this message by setting them explicitly:

    git config --global user.name "Your Name"
    git config --global user.email you@example.com

After doing this, you may fix the identity used for this commit with:

    git commit --amend --reset-author

 1 file changed, 17 insertions(+)
[0;32m✅ Commit automático creado exitosamente[0m
To https://github.com/anamanz7/anamanzanares.github.io.git
   0fd290f..c0a4027  main -> main
[2026-03-16 23:51:51] ✅ Push realizado exitosamente a GitHub
[2026-03-16 23:51:51] === Verificación completada ===
[2026-03-17 00:01:51] === Iniciando verificación automática ===
[2026-03-17 00:01:51] Cambios detectados, creando commit...
[main 56aeeaf] Auto-commit: 1 modificado(s)
 Committer: Ana Manzanares <anamanzanares@MacBook-Pro-de-Ana.local>
Your name and email address were configured automatically based
on your username and hostname. Please check that they are accurate.
You can suppress this message by setting them explicitly:

    git config --global user.name "Your Name"
    git config --global user.email you@example.com

After doing this, you may fix the identity used for this commit with:

    git commit --amend --reset-author

 2 files changed, 25 insertions(+)
[2026-03-17 00:01:51] ✅ Commit creado exitosamente
[1;33m🔍 Verificando cambios pendientes...[0m
[1;33m📝 Cambios detectados. Creando commit automático...[0m
[main eedf0cf] Auto-commit: Actualización automática del portfolio
 Committer: Ana Manzanares <anamanzanares@MacBook-Pro-de-Ana.local>
Your name and email address were configured automatically based
on your username and hostname. Please check that they are accurate.
You can suppress this message by setting them explicitly:

    git config --global user.name "Your Name"
    git config --global user.email you@example.com

After doing this, you may fix the identity used for this commit with:

    git commit --amend --reset-author

 1 file changed, 17 insertions(+)
[0;32m✅ Commit automático creado exitosamente[0m
To https://github.com/anamanz7/anamanzanares.github.io.git
   3f693a0..56aeeaf  main -> main
[2026-03-17 00:01:53] ✅ Push realizado exitosamente a GitHub
[2026-03-17 00:01:53] === Verificación completada ===
[2026-03-17 00:11:53] === Iniciando verificación automática ===
[2026-03-17 00:11:53] Cambios detectados, creando commit...
[main d613c36] Auto-commit: 1 modificado(s)
 Committer: Ana Manzanares <anamanzanares@MacBook-Pro-de-Ana.local>
Your name and email address were configured automatically based
on your username and hostname. Please check that they are accurate.
You can suppress this message by setting them explicitly:

    git config --global user.name "Your Name"
    git config --global user.email you@example.com

After doing this, you may fix the identity used for this commit with:

    git commit --amend --reset-author

 2 files changed, 25 insertions(+)
[2026-03-17 00:11:53] ✅ Commit creado exitosamente
[1;33m🔍 Verificando cambios pendientes...[0m
[1;33m📝 Cambios detectados. Creando commit automático...[0m
[main d7bc044] Auto-commit: Actualización automática del portfolio
 Committer: Ana Manzanares <anamanzanares@MacBook-Pro-de-Ana.local>
Your name and email address were configured automatically based
on your username and hostname. Please check that they are accurate.
You can suppress this message by setting them explicitly:

    git config --global user.name "Your Name"
    git config --global user.email you@example.com

After doing this, you may fix the identity used for this commit with:

    git commit --amend --reset-author

 1 file changed, 17 insertions(+)
[0;32m✅ Commit automático creado exitosamente[0m
To https://github.com/anamanz7/anamanzanares.github.io.git
   eedf0cf..d613c36  main -> main
[2026-03-17 00:11:55] ✅ Push realizado exitosamente a GitHub
[2026-03-17 00:11:55] === Verificación completada ===
[2026-03-17 00:57:00] === Iniciando verificación automática ===
[2026-03-17 00:57:00] Cambios detectados, creando commit...
[main 97195c3] Auto-commit: 1 modificado(s)
 Committer: Ana Manzanares <anamanzanares@MacBook-Pro-de-Ana.local>
Your name and email address were configured automatically based
on your username and hostname. Please check that they are accurate.
You can suppress this message by setting them explicitly:

    git config --global user.name "Your Name"
    git config --global user.email you@example.com

After doing this, you may fix the identity used for this commit with:

    git commit --amend --reset-author

 2 files changed, 25 insertions(+)
[2026-03-17 00:57:00] ✅ Commit creado exitosamente
[1;33m🔍 Verificando cambios pendientes...[0m
[1;33m📝 Cambios detectados. Creando commit automático...[0m
[main c725de2] Auto-commit: Actualización automática del portfolio
 Committer: Ana Manzanares <anamanzanares@MacBook-Pro-de-Ana.local>
Your name and email address were configured automatically based
on your username and hostname. Please check that they are accurate.
You can suppress this message by setting them explicitly:

    git config --global user.name "Your Name"
    git config --global user.email you@example.com

After doing this, you may fix the identity used for this commit with:

    git commit --amend --reset-author

 1 file changed, 17 insertions(+)
[0;32m✅ Commit automático creado exitosamente[0m
To https://github.com/anamanz7/anamanzanares.github.io.git
   d7bc044..97195c3  main -> main
[2026-03-17 00:57:02] ✅ Push realizado exitosamente a GitHub
[2026-03-17 00:57:02] === Verificación completada ===
[2026-03-17 22:20:42] === Iniciando verificación automática ===
[2026-03-17 22:20:43] Cambios detectados, creando commit...
[main 22f3f7d] Auto-commit: 1 modificado(s)
 Committer: Ana Manzanares <anamanzanares@MacBook-Pro-de-Ana.local>
Your name and email address were configured automatically based
on your username and hostname. Please check that they are accurate.
You can suppress this message by setting them explicitly:

    git config --global user.name "Your Name"
    git config --global user.email you@example.com

After doing this, you may fix the identity used for this commit with:

    git commit --amend --reset-author

 2 files changed, 25 insertions(+)
[2026-03-17 22:20:43] ✅ Commit creado exitosamente
[1;33m🔍 Verificando cambios pendientes...[0m
[1;33m📝 Cambios detectados. Creando commit automático...[0m
[main 2179e73] Auto-commit: Actualización automática del portfolio
 Committer: Ana Manzanares <anamanzanares@MacBook-Pro-de-Ana.local>
Your name and email address were configured automatically based
on your username and hostname. Please check that they are accurate.
You can suppress this message by setting them explicitly:

    git config --global user.name "Your Name"
    git config --global user.email you@example.com

After doing this, you may fix the identity used for this commit with:

    git commit --amend --reset-author

 1 file changed, 17 insertions(+)
[0;32m✅ Commit automático creado exitosamente[0m
To https://github.com/anamanz7/anamanzanares.github.io.git
   c725de2..22f3f7d  main -> main
[2026-03-17 22:20:45] ✅ Push realizado exitosamente a GitHub
[2026-03-17 22:20:45] === Verificación completada ===
[2026-03-17 22:30:45] === Iniciando verificación automática ===
[2026-03-17 22:30:45] Cambios detectados, creando commit...
[main da378b9] Auto-commit: 1 modificado(s)
 Committer: Ana Manzanares <anamanzanares@MacBook-Pro-de-Ana.local>
Your name and email address were configured automatically based
on your username and hostname. Please check that they are accurate.
You can suppress this message by setting them explicitly:

    git config --global user.name "Your Name"
    git config --global user.email you@example.com

After doing this, you may fix the identity used for this commit with:

    git commit --amend --reset-author

 2 files changed, 25 insertions(+)
[2026-03-17 22:30:46] ✅ Commit creado exitosamente
[1;33m🔍 Verificando cambios pendientes...[0m
[1;33m📝 Cambios detectados. Creando commit automático...[0m
[main 2a12114] Auto-commit: Actualización automática del portfolio
 Committer: Ana Manzanares <anamanzanares@MacBook-Pro-de-Ana.local>
Your name and email address were configured automatically based
on your username and hostname. Please check that they are accurate.
You can suppress this message by setting them explicitly:

    git config --global user.name "Your Name"
    git config --global user.email you@example.com

After doing this, you may fix the identity used for this commit with:

    git commit --amend --reset-author

 1 file changed, 17 insertions(+)
[0;32m✅ Commit automático creado exitosamente[0m
To https://github.com/anamanz7/anamanzanares.github.io.git
   2179e73..da378b9  main -> main
[2026-03-17 22:30:48] ✅ Push realizado exitosamente a GitHub
[2026-03-17 22:30:48] === Verificación completada ===
[2026-03-17 22:40:48] === Iniciando verificación automática ===
[2026-03-17 22:40:48] Cambios detectados, creando commit...
[main e52fc53] Auto-commit: 1 modificado(s)
 Committer: Ana Manzanares <anamanzanares@MacBook-Pro-de-Ana.local>
Your name and email address were configured automatically based
on your username and hostname. Please check that they are accurate.
You can suppress this message by setting them explicitly:

    git config --global user.name "Your Name"
    git config --global user.email you@example.com

After doing this, you may fix the identity used for this commit with:

    git commit --amend --reset-author

 2 files changed, 25 insertions(+)
[2026-03-17 22:40:48] ✅ Commit creado exitosamente
[1;33m🔍 Verificando cambios pendientes...[0m
[1;33m📝 Cambios detectados. Creando commit automático...[0m
[main de416d4] Auto-commit: Actualización automática del portfolio
 Committer: Ana Manzanares <anamanzanares@MacBook-Pro-de-Ana.local>
Your name and email address were configured automatically based
on your username and hostname. Please check that they are accurate.
You can suppress this message by setting them explicitly:

    git config --global user.name "Your Name"
    git config --global user.email you@example.com

After doing this, you may fix the identity used for this commit with:

    git commit --amend --reset-author

 1 file changed, 17 insertions(+)
[0;32m✅ Commit automático creado exitosamente[0m
To https://github.com/anamanz7/anamanzanares.github.io.git
   2a12114..e52fc53  main -> main
[2026-03-17 22:40:50] ✅ Push realizado exitosamente a GitHub
[2026-03-17 22:40:50] === Verificación completada ===
[2026-03-17 22:50:50] === Iniciando verificación automática ===
[2026-03-17 22:50:50] Cambios detectados, creando commit...
[main ddf337d] Auto-commit: 1 modificado(s)
 Committer: Ana Manzanares <anamanzanares@MacBook-Pro-de-Ana.local>
Your name and email address were configured automatically based
on your username and hostname. Please check that they are accurate.
You can suppress this message by setting them explicitly:

    git config --global user.name "Your Name"
    git config --global user.email you@example.com

After doing this, you may fix the identity used for this commit with:

    git commit --amend --reset-author

 2 files changed, 25 insertions(+)
[2026-03-17 22:50:51] ✅ Commit creado exitosamente
[1;33m🔍 Verificando cambios pendientes...[0m
[1;33m📝 Cambios detectados. Creando commit automático...[0m
[main 31d2297] Auto-commit: Actualización automática del portfolio
 Committer: Ana Manzanares <anamanzanares@MacBook-Pro-de-Ana.local>
Your name and email address were configured automatically based
on your username and hostname. Please check that they are accurate.
You can suppress this message by setting them explicitly:

    git config --global user.name "Your Name"
    git config --global user.email you@example.com

After doing this, you may fix the identity used for this commit with:

    git commit --amend --reset-author

 1 file changed, 17 insertions(+)
[0;32m✅ Commit automático creado exitosamente[0m
To https://github.com/anamanz7/anamanzanares.github.io.git
   de416d4..ddf337d  main -> main
[2026-03-17 22:50:53] ✅ Push realizado exitosamente a GitHub
[2026-03-17 22:50:53] === Verificación completada ===
[2026-03-17 23:00:53] === Iniciando verificación automática ===
[2026-03-17 23:00:53] Cambios detectados, creando commit...
[main 3a6e22b] Auto-commit: 1 modificado(s)
 Committer: Ana Manzanares <anamanzanares@MacBook-Pro-de-Ana.local>
Your name and email address were configured automatically based
on your username and hostname. Please check that they are accurate.
You can suppress this message by setting them explicitly:

    git config --global user.name "Your Name"
    git config --global user.email you@example.com

After doing this, you may fix the identity used for this commit with:

    git commit --amend --reset-author

 2 files changed, 25 insertions(+)
[2026-03-17 23:00:53] ✅ Commit creado exitosamente
[1;33m🔍 Verificando cambios pendientes...[0m
[1;33m📝 Cambios detectados. Creando commit automático...[0m
[main eda76bd] Auto-commit: Actualización automática del portfolio
 Committer: Ana Manzanares <anamanzanares@MacBook-Pro-de-Ana.local>
Your name and email address were configured automatically based
on your username and hostname. Please check that they are accurate.
You can suppress this message by setting them explicitly:

    git config --global user.name "Your Name"
    git config --global user.email you@example.com

After doing this, you may fix the identity used for this commit with:

    git commit --amend --reset-author

 1 file changed, 17 insertions(+)
[0;32m✅ Commit automático creado exitosamente[0m
To https://github.com/anamanz7/anamanzanares.github.io.git
   31d2297..3a6e22b  main -> main
[2026-03-17 23:00:55] ✅ Push realizado exitosamente a GitHub
[2026-03-17 23:00:55] === Verificación completada ===
[2026-03-17 23:10:55] === Iniciando verificación automática ===
[2026-03-17 23:10:55] Cambios detectados, creando commit...
[main aa7ea76] Auto-commit: 1 modificado(s)
 Committer: Ana Manzanares <anamanzanares@MacBook-Pro-de-Ana.local>
Your name and email address were configured automatically based
on your username and hostname. Please check that they are accurate.
You can suppress this message by setting them explicitly:

    git config --global user.name "Your Name"
    git config --global user.email you@example.com

After doing this, you may fix the identity used for this commit with:

    git commit --amend --reset-author

 2 files changed, 25 insertions(+)
[2026-03-17 23:10:56] ✅ Commit creado exitosamente
[1;33m🔍 Verificando cambios pendientes...[0m
[1;33m📝 Cambios detectados. Creando commit automático...[0m
[main e948ffd] Auto-commit: Actualización automática del portfolio
 Committer: Ana Manzanares <anamanzanares@MacBook-Pro-de-Ana.local>
Your name and email address were configured automatically based
on your username and hostname. Please check that they are accurate.
You can suppress this message by setting them explicitly:

    git config --global user.name "Your Name"
    git config --global user.email you@example.com

After doing this, you may fix the identity used for this commit with:

    git commit --amend --reset-author

 1 file changed, 17 insertions(+)
[0;32m✅ Commit automático creado exitosamente[0m
To https://github.com/anamanz7/anamanzanares.github.io.git
   eda76bd..aa7ea76  main -> main
[2026-03-17 23:10:58] ✅ Push realizado exitosamente a GitHub
[2026-03-17 23:10:58] === Verificación completada ===
[2026-03-17 23:20:58] === Iniciando verificación automática ===
[2026-03-17 23:20:58] Cambios detectados, creando commit...
[main ac2503e] Auto-commit: 1 modificado(s)
 Committer: Ana Manzanares <anamanzanares@MacBook-Pro-de-Ana.local>
Your name and email address were configured automatically based
on your username and hostname. Please check that they are accurate.
You can suppress this message by setting them explicitly:

    git config --global user.name "Your Name"
    git config --global user.email you@example.com

After doing this, you may fix the identity used for this commit with:

    git commit --amend --reset-author

 2 files changed, 25 insertions(+)
[2026-03-17 23:20:59] ✅ Commit creado exitosamente
[1;33m🔍 Verificando cambios pendientes...[0m
[1;33m📝 Cambios detectados. Creando commit automático...[0m
[main b54c66d] Auto-commit: Actualización automática del portfolio
 Committer: Ana Manzanares <anamanzanares@MacBook-Pro-de-Ana.local>
Your name and email address were configured automatically based
on your username and hostname. Please check that they are accurate.
You can suppress this message by setting them explicitly:

    git config --global user.name "Your Name"
    git config --global user.email you@example.com

After doing this, you may fix the identity used for this commit with:

    git commit --amend --reset-author

 1 file changed, 17 insertions(+)
[0;32m✅ Commit automático creado exitosamente[0m
To https://github.com/anamanz7/anamanzanares.github.io.git
   e948ffd..ac2503e  main -> main
[2026-03-17 23:21:01] ✅ Push realizado exitosamente a GitHub
[2026-03-17 23:21:01] === Verificación completada ===
[2026-03-17 23:31:01] === Iniciando verificación automática ===
[2026-03-17 23:31:01] Cambios detectados, creando commit...
[main ae84bbd] Auto-commit: 1 modificado(s)
 Committer: Ana Manzanares <anamanzanares@MacBook-Pro-de-Ana.local>
Your name and email address were configured automatically based
on your username and hostname. Please check that they are accurate.
You can suppress this message by setting them explicitly:

    git config --global user.name "Your Name"
    git config --global user.email you@example.com

After doing this, you may fix the identity used for this commit with:

    git commit --amend --reset-author

 2 files changed, 25 insertions(+)
[2026-03-17 23:31:01] ✅ Commit creado exitosamente
[1;33m🔍 Verificando cambios pendientes...[0m
[1;33m📝 Cambios detectados. Creando commit automático...[0m
[main 047c438] Auto-commit: Actualización automática del portfolio
 Committer: Ana Manzanares <anamanzanares@MacBook-Pro-de-Ana.local>
Your name and email address were configured automatically based
on your username and hostname. Please check that they are accurate.
You can suppress this message by setting them explicitly:

    git config --global user.name "Your Name"
    git config --global user.email you@example.com

After doing this, you may fix the identity used for this commit with:

    git commit --amend --reset-author

 1 file changed, 17 insertions(+)
[0;32m✅ Commit automático creado exitosamente[0m
To https://github.com/anamanz7/anamanzanares.github.io.git
   b54c66d..ae84bbd  main -> main
[2026-03-17 23:32:10] ✅ Push realizado exitosamente a GitHub
[2026-03-17 23:32:10] === Verificación completada ===
[2026-03-17 23:42:10] === Iniciando verificación automática ===
[2026-03-17 23:42:10] Cambios detectados, creando commit...
[main 428484e] Auto-commit: 1 modificado(s)
 Committer: Ana Manzanares <anamanzanares@MacBook-Pro-de-Ana.local>
Your name and email address were configured automatically based
on your username and hostname. Please check that they are accurate.
You can suppress this message by setting them explicitly:

    git config --global user.name "Your Name"
    git config --global user.email you@example.com

After doing this, you may fix the identity used for this commit with:

    git commit --amend --reset-author

 2 files changed, 25 insertions(+)
[2026-03-17 23:42:11] ✅ Commit creado exitosamente
[1;33m🔍 Verificando cambios pendientes...[0m
[1;33m📝 Cambios detectados. Creando commit automático...[0m
[main 8095d34] Auto-commit: Actualización automática del portfolio
 Committer: Ana Manzanares <anamanzanares@MacBook-Pro-de-Ana.local>
Your name and email address were configured automatically based
on your username and hostname. Please check that they are accurate.
You can suppress this message by setting them explicitly:

    git config --global user.name "Your Name"
    git config --global user.email you@example.com

After doing this, you may fix the identity used for this commit with:

    git commit --amend --reset-author

 1 file changed, 17 insertions(+)
[0;32m✅ Commit automático creado exitosamente[0m
To https://github.com/anamanz7/anamanzanares.github.io.git
   047c438..428484e  main -> main
[2026-03-17 23:42:13] ✅ Push realizado exitosamente a GitHub
[2026-03-17 23:42:13] === Verificación completada ===
[2026-03-17 23:52:13] === Iniciando verificación automática ===
[2026-03-17 23:52:13] Cambios detectados, creando commit...
[main d41af22] Auto-commit: 1 modificado(s)
 Committer: Ana Manzanares <anamanzanares@MacBook-Pro-de-Ana.local>
Your name and email address were configured automatically based
on your username and hostname. Please check that they are accurate.
You can suppress this message by setting them explicitly:

    git config --global user.name "Your Name"
    git config --global user.email you@example.com

After doing this, you may fix the identity used for this commit with:

    git commit --amend --reset-author

 2 files changed, 25 insertions(+)
[2026-03-17 23:52:14] ✅ Commit creado exitosamente
[1;33m🔍 Verificando cambios pendientes...[0m
[1;33m📝 Cambios detectados. Creando commit automático...[0m
[main 90dc855] Auto-commit: Actualización automática del portfolio
 Committer: Ana Manzanares <anamanzanares@MacBook-Pro-de-Ana.local>
Your name and email address were configured automatically based
on your username and hostname. Please check that they are accurate.
You can suppress this message by setting them explicitly:

    git config --global user.name "Your Name"
    git config --global user.email you@example.com

After doing this, you may fix the identity used for this commit with:

    git commit --amend --reset-author

 1 file changed, 17 insertions(+)
[0;32m✅ Commit automático creado exitosamente[0m
To https://github.com/anamanz7/anamanzanares.github.io.git
   8095d34..d41af22  main -> main
[2026-03-17 23:52:16] ✅ Push realizado exitosamente a GitHub
[2026-03-17 23:52:16] === Verificación completada ===
[2026-03-18 00:02:16] === Iniciando verificación automática ===
[2026-03-18 00:02:16] Cambios detectados, creando commit...
[main 7624209] Auto-commit: 1 modificado(s)
 Committer: Ana Manzanares <anamanzanares@MacBook-Pro-de-Ana.local>
Your name and email address were configured automatically based
on your username and hostname. Please check that they are accurate.
You can suppress this message by setting them explicitly:

    git config --global user.name "Your Name"
    git config --global user.email you@example.com

After doing this, you may fix the identity used for this commit with:

    git commit --amend --reset-author

 2 files changed, 25 insertions(+)
[2026-03-18 00:02:16] ✅ Commit creado exitosamente
[1;33m🔍 Verificando cambios pendientes...[0m
[1;33m📝 Cambios detectados. Creando commit automático...[0m
[main 70b0325] Auto-commit: Actualización automática del portfolio
 Committer: Ana Manzanares <anamanzanares@MacBook-Pro-de-Ana.local>
Your name and email address were configured automatically based
on your username and hostname. Please check that they are accurate.
You can suppress this message by setting them explicitly:

    git config --global user.name "Your Name"
    git config --global user.email you@example.com

After doing this, you may fix the identity used for this commit with:

    git commit --amend --reset-author

 1 file changed, 17 insertions(+)
[0;32m✅ Commit automático creado exitosamente[0m
To https://github.com/anamanz7/anamanzanares.github.io.git
   90dc855..7624209  main -> main
[2026-03-18 00:02:18] ✅ Push realizado exitosamente a GitHub
[2026-03-18 00:02:18] === Verificación completada ===
[2026-03-19 20:58:24] === Iniciando verificación automática ===
[2026-03-19 20:58:26] Cambios detectados, creando commit...
[main fe9d1e4] Auto-commit: 1 modificado(s)
 Committer: Ana Manzanares <anamanzanares@MacBook-Pro-de-Ana.local>
Your name and email address were configured automatically based
on your username and hostname. Please check that they are accurate.
You can suppress this message by setting them explicitly:

    git config --global user.name "Your Name"
    git config --global user.email you@example.com

After doing this, you may fix the identity used for this commit with:

    git commit --amend --reset-author

 2 files changed, 25 insertions(+)
[2026-03-19 20:58:27] ✅ Commit creado exitosamente
[1;33m🔍 Verificando cambios pendientes...[0m
[1;33m📝 Cambios detectados. Creando commit automático...[0m
[main 83a7bc5] Auto-commit: Actualización automática del portfolio
 Committer: Ana Manzanares <anamanzanares@MacBook-Pro-de-Ana.local>
Your name and email address were configured automatically based
on your username and hostname. Please check that they are accurate.
You can suppress this message by setting them explicitly:

    git config --global user.name "Your Name"
    git config --global user.email you@example.com

After doing this, you may fix the identity used for this commit with:

    git commit --amend --reset-author

 1 file changed, 17 insertions(+)
[0;32m✅ Commit automático creado exitosamente[0m
To https://github.com/anamanz7/anamanzanares.github.io.git
   70b0325..fe9d1e4  main -> main
[2026-03-19 20:58:33] ✅ Push realizado exitosamente a GitHub
[2026-03-19 20:58:33] === Verificación completada ===
[2026-03-19 21:08:33] === Iniciando verificación automática ===
[2026-03-19 21:08:33] Cambios detectados, creando commit...
[main 440e982] Auto-commit: 1 modificado(s)
 Committer: Ana Manzanares <anamanzanares@MacBook-Pro-de-Ana.local>
Your name and email address were configured automatically based
on your username and hostname. Please check that they are accurate.
You can suppress this message by setting them explicitly:

    git config --global user.name "Your Name"
    git config --global user.email you@example.com

After doing this, you may fix the identity used for this commit with:

    git commit --amend --reset-author

 2 files changed, 25 insertions(+)
[2026-03-19 21:08:33] ✅ Commit creado exitosamente
[1;33m🔍 Verificando cambios pendientes...[0m
[1;33m📝 Cambios detectados. Creando commit automático...[0m
[main dcf3584] Auto-commit: Actualización automática del portfolio
 Committer: Ana Manzanares <anamanzanares@MacBook-Pro-de-Ana.local>
Your name and email address were configured automatically based
on your username and hostname. Please check that they are accurate.
You can suppress this message by setting them explicitly:

    git config --global user.name "Your Name"
    git config --global user.email you@example.com

After doing this, you may fix the identity used for this commit with:

    git commit --amend --reset-author

 1 file changed, 17 insertions(+)
[0;32m✅ Commit automático creado exitosamente[0m
To https://github.com/anamanz7/anamanzanares.github.io.git
   83a7bc5..440e982  main -> main
[2026-03-19 21:08:35] ✅ Push realizado exitosamente a GitHub
[2026-03-19 21:08:35] === Verificación completada ===
[2026-03-19 21:18:35] === Iniciando verificación automática ===
[2026-03-19 21:18:35] Cambios detectados, creando commit...
[main 546b398] Auto-commit: 1 modificado(s)
 Committer: Ana Manzanares <anamanzanares@MacBook-Pro-de-Ana.local>
Your name and email address were configured automatically based
on your username and hostname. Please check that they are accurate.
You can suppress this message by setting them explicitly:

    git config --global user.name "Your Name"
    git config --global user.email you@example.com

After doing this, you may fix the identity used for this commit with:

    git commit --amend --reset-author

 2 files changed, 25 insertions(+)
[2026-03-19 21:18:35] ✅ Commit creado exitosamente
[1;33m🔍 Verificando cambios pendientes...[0m
[1;33m📝 Cambios detectados. Creando commit automático...[0m
[main 0aa94b8] Auto-commit: Actualización automática del portfolio
 Committer: Ana Manzanares <anamanzanares@MacBook-Pro-de-Ana.local>
Your name and email address were configured automatically based
on your username and hostname. Please check that they are accurate.
You can suppress this message by setting them explicitly:

    git config --global user.name "Your Name"
    git config --global user.email you@example.com

After doing this, you may fix the identity used for this commit with:

    git commit --amend --reset-author

 1 file changed, 17 insertions(+)
[0;32m✅ Commit automático creado exitosamente[0m
To https://github.com/anamanz7/anamanzanares.github.io.git
   dcf3584..546b398  main -> main
[2026-03-19 21:18:37] ✅ Push realizado exitosamente a GitHub
[2026-03-19 21:18:37] === Verificación completada ===
[2026-03-19 21:28:37] === Iniciando verificación automática ===
[2026-03-19 21:28:37] Cambios detectados, creando commit...
[main 8ee0fa3] Auto-commit: 1 modificado(s)
 Committer: Ana Manzanares <anamanzanares@MacBook-Pro-de-Ana.local>
Your name and email address were configured automatically based
on your username and hostname. Please check that they are accurate.
You can suppress this message by setting them explicitly:

    git config --global user.name "Your Name"
    git config --global user.email you@example.com

After doing this, you may fix the identity used for this commit with:

    git commit --amend --reset-author

 2 files changed, 25 insertions(+)
[2026-03-19 21:28:37] ✅ Commit creado exitosamente
[1;33m🔍 Verificando cambios pendientes...[0m
[1;33m📝 Cambios detectados. Creando commit automático...[0m
[main d8d4b07] Auto-commit: Actualización automática del portfolio
 Committer: Ana Manzanares <anamanzanares@MacBook-Pro-de-Ana.local>
Your name and email address were configured automatically based
on your username and hostname. Please check that they are accurate.
You can suppress this message by setting them explicitly:

    git config --global user.name "Your Name"
    git config --global user.email you@example.com

After doing this, you may fix the identity used for this commit with:

    git commit --amend --reset-author

 1 file changed, 17 insertions(+)
[0;32m✅ Commit automático creado exitosamente[0m
To https://github.com/anamanz7/anamanzanares.github.io.git
   0aa94b8..8ee0fa3  main -> main
[2026-03-19 21:28:39] ✅ Push realizado exitosamente a GitHub
[2026-03-19 21:28:39] === Verificación completada ===
[2026-03-19 21:38:39] === Iniciando verificación automática ===
[2026-03-19 21:38:39] Cambios detectados, creando commit...
[main bbbd772] Auto-commit: 1 modificado(s)
 Committer: Ana Manzanares <anamanzanares@MacBook-Pro-de-Ana.local>
Your name and email address were configured automatically based
on your username and hostname. Please check that they are accurate.
You can suppress this message by setting them explicitly:

    git config --global user.name "Your Name"
    git config --global user.email you@example.com

After doing this, you may fix the identity used for this commit with:

    git commit --amend --reset-author

 2 files changed, 25 insertions(+)
[2026-03-19 21:38:39] ✅ Commit creado exitosamente
[1;33m🔍 Verificando cambios pendientes...[0m
[1;33m📝 Cambios detectados. Creando commit automático...[0m
[main 4b499f7] Auto-commit: Actualización automática del portfolio
 Committer: Ana Manzanares <anamanzanares@MacBook-Pro-de-Ana.local>
Your name and email address were configured automatically based
on your username and hostname. Please check that they are accurate.
You can suppress this message by setting them explicitly:

    git config --global user.name "Your Name"
    git config --global user.email you@example.com

After doing this, you may fix the identity used for this commit with:

    git commit --amend --reset-author

 1 file changed, 17 insertions(+)
[0;32m✅ Commit automático creado exitosamente[0m
To https://github.com/anamanz7/anamanzanares.github.io.git
   d8d4b07..bbbd772  main -> main
[2026-03-19 21:38:40] ✅ Push realizado exitosamente a GitHub
[2026-03-19 21:38:40] === Verificación completada ===
[2026-03-19 21:48:40] === Iniciando verificación automática ===
[2026-03-19 21:48:40] Cambios detectados, creando commit...
[main aa2ac7d] Auto-commit: 1 modificado(s)
 Committer: Ana Manzanares <anamanzanares@MacBook-Pro-de-Ana.local>
Your name and email address were configured automatically based
on your username and hostname. Please check that they are accurate.
You can suppress this message by setting them explicitly:

    git config --global user.name "Your Name"
    git config --global user.email you@example.com

After doing this, you may fix the identity used for this commit with:

    git commit --amend --reset-author

 2 files changed, 25 insertions(+)
[2026-03-19 21:48:41] ✅ Commit creado exitosamente
[1;33m🔍 Verificando cambios pendientes...[0m
[1;33m📝 Cambios detectados. Creando commit automático...[0m
[main 6ca76e6] Auto-commit: Actualización automática del portfolio
 Committer: Ana Manzanares <anamanzanares@MacBook-Pro-de-Ana.local>
Your name and email address were configured automatically based
on your username and hostname. Please check that they are accurate.
You can suppress this message by setting them explicitly:

    git config --global user.name "Your Name"
    git config --global user.email you@example.com

After doing this, you may fix the identity used for this commit with:

    git commit --amend --reset-author

 1 file changed, 17 insertions(+)
[0;32m✅ Commit automático creado exitosamente[0m
To https://github.com/anamanz7/anamanzanares.github.io.git
   4b499f7..aa2ac7d  main -> main
[2026-03-19 21:48:42] ✅ Push realizado exitosamente a GitHub
[2026-03-19 21:48:42] === Verificación completada ===
[2026-03-19 21:58:42] === Iniciando verificación automática ===
[2026-03-19 21:58:42] Cambios detectados, creando commit...
[main 120d3b3] Auto-commit: 1 modificado(s)
 Committer: Ana Manzanares <anamanzanares@MacBook-Pro-de-Ana.local>
Your name and email address were configured automatically based
on your username and hostname. Please check that they are accurate.
You can suppress this message by setting them explicitly:

    git config --global user.name "Your Name"
    git config --global user.email you@example.com

After doing this, you may fix the identity used for this commit with:

    git commit --amend --reset-author

 2 files changed, 25 insertions(+)
[2026-03-19 21:58:42] ✅ Commit creado exitosamente
[1;33m🔍 Verificando cambios pendientes...[0m
[1;33m📝 Cambios detectados. Creando commit automático...[0m
[main c7ce749] Auto-commit: Actualización automática del portfolio
 Committer: Ana Manzanares <anamanzanares@MacBook-Pro-de-Ana.local>
Your name and email address were configured automatically based
on your username and hostname. Please check that they are accurate.
You can suppress this message by setting them explicitly:

    git config --global user.name "Your Name"
    git config --global user.email you@example.com

After doing this, you may fix the identity used for this commit with:

    git commit --amend --reset-author

 1 file changed, 17 insertions(+)
[0;32m✅ Commit automático creado exitosamente[0m
To https://github.com/anamanz7/anamanzanares.github.io.git
   6ca76e6..120d3b3  main -> main
[2026-03-19 21:58:44] ✅ Push realizado exitosamente a GitHub
[2026-03-19 21:58:44] === Verificación completada ===
[2026-03-19 22:08:44] === Iniciando verificación automática ===
[2026-03-19 22:08:44] Cambios detectados, creando commit...
[main 8ebca3d] Auto-commit: 1 modificado(s)
 Committer: Ana Manzanares <anamanzanares@MacBook-Pro-de-Ana.local>
Your name and email address were configured automatically based
on your username and hostname. Please check that they are accurate.
You can suppress this message by setting them explicitly:

    git config --global user.name "Your Name"
    git config --global user.email you@example.com

After doing this, you may fix the identity used for this commit with:

    git commit --amend --reset-author

 2 files changed, 25 insertions(+)
[2026-03-19 22:08:44] ✅ Commit creado exitosamente
[1;33m🔍 Verificando cambios pendientes...[0m
[1;33m📝 Cambios detectados. Creando commit automático...[0m
[main 2986254] Auto-commit: Actualización automática del portfolio
 Committer: Ana Manzanares <anamanzanares@MacBook-Pro-de-Ana.local>
Your name and email address were configured automatically based
on your username and hostname. Please check that they are accurate.
You can suppress this message by setting them explicitly:

    git config --global user.name "Your Name"
    git config --global user.email you@example.com

After doing this, you may fix the identity used for this commit with:

    git commit --amend --reset-author

 1 file changed, 17 insertions(+)
[0;32m✅ Commit automático creado exitosamente[0m
To https://github.com/anamanz7/anamanzanares.github.io.git
   c7ce749..8ebca3d  main -> main
[2026-03-19 22:08:46] ✅ Push realizado exitosamente a GitHub
[2026-03-19 22:08:46] === Verificación completada ===
[2026-03-19 22:18:46] === Iniciando verificación automática ===
[2026-03-19 22:18:46] Cambios detectados, creando commit...
[main bbcbd38] Auto-commit: 1 modificado(s)
 Committer: Ana Manzanares <anamanzanares@MacBook-Pro-de-Ana.local>
Your name and email address were configured automatically based
on your username and hostname. Please check that they are accurate.
You can suppress this message by setting them explicitly:

    git config --global user.name "Your Name"
    git config --global user.email you@example.com

After doing this, you may fix the identity used for this commit with:

    git commit --amend --reset-author

 2 files changed, 25 insertions(+)
[2026-03-19 22:18:46] ✅ Commit creado exitosamente
[1;33m🔍 Verificando cambios pendientes...[0m
[1;33m📝 Cambios detectados. Creando commit automático...[0m
[main a3c8d1a] Auto-commit: Actualización automática del portfolio
 Committer: Ana Manzanares <anamanzanares@MacBook-Pro-de-Ana.local>
Your name and email address were configured automatically based
on your username and hostname. Please check that they are accurate.
You can suppress this message by setting them explicitly:

    git config --global user.name "Your Name"
    git config --global user.email you@example.com

After doing this, you may fix the identity used for this commit with:

    git commit --amend --reset-author

 1 file changed, 17 insertions(+)
[0;32m✅ Commit automático creado exitosamente[0m
To https://github.com/anamanz7/anamanzanares.github.io.git
   2986254..bbcbd38  main -> main
[2026-03-19 22:18:47] ✅ Push realizado exitosamente a GitHub
[2026-03-19 22:18:47] === Verificación completada ===
[2026-03-19 22:28:47] === Iniciando verificación automática ===
[2026-03-19 22:28:47] Cambios detectados, creando commit...
[main 71bcaa1] Auto-commit: 1 modificado(s)
 Committer: Ana Manzanares <anamanzanares@MacBook-Pro-de-Ana.local>
Your name and email address were configured automatically based
on your username and hostname. Please check that they are accurate.
You can suppress this message by setting them explicitly:

    git config --global user.name "Your Name"
    git config --global user.email you@example.com

After doing this, you may fix the identity used for this commit with:

    git commit --amend --reset-author

 2 files changed, 25 insertions(+)
[2026-03-19 22:28:48] ✅ Commit creado exitosamente
[1;33m🔍 Verificando cambios pendientes...[0m
[1;33m📝 Cambios detectados. Creando commit automático...[0m
